Date Created,Parent Item,Name,Model,EOL,Category,Year Release,Summary,Description,Summary,Brand
9/8/2026 11:56 am,M CRAFT X S3 PUT,Mizuno M.Craft X S3 Putter,M.Craft X S3,No,Putter,2026,,,"<p><strong>Who’s It For?</strong></p> <p><span style=""font-weight: 400;"">Designed for golfers who appreciate the classic look and feel of a premium putter but want the flexibility to fine-tune performance, the Mizuno M.Craft X S3 Putter blends traditional craftsmanship with modern adjustability. Its precision-forged construction delivers exceptional feel and feedback, while the fully adjustable design allows players to customize the putter to match their stroke and preferences. Ideal for golfers seeking a balance of refined aesthetics, personalization, and performance on the greens, it offers both confidence at address and consistency in putting results.</span></p> <p><strong>The Tech Story</strong></p> <p><span style=""font-weight: 400;"">The Mizuno M.Craft X S3 Putter is engineered to combine the precision feel of a traditional blade with the forgiveness and stability of a modern mallet. Its dynamically shallow center of gravity creates the controlled, responsive swing sensation preferred by skilled players, while the larger head profile and adjustable weighting system increase MOI and deliver exceptional stability on off-center strikes. At its core is a forged 1025 carbon steel body that provides the soft, responsive feel Mizuno is known for, paired with a CNC-milled face tha(more...)",Mizuno
9/8/2026 11:55 am,M CRAFT X P3 PUT,Mizuno M.Craft X P3 Putter,M.Craft X P3,No,Putter,2026,,,"<p><strong>Who’s It For?</strong></p> <p><span style=""font-weight: 400;"">Designed for golfers who appreciate the classic look and feel of a premium putter but want the flexibility to fine-tune performance, the Mizuno M.Craft X P3 Putter blends traditional craftsmanship with modern adjustability. Its precision-forged construction delivers exceptional feel and feedback, while the fully adjustable design allows players to customize the putter to match their stroke and preferences. Ideal for golfers seeking a balance of refined aesthetics, personalization, and performance on the greens, it offers both confidence at address and consistency in putting results.</span></p> <p><strong>The Tech Story</strong></p> <p><span style=""font-weight: 400;"">The Mizuno M.Craft X P3 Putter is engineered to combine the precision feel of a traditional blade with the forgiveness and stability of a modern mallet. Its dynamically shallow center of gravity creates the controlled, responsive swing sensation preferred by skilled players, while the larger head profile and adjustable weighting system increase MOI and deliver exceptional stability on off-center strikes. At its core is a forged 1025 carbon steel body that provides the soft, responsive feel Mizuno is known for, paired with a CNC-milled face tha(more...)",Mizuno
9/8/2026 11:54 am,M CRAFT X S2 PUT,Mizuno M.Craft X S2 Putter,M.Craft X S2,No,Putter,2026,,,"<p><strong>Who’s It For?</strong></p> <p><span style=""font-weight: 400;"">Designed for golfers who appreciate the classic look and feel of a premium putter but want the flexibility to fine-tune performance, the Mizuno M.Craft X S2 Putter blends traditional craftsmanship with modern adjustability. Its precision-forged construction delivers exceptional feel and feedback, while the fully adjustable design allows players to customize the putter to match their stroke and preferences. Ideal for golfers seeking a balance of refined aesthetics, personalization, and performance on the greens, it offers both confidence at address and consistency in putting results.</span></p> <p><strong>The Tech Story</strong></p> <p><span style=""font-weight: 400;"">The Mizuno M.Craft X S2 Putter is engineered to combine the precision feel of a traditional blade with the forgiveness and stability of a modern mallet. Its dynamically shallow center of gravity creates the controlled, responsive swing sensation preferred by skilled players, while the larger head profile and adjustable weighting system increase MOI and deliver exceptional stability on off-center strikes. At its core is a forged 1025 carbon steel body that provides the soft, responsive feel Mizuno is known for, paired with a CNC-milled face tha(more...)",Mizuno
9/8/2026 11:53 am,M CRAFT X P2 PUT,Mizuno M.Craft X P2 Putter,M.Craft X P2,No,Putter,2026,,,"<p><strong>Who’s It For?</strong></p> <p><span style=""font-weight: 400;"">Designed for golfers who appreciate the classic look and feel of a premium putter but want the flexibility to fine-tune performance, the Mizuno M.Craft X P2 Putter blends traditional craftsmanship with modern adjustability. Its precision-forged construction delivers exceptional feel and feedback, while the fully adjustable design allows players to customize the putter to match their stroke and preferences. Ideal for golfers seeking a balance of refined aesthetics, personalization, and performance on the greens, it offers both confidence at address and consistency in putting results.</span></p> <p><strong>The Tech Story</strong></p> <p><span style=""font-weight: 400;"">The Mizuno M.Craft X P2 Putter is engineered to combine the precision feel of a traditional blade with the forgiveness and stability of a modern mallet. Its dynamically shallow center of gravity creates the controlled, responsive swing sensation preferred by skilled players, while the larger head profile and adjustable weighting system increase MOI and deliver exceptional stability on off-center strikes. At its core is a forged 1025 carbon steel body that provides the soft, responsive feel Mizuno is known for, paired with a CNC-milled face tha(more...)",Mizuno
9/8/2026 11:51 am,M CRAFT X B2 PUT,Mizuno M.Craft X B2 Putter,M.Craft X B2,No,Putter,2026,,,"<p><strong>Who’s It For?</strong></p> <p><span style=""font-weight: 400;"">Designed for golfers who appreciate the classic look and feel of a premium putter but want the flexibility to fine-tune performance, the Mizuno M.Craft X B2 Putter blends traditional craftsmanship with modern adjustability. Its precision-forged construction delivers exceptional feel and feedback, while the fully adjustable design allows players to customize the putter to match their stroke and preferences. Ideal for golfers seeking a balance of refined aesthetics, personalization, and performance on the greens, it offers both confidence at address and consistency in putting results.</span></p> <p><strong>The Tech Story</strong></p> <p><span style=""font-weight: 400;"">The Mizuno M.Craft X B2 Putter is engineered to combine the precision feel of a traditional blade with the forgiveness and stability of a modern mallet. Its dynamically shallow center of gravity creates the controlled, responsive swing sensation preferred by skilled players, while the larger head profile and adjustable weighting system increase MOI and deliver exceptional stability on off-center strikes. At its core is a forged 1025 carbon steel body that provides the soft, responsive feel Mizuno is known for, paired with a CNC-milled face tha(more...)",Mizuno
9/8/2026 11:47 am,M CRAFT X Z6 PUT,Mizuno M.Craft X Z6 Putter,M.Craft X Z6,No,Putter,2026,,,"<p><strong>Who’s It For?</strong></p> <p><span style=""font-weight: 400;"">Designed for golfers who want the stability benefits of a Zero Torque design along with extensive fitting and customization options, the Mizuno M.Craft X Z6 Putter is ideal for players seeking a more repeatable and confidence-inspiring putting stroke. Its blend of precision-forged craftsmanship and modern performance technology appeals to golfers who value premium feel while fine-tuning their equipment to match their stroke characteristics. With fully adjustable features and an advanced M.Craft X platform that supports interchangeable components, it is well suited for players looking to optimize alignment, feel, and overall performance on the greens.</span></p> <p><strong>The Tech Story</strong></p> <p><span style=""font-weight: 400;"">The Mizuno M.Craft X Z6 Putter represents the next evolution of Mizuno’s highly customizable M.Craft X platform, introducing an innovative Zero Torque Z-Neck design that positions the shaft axis directly through the putter’s center of gravity in three-dimensional space. This advanced configuration minimizes the head’s tendency to rotate during the stroke, promoting greater face stability, improved path control, and more consistent putting performance. Built around a fully adj(more...)",Mizuno
9/8/2026 11:46 am,M CRAFT X Z5 PUT,Mizuno M.Craft X Z5 Putter,M.Craft X Z5,No,Putter,2026,,,"<p><strong>Who’s It For?</strong></p> <p><span style=""font-weight: 400;"">Designed for golfers who want the stability benefits of a Zero Torque design along with extensive fitting and customization options, the Mizuno M.Craft X Z5 Putter is ideal for players seeking a more repeatable and confidence-inspiring putting stroke. Its blend of precision-forged craftsmanship and modern performance technology appeals to golfers who value premium feel while fine-tuning their equipment to match their stroke characteristics. With fully adjustable features and an advanced M.Craft X platform that supports interchangeable components, it is well suited for players looking to optimize alignment, feel, and overall performance on the greens.</span></p> <p><strong>The Tech Story</strong></p> <p><span style=""font-weight: 400;"">The Mizuno M.Craft X Z5 Putter represents the next evolution of Mizuno’s highly customizable M.Craft X platform, introducing an innovative Zero Torque Z-Neck design that positions the shaft axis directly through the putter’s center of gravity in three-dimensional space. This advanced configuration minimizes the head’s tendency to rotate during the stroke, promoting greater face stability, improved path control, and more consistent putting performance. Built around a fully adj(more...)",Mizuno
9/8/2026 11:45 am,M CRAFT X Z4 PUT,Mizuno M.Craft X Z4 Putter,M.Craft X Z4,No,Putter,2026,,,"<p><strong>Who’s It For?</strong></p> <p><span style=""font-weight: 400;"">Designed for golfers who want the stability benefits of a Zero Torque design along with extensive fitting and customization options, the Mizuno M.Craft X Z4 Putter is ideal for players seeking a more repeatable and confidence-inspiring putting stroke. Its blend of precision-forged craftsmanship and modern performance technology appeals to golfers who value premium feel while fine-tuning their equipment to match their stroke characteristics. With fully adjustable features and an advanced M.Craft X platform that supports interchangeable components, it is well suited for players looking to optimize alignment, feel, and overall performance on the greens.</span></p> <p><strong>The Tech Story</strong></p> <p><span style=""font-weight: 400;"">The Mizuno M.Craft X Z4 Putter represents the next evolution of Mizuno’s highly customizable M.Craft X platform, introducing an innovative Zero Torque Z-Neck design that positions the shaft axis directly through the putter’s center of gravity in three-dimensional space. This advanced configuration minimizes the head’s tendency to rotate during the stroke, promoting greater face stability, improved path control, and more consistent putting performance. Built around a fully adj(more...)",Mizuno
9/3/2026 11:00 am,M CRAFT X Z3 PUT,Mizuno M.Craft X Z3 Putter,M.Craft X Z3,No,Putter,2026,,,"<p><strong>Who’s It For?</strong></p> <p><span style=""font-weight: 400;"">Designed for golfers who want maximum stability and forgiveness without giving up a clean, premium appearance, the Mizuno M.Craft X Z3 Putter is well suited for players seeking greater consistency on the greens. The rounded Dome Mallet shape inspires confidence at address while enhancing alignment and stability throughout the stroke. Its Zero Torque design helps keep the face square through impact, reducing unwanted rotation for improved accuracy and repeatability. Combined with Mizuno’s renowned forged craftsmanship and extensive adjustability, it appeals to golfers looking for a highly customizable putter that blends modern performance technology with exceptional feel and refined aesthetics.</span></p> <p><strong>The Tech Story</strong></p> <p><span style=""font-weight: 400;"">The Mizuno M.Craft X Z3 Putter represents the next evolution of Mizuno’s highly customizable M.Craft X platform, introducing an innovative Zero Torque Z-Neck design that positions the shaft axis directly through the putter’s center of gravity in three-dimensional space. This advanced configuration minimizes the head’s tendency to rotate during the stroke, promoting greater face stability, improved path control, and more consistent p(more...)",Mizuno
9/3/2026 10:55 am,M CRAFT X Z2 PUT,Mizuno M.Craft X Z2 Putter,M.Craft X Z2,No,Putter,2026,,,"<p><strong>Who’s It For?</strong></p> <p><span style=""font-weight: 400;"">Designed for golfers who prefer the clean, confidence-inspiring look of a blade but want the added stability of modern putter technology, the Mizuno M.Craft X Z2 Putter is ideal for players seeking greater consistency throughout their stroke. The Triple Wide profile provides a reassuring appearance at address, while Zero Torque design characteristics help keep the face square and stable through impact for improved accuracy. Combined with premium forged craftsmanship, advanced performance features, and full adjustability, it appeals to golfers who value both traditional feel and the ability to fine-tune their putter for optimal performance on the greens.</span></p> <p><strong>The Tech Story</strong></p> <p><span style=""font-weight: 400;"">The Mizuno M.Craft X Z2 Putter represents the next evolution of Mizuno’s highly customizable M.Craft X platform, introducing an innovative Zero Torque Z-Neck design that positions the shaft axis directly through the putter’s center of gravity in three-dimensional space. This advanced configuration minimizes the head’s tendency to rotate during the stroke, promoting greater face stability, improved path control, and more consistent putting performance. Built around a fully (more...)",Mizuno
9/1/2026 11:10 am,DIAMANA WB HST,Mitsubishi Golf Diamana WB Hybrid Shaft,Diamana WB,No,Hybrid Shaft,2026,,,"<p><strong>Who’s It For?</strong></p> <p><span style=""font-weight: 400;"">Designed for golfers who demand maximum stability and control from their hybrid shafts, the Mitsubishi Golf Diamana WB Hybrid Shaft is ideal for stronger players and confident ball strikers seeking consistent performance and tighter shot dispersion. Drawing from the tour-proven Diamana driver shaft lineage, it caters to golfers who prefer a low-torque, highly stable profile that delivers predictable ball flight, enhanced accuracy, and greater confidence through impact on both long approach shots and tee shots with a hybrid.</span></p> <p><strong>The Tech Story</strong></p> <p><span style=""font-weight: 400;"">The Mitsubishi Golf Diamana™ WB Hybrid Shaft applies the proven design philosophy of the legendary Diamana driver shaft family to hybrid performance, utilizing high-modulus carbon fibers and a tour-inspired profile to deliver exceptional stability, consistency, and confidence through impact. Advanced manufacturing techniques create a carbon-rich structure that enhances overall strength, responsiveness, and long-term durability while maintaining the smooth, refined feel that has defined the Diamana brand for years. The shaft is engineered to provide a predictable, controlled response that helps golfers (more...)",Mitsubishi Golf
9/1/2026 11:07 am,DIAMANA BB HST,Mitsubishi Golf Diamana BB Hybrid Shaft,Diamana BB,No,Hybrid Shaft,2026,,,"<p><strong>Who’s It For?</strong></p> <p><span style=""font-weight: 400;"">Designed for golfers who want a hybrid shaft that balances smooth feel with dependable stability, the Mitsubishi Golf Diamana BB Hybrid Shaft is ideal for players seeking consistent feedback and control without sacrificing responsiveness. Inspired by the tour-proven Diamana driver shaft family, it caters to golfers who value a refined, confidence-inspiring profile that delivers reliable performance through impact, making it a strong fit for players looking to improve consistency and precision with their hybrid clubs.</span></p> <p><strong>The Tech Story</strong></p> <p><span style=""font-weight: 400;"">The Mitsubishi Golf Diamana™ BB Hybrid Shaft is engineered to bring the smooth feel and dependable performance characteristics of the tour-validated Diamana driver shaft family into a hybrid-specific design. Built with high-modulus carbon fibers and advanced construction techniques, the shaft delivers a stable yet responsive profile that promotes consistent feedback, enhanced control, and greater confidence through impact. A carefully engineered taper profile optimizes energy transfer throughout the swing, helping golfers achieve a smooth loading and unloading sensation while maintaining durability and stabil(more...)",Mitsubishi Golf
9/1/2026 11:00 am,DIAMANA RB HST,Mitsubishi Golf Diamana RB Hybrid Shaft,Diamana RB,No,Hybrid Shaft,2026,,,"<p><strong>Who’s It For?</strong></p> <p><span style=""font-weight: 400;"">Designed for golfers who prefer a more responsive feel in their hybrid shafts while still demanding stability and control, the Mitsubishi Golf Diamana RB Hybrid Shaft is an excellent fit for players seeking a balanced blend of feedback, consistency, and playability. Drawing on technology from the renowned Diamana driver shaft family, it caters to golfers who want a shaft that loads and unloads smoothly throughout the swing, providing reliable performance, enhanced confidence through impact, and dependable results from a variety of lies and shot situations.</span></p> <p><strong>The Tech Story</strong></p> <p><span style=""font-weight: 400;"">The Mitsubishi Golf Diamana™ RB Hybrid Shaft is designed to deliver a responsive, confidence-inspiring feel while maintaining the stability and control golfers expect from the renowned Diamana family. Leveraging technology from the tour-proven Diamana driver shaft lineup, the RB Hybrid utilizes high-modulus carbon fibers and a distinct taper design to provide consistent feedback and smooth energy transfer throughout the swing. A responsive tip section enhances feel and player awareness during the swing, while a reinforced butt section increases stability through impact (more...)",Mitsubishi Golf
9/1/2026 10:52 am,TENSEI 1K PRO ORANGE RIP DST,Mitsubishi Golf Tensei 1K Pro Orange RIP+ Driver Shaft,Tensei 1K Pro Orange RIP+,No,Driver Shaft,2026,,,"<p><strong>Who’s It For?</strong></p> <p><span style=""font-weight: 400;"">Designed for golfers seeking maximum ball speed from longer club builds or heavier driver head configurations without giving up feel or control, the Mitsubishi Golf Tensei 1K Pro Orange RIP+ Driver Shaft is an excellent fit for players with a moderate swing tempo who prefer a smooth, responsive profile. Its counterbalanced design helps promote greater clubhead speed, improved clubface control at impact, and a more neutral start line, making it ideal for golfers who want to optimize distance while maintaining stability, consistency, and confidence throughout the swing.</span></p> <p><strong>The Tech Story</strong></p> <p><span style=""font-weight: 400;"">The Mitsubishi Golf TENSEI™ 1K Pro Orange RIP+ Driver Shaft represents the next evolution of the brand’s renowned counterbalanced Orange profile, combining advanced materials and innovative construction to deliver increased clubhead speed, exceptional stability, and a remarkably smooth feel. Through sophisticated mandrel design and layup optimization, Mitsubishi engineers created an extreme counterbalance design by strategically concentrating material in the butt section without relying on tungsten powder, resulting in a more efficient weight distribution an(more...)",Mitsubishi Golf
8/31/2026 9:33 am,EXOTICS MILLED WGS,Tour Edge Exotics Milled Wedge,Exotics Milled,No,Wedge,2026,,,"<p><strong>Who’s It For?</strong></p> <p><span style=""font-weight: 400;"">Designed for golfers who want to sharpen their short game performance and gain greater confidence around the greens, the Tour Edge Exotics Milled Wedge is ideal for players focused on precision, versatility, and control. Engineered to optimize contact, trajectory, and spin, it caters to golfers who demand consistent results on everything from full approach shots to delicate finesse shots, helping them execute a wider variety of scoring shots with confidence and accuracy.</span></p> <p><strong>The Tech Story</strong></p> <p><span style=""font-weight: 400;"">The Tour Edge Exotics Milled Wedge is engineered to deliver exceptional short game precision through a combination of advanced sole geometry, spin-enhancing face technology, and premium materials. At its core is a versatile Tri-Grind sole featuring a carefully designed leading edge that resists digging for cleaner turf interaction, a flatter center sole with reduced camber for crisp and consistent contact, and trailing-edge relief that allows the face to open easily for enhanced shot-making versatility around the greens. Precision CNC-milled Superspin™ grooves utilize steeper groove walls, advanced face texturing, and tighter edge tolerances to maximize f(more...)",Tour Edge
8/25/2026 8:38 am,PRO S4 STS,Mizuno Pro S-4 Iron Set,Pro S-4,No,Iron Set,2026,,,"<p><strong>Who’s It For?</strong></p> <p><span style=""font-weight: 400;"">Designed for accomplished golfers who value the soft, responsive feel of a forged iron but want added forgiveness and confidence throughout the set, the Mizuno Pro S-4 Irons blend traditional shot-making precision with modern playability. The progressive offset, wider sole, deeper center of gravity, and lower-positioned mass help promote higher launch, greater stability, and increased forgiveness, making it easier to maintain consistent performance across the bag. Golfers who appreciate the feedback, workability, and craftsmanship of Mizuno’s Grain Flow Forged HD process will find it especially appealing, offering a balance of control and forgiveness without sacrificing the premium forged feel Mizuno is known for.</span></p> <p><strong>The Tech Story</strong></p> <p><span style=""font-weight: 400;"">The Mizuno Pro S-4 Irons combine the legendary feel of a forged Mizuno iron with modern performance enhancements designed to inspire more confidence throughout the set. At the core of the design is a redesigned curved muscle that strategically positions mass lower in the clubhead to increase forgiveness, promote higher launch, and improve stability while preserving the classic, compact Mizuno Pro profile preferr(more...)",Mizuno
8/21/2026 9:48 am,ZXI RKT HYG,Srixon ZXi RKT Hybrid,ZXi RKT,No,Hybrid,2026,,,"<p><strong>Who’s It For?</strong></p> <p><span style=""font-weight: 400;"">Designed for golfers who want the versatility and control of a compact hybrid without sacrificing speed or forgiveness, the Srixon ZXi RKT Hybrid is ideal for players seeking a reliable long-game option from a variety of lies. Its tour-validated shaping appeals to golfers who prefer a more compact, confidence-inspiring profile, while the advanced adjustability system allows precise tuning of swing weight and distance gapping. With optimized lofts that promote easy launch from the fairway, rough, or even fairway bunkers, it is a strong fit for players looking for consistent performance and shot-making versatility throughout the course.</span></p> <p><strong>The Tech Story</strong></p> <p><span style=""font-weight: 400;"">The Srixon ZXi RKT Hybrid is built around the innovative RKT Face, a technology platform that combines the company’s most advanced ball speed, face flex, and roll characteristics into a single, highly optimized design engineered to produce faster ball speeds and greater accuracy across the hitting area. Its Tour-Driven Shaping was developed through extensive prototype refinement and on-tour testing, resulting in a compact, confidence-inspiring profile that aligns with the visual and performa(more...)",Srixon
8/21/2026 9:46 am,ZXI RKT FWG,Srixon ZXi RKT Fairway Wood,ZXi RKT,No,Fairway Wood,2026,,,"<p><strong>Who’s It For?</strong></p> <p><span style=""font-weight: 400;"">Designed for golfers who want premium ball speed, versatile performance, and extensive fitting options from a fairway wood, the Srixon ZXi RKT Fairway Wood is ideal for players who like to fine-tune launch conditions, trajectory, and distance gaps throughout their bag. Its tour-validated shaping appeals to accomplished players seeking confidence and workability, while the combination of adjustable sole weighting and an adjustable hosel provides a highly customizable fit for golfers who demand precision and adaptability from every fairway wood.</span></p> <p><strong>The Tech Story</strong></p> <p><span style=""font-weight: 400;"">The Srixon ZXi RKT Fairway Wood brings driver-inspired speed technology to the fairway category through its advanced RKT Face, which combines optimized ball speed, face flex, and roll technologies into a unified design engineered to deliver exceptional speed, consistency, and accuracy across the face. Refined through extensive prototyping and Tour validation, the Tour-Driven Shaping incorporates subtle contour and profile enhancements that satisfy the performance and visual preferences of the game's best players. A new level of customization is introduced through Player-Focused Adju(more...)",Srixon
8/21/2026 9:44 am,ZXI RKT MAX DVR,Srixon ZXi RKT MAX Driver,ZXi RKT MAX,No,Driver,2026,,,"<p><strong>Who’s It For?</strong></p> <p><span style=""font-weight: 400;"">Designed for golfers who prioritize maximum forgiveness and stability off the tee, the Srixon ZXi RKT MAX Driver is ideal for players seeking confidence-inspiring performance on both center and off-center strikes. Its ultra-high MOI design helps maintain ball speed and accuracy across the face, while the easy-swinging profile appeals to a broad range of players looking for effortless distance and consistency. The rear-positioned adjustable sole weight allows golfers to fine-tune swing weight preferences while maximizing forgiveness, making it an excellent choice for anyone who values control, confidence, and playability from the tee box.</span></p> <p><strong>The Tech Story</strong></p> <p><span style=""font-weight: 400;"">The Srixon ZXi RKT MAX Driver pairs maximum forgiveness with advanced speed and tuning technologies, led by the innovative RKT Face, which integrates Srixon’s most refined ball speed, face flex, and roll technologies into a single system engineered to deliver exceptional distance and accuracy. Its Tour-Driven Chassis was shaped through extensive prototype development and feedback from professional players, resulting in a confidence-inspiring profile that meets the visual and performance d(more...)",Srixon
8/21/2026 9:32 am,ZXI RKT DVR,Srixon ZXi RKT Driver,ZXi RKT,No,Driver,2026,,,"<p><strong>Who’s It For?</strong></p> <p><span style=""font-weight: 400;"">Designed for a wide range of golfers who want a blend of speed, forgiveness, and consistent distance off the tee, the Srixon ZXi RKT Driver is especially well-suited for players seeking high ball speeds and stability on mishits without sacrificing a penetrating, low-spin ball flight. The high-MOI design inspires confidence and helps maintain performance across the face, while adjustable heel and toe sole weights allow golfers to fine-tune shot shape and trajectory to match their swing preferences and desired ball flight.</span></p> <p><strong>The Tech Story</strong></p> <p><span style=""font-weight: 400;"">The Srixon ZXi RKT Driver is engineered around the groundbreaking RKT Face, which combines the company’s most advanced ball speed, face flex, and roll technologies into a unified design optimized for exceptional speed, consistency, and accuracy across the hitting area. Its Tour-Driven Chassis was refined through extensive prototyping and feedback from professional players, resulting in clubhead shaping enhancements that deliver the confidence-inspiring look and performance characteristics preferred by elite golfers. Complementing these advancements is the all-new ACOUSTICORE chassis, featuring AI-optimize(more...)",Srixon
8/21/2026 9:31 am,ZXI RKT LS DVR,Srixon ZXi RKT LS Driver,ZXi RKT LS,No,Driver,2026,,,"<p><strong>Who’s It For?</strong></p> <p><span style=""font-weight: 400;"">Designed for aggressive golfers who generate high clubhead speed and want to maximize distance with a penetrating ball flight, the Srixon ZXi RKT LS Driver is ideal for players seeking lower spin and greater control off the tee. Its advanced low-spin profile and deeper face design help produce a powerful, piercing trajectory, while the adjustable front and rear sole weights allow golfers to fine-tune spin characteristics to match their swing and preferred ball flight.</span></p> <p><strong>The Tech Story</strong></p> <p><span style=""font-weight: 400;""> The Srixon ZXi RKT LS Driver combines the company’s most advanced speed technologies into its innovative RKT Face, a design that integrates optimized ball speed, face flex, and roll characteristics to create the fastest and most accurate driver face Srixon has produced. Developed through extensive prototyping and Tour player feedback, the Tour-Driven Chassis features refined shaping updates that deliver the preferred look, feel, and performance demanded by elite golfers. Enhancing the overall experience, the newly engineered ACOUSTICORE chassis utilizes AI-optimized internal rib structures to fine-tune impact acoustics, producing a crisp, controlled sound t(more...)",Srixon
8/21/2026 9:13 am,2027 ZXIU UIR,Srixon ZXiU Utility Iron,ZXiU,No,Utility Iron,2026,,,"<p><strong>Who’s It For?</strong></p> <p><span style=""font-weight: 400;"">Designed for golfers who want a reliable alternative to traditional long irons, the Srixon ZXiU Utility Iron is ideal for players seeking higher launch, added forgiveness, and powerful distance without giving up a clean, compact look at address. Its blade-inspired shape with moderate offset appeals to better players and competitive golfers, including tour professionals, who prefer the precision and versatility of an iron while gaining the confidence and consistency needed on long approach shots, tight tee shots, and challenging playing conditions.</span></p> <p><strong>The Tech Story</strong></p> <p><span style=""font-weight: 400;"">The Srixon ZXiU Utility Iron is engineered to deliver the speed, forgiveness, and launch benefits of a modern utility iron while maintaining the clean appearance and premium feel preferred by accomplished players. Its advanced i-FORGED construction utilizes Condensed Forging from the high-toe through the topline to enhance structural strength, durability, and responsiveness, while softened forged faces create an exceptionally smooth feel at impact. Distance and consistency are powered by MainFrame iQ, a sophisticated variable-thickness pattern of grooves, channels, and notches p(more...)",Srixon
8/21/2026 9:09 am,2027 ZXI5 PLUS STS,Srixon ZXi5+ Iron Set,ZXi5+,No,Iron Set,2026,,,"<p><strong>Who’s It For?</strong></p> <p><span style=""font-weight: 400;"">Designed for accomplished golfers who want the look and feel of a player’s iron without sacrificing forgiveness and distance, the Srixon ZXi5+ Irons bridge the gap between precision and playability. Its compact players-style profile inspires confidence at address, while the longer blade lengths, wider soles, and stronger lofts deliver added stability, higher ball speeds, and more distance on mishits. Ideal for low- to mid-handicap players, it offers the shot control and refined appearance better golfers prefer with the extra forgiveness needed for consistent performance throughout the set.</span></p> <p><strong>The Tech Story</strong></p> <p><span style=""font-weight: 400;"">The Srixon ZXi5+ Irons blend explosive distance, premium forged feel, and player-focused shaping into a confidence-inspiring package for golfers seeking added forgiveness without sacrificing workability. At the heart of the design is i-FORGED technology, which uses Condensed Forging extending through the high-toe and topline areas to enhance structural strength, durability, and responsiveness, while specially softened forged faces elevate feel at impact. Powering ball speed is MainFrame iQ, an advanced network of milled grooves, channel(more...)",Srixon
8/21/2026 9:07 am,2027 ZXI5 STS,Srixon ZXi5 Iron Set,ZXi5,No,Iron Set,2026,,,"<p><strong>Who’s It For?</strong></p> <p><span style=""font-weight: 400;"">Designed for golfers who want a balanced combination of distance, forgiveness, and precision, the Srixon ZXi5 Irons are ideal for players seeking added playability without giving up the look and control of a players-style design. The wider sole, moderate blade length, and increased offset compared to a traditional players iron help deliver greater stability, more consistent ball striking, and enhanced forgiveness on off-center hits. It is an excellent fit for low- to mid-handicap golfers who want confidence-inspiring performance, reliable distance, and the ability to shape shots when needed.</span></p> <p><strong>The Tech Story</strong></p> <p><span style=""font-weight: 400;"">The Srixon ZXi5 Irons are engineered to deliver an exceptional blend of forged feel, ball speed, and forgiveness in a refined players-performance design. The foundation of the iron is i-FORGED technology, which utilizes Condensed Forging from the high-toe area through the topline to enhance strength, durability, and responsiveness, while softened forged faces further elevate the premium feel at impact. Driving distance and consistency is MainFrame iQ, a sophisticated variable-thickness pattern of grooves, channels, and notches precisi(more...)",Srixon
8/21/2026 9:05 am,2027 ZXI7 STS,Srixon ZXi7 Iron Set,ZXi7,No,Iron Set,2026,,,"<p><strong>Who’s It For?</strong></p> <p><span style=""font-weight: 400;"">Designed for highly skilled golfers who value shot-making precision and complete control, the Srixon ZXi7 Irons appeal to players who prefer a compact, tour-inspired profile at address. With its refined topline, narrow sole, shorter blade length, and minimal offset, it is best suited for golfers who consistently strike the ball in the center of the face and want maximum workability to shape shots and control trajectory. The soft, professional-level feel and clean aesthetics make it an ideal choice for competitive players and low handicaps seeking confidence, feedback, and precision on every swing.</span></p> <p><strong>The Tech Story</strong></p> <p><span style=""font-weight: 400;"">The Srixon ZXi7 Irons combine tour-level precision with advanced forging innovations to deliver exceptional feel, control, and consistency for accomplished players. At the core of the design is Srixon’s proprietary i-FORGED process, which utilizes Condensed Forging inserts to strengthen the hosel area, allowing the entire iron body to be forged from softer S15C carbon steel for an unmatched combination of feel and shot control. Enhancing performance further, PureFrame iQ features an AI-optimized, forged ridge of S15C steel posit(more...)",Srixon
8/17/2026 9:35 am,FULL TOE SP WGS,Callaway Full Toe SP Wedge,Full Toe SP,No,Wedge,2026,,,"<p><strong>Who’s It For?</strong></p> <p><span style=""font-weight: 400;"">Designed for skilled golfers who like to manipulate the clubface around the greens, the Callaway Full Toe SP Wedge is ideal for players who frequently open the face to hit specialty shots and demand consistent spin from a variety of lies. The full-face Spin Gen 2.0 groove pattern, featuring 44% more groove area than traditional 60° wedges, helps deliver high spin and aggressive stopping power even on off-center strikes. Combined with a refined head shape, optimized center of gravity weighting, and Spin Pocket™ construction, it excels in bunker play and short-game situations where versatility, precision, and control are essential.</span></p> <p><strong>The Tech Story</strong></p> <p><span style=""font-weight: 400;"">The Callaway Full Toe SP Wedge is engineered to maximize short-game spin, versatility, and shot-making confidence through a combination of advanced shaping and performance-driven technologies. Its new Full Toe design features increased face area and enhanced toe height, giving golfers more confidence and forgiveness when opening the face for delicate pitches, flop shots, and bunker escapes. Full Face Spin Gen 2.0 grooves extend from heel to toe, providing 44% more groove area than a conventional (more...)",Callaway
8/14/2026 1:08 pm,TOUR SERIES 6 66 STS,"US Kids Golf Tour Series 6 66"" Iron Set","Tour Series 6 66""",No,Iron Set,2026,,,"<p><strong>Who’s It For?</strong></p>  <p><span style=""font-weight: 400;"">Designed for advanced junior golfers seeking tour-level iron performance, the US Kids Golf Tour Series 6 66"" Iron Set is ideal for competitive players who want greater ball speed, distance, consistency, and overall shot-making versatility. Developed using thousands of TrackMan data points and extensive product research, it is built for young golfers who are serious about improving their game and competing at a higher level. Trusted by many of the top players at the U.S. Kids Golf World Championship and Van Horn Cup, it offers the premium quality and performance needed to support continued growth and success on the course.</span></p>  <p><strong>The Tech Story</strong></p>  <p><span style=""font-weight: 400;"">The U.S. Kids Golf Tour Series 6 66"" Iron Set is engineered to deliver tour-inspired performance, forgiveness, and player development through advanced materials and precision fitting. The irons feature enhanced shaping and forgiveness through durable 431 stainless steel construction, while the accompanying 8620 satin nickel spin wedges provide increased spin control and greater versatility around the greens. Every shaft is uniquely designed for its specific size range, then frequency matched and spine(more...)",US Kids Golf
8/14/2026 1:07 pm,TOUR SERIES 6 63 STS,"US Kids Golf Tour Series 6 63"" Iron Set","Tour Series 6 63""",No,Iron Set,2026,,,"<p><strong>Who’s It For?</strong></p>  <p><span style=""font-weight: 400;"">Designed for advanced junior golfers seeking tour-level iron performance, the US Kids Golf Tour Series 6 63"" Iron Set is ideal for competitive players who want greater ball speed, distance, consistency, and overall shot-making versatility. Developed using thousands of TrackMan data points and extensive product research, it is built for young golfers who are serious about improving their game and competing at a higher level. Trusted by many of the top players at the U.S. Kids Golf World Championship and Van Horn Cup, it offers the premium quality and performance needed to support continued growth and success on the course.</span></p>  <p><strong>The Tech Story</strong></p>  <p><span style=""font-weight: 400;"">The US Kids Golf Tour Series 6 63"" Iron Set is engineered to deliver tour-inspired performance, forgiveness, and player development through advanced materials and precision fitting. The irons feature enhanced shaping and forgiveness through durable 431 stainless steel construction, while the accompanying 8620 satin nickel spin wedges provide increased spin control and greater versatility around the greens. Every shaft is uniquely designed for its specific size range, then frequency matched and spined (more...)",US Kids Golf
8/14/2026 1:04 pm,TOUR SERIES 6 STS,"US Kids Golf Tour Series 6 60"" Iron Set","Tour Series 6 60""",No,Iron Set,2026,,,"<p><strong>Who’s It For?</strong></p>  <p><span style=""font-weight: 400;"">Designed for advanced junior golfers seeking tour-level iron performance, the US Kids Golf Tour Series 6 60"" Iron Set is ideal for competitive players who want greater ball speed, distance, consistency, and overall shot-making versatility. Developed using thousands of TrackMan data points and extensive product research, it is built for young golfers who are serious about improving their game and competing at a higher level. Trusted by many of the top players at the U.S. Kids Golf World Championship and Van Horn Cup, it offers the premium quality and performance needed to support continued growth and success on the course.</span></p>  <p><strong>The Tech Story</strong></p>  <p><span style=""font-weight: 400;"">The US Kids Golf Tour Series 6 60"" Iron Set is engineered to deliver tour-inspired performance, forgiveness, and player development through advanced materials and precision fitting. The irons feature enhanced shaping and forgiveness through durable 431 stainless steel construction, while the accompanying 8620 satin nickel spin wedges provide increased spin control and greater versatility around the greens. Every shaft is uniquely designed for its specific size range, then frequency matched and spined (more...)",US Kids Golf
8/14/2026 1:02 pm,TOUR SERIES 6 57 STS,"US Kids Golf Tour Series 6 57"" Iron Set","Tour Series 6 57""",No,Iron Set,2026,,,"<p><strong>Who’s It For?</strong></p>  <p><span style=""font-weight: 400;"">Designed for advanced junior golfers seeking tour-level iron performance, the US Kids Golf Tour Series 6 57"" Iron Set is ideal for competitive players who want greater ball speed, distance, consistency, and overall shot-making versatility. Developed using thousands of TrackMan data points and extensive product research, it is built for young golfers who are serious about improving their game and competing at a higher level. Trusted by many of the top players at the U.S. Kids Golf World Championship and Van Horn Cup, it offers the premium quality and performance needed to support continued growth and success on the course.</span></p>  <p><strong>The Tech Story</strong></p>  <p><span style=""font-weight: 400;"">The US Kids Golf Tour Series 6 57"" Iron Set is engineered to deliver tour-inspired performance, forgiveness, and player development through advanced materials and precision fitting. The irons feature enhanced shaping and forgiveness through durable 431 stainless steel construction, while the accompanying 8620 satin nickel spin wedges provide increased spin control and greater versatility around the greens. Every shaft is uniquely designed for its specific size range, then frequency matched and spined (more...)",US Kids Golf
8/14/2026 1:01 pm,TOUR SERIES 6 54 STS,"US Kids Golf Tour Series 6 54"" Iron Set","Tour Series 6 54""",No,Iron Set,2026,,,"<p><strong>Who’s It For?</strong></p>  <p><span style=""font-weight: 400;"">Designed for advanced junior golfers seeking tour-level iron performance, the US Kids Golf Tour Series 6 54"" Iron Set is ideal for competitive players who want greater ball speed, distance, consistency, and overall shot-making versatility. Developed using thousands of TrackMan data points and extensive product research, it is built for young golfers who are serious about improving their game and competing at a higher level. Trusted by many of the top players at the U.S. Kids Golf World Championship and Van Horn Cup, it offers the premium quality and performance needed to support continued growth and success on the course.</span></p>  <p><strong>The Tech Story</strong></p>  <p><span style=""font-weight: 400;"">The US Kids Golf Tour Series 6 54"" Iron Set is engineered to deliver tour-inspired performance, forgiveness, and player development through advanced materials and precision fitting. The irons feature enhanced shaping and forgiveness through durable 431 stainless steel construction, while the accompanying 8620 satin nickel spin wedges provide increased spin control and greater versatility around the greens. Every shaft is uniquely designed for its specific size range, then frequency matched and spined (more...)",US Kids Golf
8/14/2026 12:59 pm,TOUR SERIES 6 51 STS,"US Kids Golf Tour Series 6 51"" Iron Set","Tour Series 6 51""",No,Iron Set,2026,,,"<p><strong>Who’s It For?</strong></p>  <p><span style=""font-weight: 400;"">Designed for advanced junior golfers seeking tour-level iron performance, the US Kids Golf Tour Series 6 51"" Iron Set is ideal for competitive players who want greater ball speed, distance, consistency, and overall shot-making versatility. Developed using thousands of TrackMan data points and extensive product research, it is built for young golfers who are serious about improving their game and competing at a higher level. Trusted by many of the top players at the U.S. Kids Golf World Championship and Van Horn Cup, it offers the premium quality and performance needed to support continued growth and success on the course.</span></p>  <p><strong>The Tech Story</strong></p>  <p><span style=""font-weight: 400;"">The US Kids Golf Tour Series 6 51"" Iron Set is engineered to deliver tour-inspired performance, forgiveness, and player development through advanced materials and precision fitting. The irons feature enhanced shaping and forgiveness through durable 431 stainless steel construction, while the accompanying 8620 satin nickel spin wedges provide increased spin control and greater versatility around the greens. Every shaft is uniquely designed for its specific size range, then frequency matched and spined (more...)",US Kids Golf
8/14/2026 12:56 pm,TOUR SERIES 6 48 STS,"US Kids Golf Tour Series 6 48"" Iron Set","Tour Series 6 48""",No,Iron Set,2026,,,"<p><strong>Who’s It For?</strong></p>  <p><span style=""font-weight: 400;"">Designed for advanced junior golfers seeking tour-level iron performance, the US Kids Golf Tour Series 6 48"" Iron Set is ideal for competitive players who want greater ball speed, distance, consistency, and overall shot-making versatility. Developed using thousands of TrackMan data points and extensive product research, it is built for young golfers who are serious about improving their game and competing at a higher level. Trusted by many of the top players at the U.S. Kids Golf World Championship and Van Horn Cup, it offers the premium quality and performance needed to support continued growth and success on the course.</span></p>  <p><strong>The Tech Story</strong></p>  <p><span style=""font-weight: 400;"">The US Kids Golf Tour Series 6 48"" Iron Set is engineered to deliver tour-inspired performance, forgiveness, and player development through advanced materials and precision fitting. The irons feature enhanced shaping and forgiveness through durable 431 stainless steel construction, while the accompanying 8620 satin nickel spin wedges provide increased spin control and greater versatility around the greens. Every shaft is uniquely designed for its specific size range, then frequency matched and spined (more...)",US Kids Golf
8/13/2026 12:26 pm,EZPZ PUT,Evnroll EZPZ Putter,EZPZ,No,Putter,2026,,,"<p><strong>Who’s It For?</strong></p> <p><span style=""font-weight: 400;"">Designed for golfers who want greater stability and consistency on the greens without having to change their natural putting stroke, the Evnroll EZPZ Putter is ideal for players who struggle with face rotation and inconsistent strike quality. Its Reverse Torque technology helps keep the face squarer through impact, extending the effective Square Zone for more forgiving performance, while SweetFace 2.0 promotes improved distance control and tighter dispersion across the face. Players seeking more confidence on short and mid-range putts, along with more predictable roll and reduced dimple deflection, will benefit from its advanced stability-focused design.</span></p> <p><strong>The Tech Story</strong></p> <p><span style=""font-weight: 400;"">The Evnroll EZPZ Putter combines advanced multi-material construction with innovative face and hosel technologies to deliver exceptional stability, consistency, and feel on the greens. Built around a precision-milled 6061 aluminum chassis with 100% milled 303 stainless steel weight wings, the putter strategically positions mass to maximize forgiveness while maintaining a premium, sleek black finish and a high-performance Evnroll/UST Mamiya All-In shaft. At its core is Swe(more...)",Evnroll
8/4/2026 11:58 am,PLD M SE DZB PUT,Ping PLD Milled SE DZB Putter,PLD Milled SE DZB,No,Putter,2026,,,"<p><strong>Who’s It For?</strong></p> <p><span style=""font-weight: 400;"">Designed for golfers who appreciate the classic look and precision of a premium blade putter, the Ping PLD Milled SE DZB Putter is ideal for players with a slight-arc stroke who demand exceptional feel, craftsmanship, and stability. Its fully milled construction, high-MOI heel and toe weighting, and thoughtful alignment features help deliver confidence and consistency on the greens, while the flared high-toe profile and rich heritage patina finish appeal to golfers who value traditional aesthetics with modern performance. The firmer-feeling carbon-steel face and tour-inspired shaping make it an excellent choice for accomplished players seeking both artistry and precision in their flatstick.</span></p> <p><strong>The Tech Story</strong></p> <p><span style=""font-weight: 400;"">The PING PLD Milled SE DZB Putter is a precision-crafted blade designed to blend traditional aesthetics with modern milling technology for exceptional feel, alignment, and consistency. Milled entirely from carbon steel, the head delivers premium feedback and a solid, responsive impact sensation, enhanced by smooth horizontal face milling that produces a firmer feel preferred by many accomplished players. Designed for golfers with a sli(more...)",Ping
8/4/2026 11:55 am,G740 MIDNIGHT STS,Ping G740 Midnight Iron Set,G740 Midnight,No,Iron Set,2026,,,"<p><strong>Who’s It For?</strong></p>  <p><span style=""font-weight: 400;"">Designed for golfers who need maximum forgiveness, easy launch, and dependable distance from their irons, the Ping G740 Midnight Iron Set is ideal for players seeking more confidence and consistency throughout the set. The oversized design helps make the game easier while delivering the stability and forgiveness needed on off-center strikes, and the exclusive Midnight finish provides a sleek, modern appearance with reduced glare and improved contrast at address. It's a great fit for players who want game-changing performance benefits without sacrificing visual appeal..</span></p>  <p><strong>The Tech Story</strong></p>  <p><span style=""font-weight: 400;"">The PING G740 Midnight Iron Set is engineered to deliver maximum forgiveness, effortless launch, and impressive distance through a collection of super-game-improvement technologies tailored to golfers seeking more consistency. Compared to the G440, the G740 features a 22% wider sole, 3% longer blade length, and a thicker topline, allowing for increased perimeter weighting and a lower center of gravity that boosts MOI for greater stability, higher launch, and improved ball-speed retention on mishits. The 5- and 6-irons incorporate a ¾-inch longer length p(more...)",Ping
7/30/2026 3:48 pm,HI TOE 5 AC WGS,TaylorMade Hi-Toe 5 Aged Copper Wedge,Hi-Toe 5 Aged Copper,No,Wedge,2026,,,"<p><strong>Who’s It For?</strong></p> <p><span style=""font-weight: 400;"">Designed for golfers who want maximum shot-making versatility and aggressive spin around the greens, the TaylorMade Hi-Toe 5 Aged Copper Wedge is ideal for players who regularly open the face, play creative recovery shots, and demand reliable performance from a wide variety of lies. The larger profile, expanded toe section, and full-face grooves inspire confidence on partial shots, while the high center of gravity design promotes a penetrating ball flight with exceptional spin and control. Finished in a premium Aged Copper finish, it appeals to golfers who appreciate both tour-level performance and distinctive, classic aesthetics.</span></p> <p><strong>The Tech Story</strong></p> <p><span style=""font-weight: 400;"">The TaylorMade Hi-Toe 5 Aged Copper Wedge is engineered to deliver exceptional spin, versatility, and shot control through a combination of advanced face technologies and premium forged construction. Its RAW face works alongside innovative Spin Tread Technology, which uses laser-etched channels to effectively channel moisture away from the impact area and create additional friction, helping maintain high spin rates and consistent performance in both dry and wet conditions. Fully forged from soft(more...)",TaylorMade
7/30/2026 11:35 am,HI TOE 5 SC WGS,TaylorMade Hi-Toe 5 Satin Chrome Wedge,Hi-Toe 5 Satin Chrome,No,Wedge,2026,,,"<p><strong>Who’s It For?</strong></p> <p><span style=""font-weight: 400;"">Designed for golfers who want maximum versatility around the greens, the TaylorMade Hi-Toe 5 Satin Chrome Wedge excels for players who like to hit a wide variety of shots from different lies and conditions. The larger profile, expanded toe area, and full-face grooves provide added confidence and performance on open-face shots, while the high center of gravity design promotes a penetrating ball flight with exceptional spin and control. It's an excellent choice for golfers seeking tour-inspired shot-making capability, consistent spin, and the classic appearance of a traditional Satin Chrome finish.</span></p> <p><strong>The Tech Story</strong></p> <p><span style=""font-weight: 400;"">The TaylorMade Hi-Toe 5 Satin Chrome Wedge is engineered to deliver exceptional spin, control, and versatility through a combination of advanced face technologies and premium forged construction. A RAW face works together with innovative Spin Tread Technology, which utilizes laser-etched channels designed to redirect moisture away from the impact area much like tire treads channel water from the road, helping maintain higher spin rates and consistent performance in a variety of playing conditions. Fully forged from soft carbon st(more...)",TaylorMade
7/30/2026 9:36 am,JS MB1 ZT PUT,Bettinardi Junior Series MB1 Zero-Torque Putter,Junior Series MB1 Zero-Torque,No,Putter,2026,,,"<p><strong>Who’s It For?</strong></p> <p><span style=""font-weight: 400;"">Designed for young golfers who are serious about developing their skills with premium equipment, the Bettinardi Junior Series MB1 Zero-Torque Putter is ideal for juniors who benefit from added stability, forgiveness, and confidence on the greens. Crafted to the same exacting standards as Bettinardi’s tour-proven models, it gives developing players access to precision-milled performance and exceptional craftsmanship while promoting a steady, repeatable stroke. Inspired by Matteo Bettinardi’s focused approach to the game, it is an excellent fit for junior golfers seeking high-quality equipment that can help them build strong putting fundamentals from an early age.</span></p> <p><strong>The Tech Story</strong></p> <p><span style=""font-weight: 400;"">The Bettinardi Junior Series MB1 Zero-Torque Putter brings tour-level engineering and premium American craftsmanship to young golfers through a design specifically optimized for developing players. Built around Bettinardi’s Simply Balanced™ Zero-Torque Technology, the MB1 utilizes a precision-milled 6061 Aluminum body and center insert paired with a 303 Stainless Steel face to position the center of gravity for a naturally stable, square-to-square stroke that maxi(more...)",Bettinardi
7/30/2026 9:31 am,JS DB1 PUT,Bettinardi Junior Series DB1 Putter,Junior Series DB1,No,Putter,2026,,,"<p><strong>Who’s It For?</strong></p> <p><span style=""font-weight: 400;"">Designed for young golfers who are developing touch and confidence on the greens, the Bettinardi Junior Series DB1 Putter is an excellent fit for players who rely on feel, finesse, and a smooth putting stroke. Precision milled in the USA from premium materials, it gives junior golfers access to the same craftsmanship and performance standards found in Bettinardi’s tour-level equipment while being thoughtfully adapted for younger players. Inspired by Dominic Bettinardi’s confident approach to putting, it is ideal for juniors seeking a high-quality putter that promotes consistency, control, and long-term skill development.</span></p> <p><strong>The Tech Story</strong></p> <p><span style=""font-weight: 400;"">The Bettinardi Junior Series DB1 Putter brings the proven performance of Bettinardi’s renowned BB49 mallet design to younger golfers through a premium, precision-milled construction tailored for developing players. Milled in the USA from a single piece of 303 Stainless Steel, the DB1 delivers a crisp, responsive feel that provides valuable feedback while helping juniors build confidence and consistency on the greens. Its 330-gram head weight is purposefully lighter to enhance control and feel for younger (more...)",Bettinardi
7/30/2026 9:21 am,JS LB1 PUT,Bettinardi Junior Series LB1 Putter,Junior Series LB1,No,Putter,2026,,,"<p><strong>Who’s It For?</strong></p> <p><span style=""font-weight: 400;"">Designed for young golfers who are learning the game with an appreciation for precision, style, and confidence on the greens, the Bettinardi Junior Series LB1 Putter is ideal for developing players who want premium performance equipment built to professional standards. Precision milled in the USA from high-quality materials, it provides juniors with the same attention to detail and craftsmanship that Bettinardi is known for, while being thoughtfully adapted for growing golfers. Inspired by Luciana Bettinardi, it combines elegance and refinement with the forgiveness and consistency needed to help young players build strong putting fundamentals and lasting confidence.</span></p> <p><strong>The Tech Story</strong></p> <p><span style=""font-weight: 400;"">The Bettinardi Junior Series LB1 Putter adapts one of Bettinardi’s most iconic blade designs for the next generation of golfers, combining premium craftsmanship with junior-specific weighting and sizing. Based on the tour-trusted BB-1 silhouette, the LB1 features a lighter 330-gram head that gives young players greater control and feel while learning the fundamentals of putting. Precision milled in Bettinardi’s Tinley Park, Illinois facility from a single piec(more...)",Bettinardi
7/28/2026 9:29 am,TOUR AD EK DST,Graphite Design Tour AD EK Driver Shaft,Tour AD EK,No,Driver Shaft,2026,,,"<p><strong>Who’s It For?</strong></p> <p><span style=""font-weight: 400;"">Designed for golfers who want an easy-to-launch driver shaft that delivers maximum distance without giving up stability and control, the Graphite Design Tour AD EK Driver Shaft is premium Japanese-made model, ideal for players seeking a powerful yet balanced ball flight. Its stiff butt section promotes efficient energy transfer during the swing, while the firm mid-section and stable tip help maintain consistency at impact, creating strong launch conditions and dependable accuracy. Players looking to increase carry distance while retaining confidence and control off the tee will benefit most from its smooth, efficient performance profile.</span></p> <p><strong>The Tech Story</strong></p> <p><span style=""font-weight: 400;"">The 2027 Graphite Design Tour AD EK, with “Extra Kick” technology, is engineered to promote a mid-to-high launch with controlled low-to-mid spin, creating the ideal blend of increased carry distance, pinpoint accuracy, and responsive feel off the tee. Manufactured from premium aerospace-grade carbon fiber, the shaft utilizes advanced Toray T1200G carbon fiber in the tip section to enhance stability and energy transfer while maintaining a smooth, powerful loading profile throughout the swi(more...)",Graphite Design
7/22/2026 3:34 pm,AD HEXPERIMENTAL 2 PUT,Bettinardi Antidote Hexperimental #2 Putter,Antidote Hexperimental #2,No,Putter,2026,,,"<p><strong>Who’s It For?</strong></p> <p><span style=""font-weight: 400;"">Designed for golfers who want the forgiveness and stability of a high-MOI mallet without giving up the feel of a traditional putting stroke, the Bettinardi Antidote Hexperimental #2 Putter is an excellent fit for players with a slight to moderate arc. Its classic full-bodied shape helps keep the head stable through impact for more consistent results, while the ball-width sightlines provide a clean, confidence-inspiring alignment aid that makes it easier to aim accurately and roll putts with greater consistency.</span></p> <p><strong>The Tech Story</strong></p> <p><span style=""font-weight: 400;"">The Bettinardi Antidote Hexperimental #2 is engineered around a high-M.O.I. mallet design that maximizes forgiveness by resisting twisting on off-center strikes, helping maintain stability and consistency through impact. Designed with approximately one-third toe hang, it complements golfers with a slight arc in their putting stroke, while extended ball-width sightlines running through the center insert provide a clean, highly visible alignment reference at address. Bettinardi’s re-engineered F.I.T. Face™ (Feel Impact Technology) milling removes 30% of the face material to create a softer, more responsive feel witho(more...)",Bettinardi
7/14/2026 1:30 pm,QUANTUM MINI SPINNER FWG,Callaway Quantum Mini Spinner Fairway Wood,Quantum Mini Spinner,No,Fairway Wood,2026,,,"<p><strong>Who’s It For?</strong></p> <p><span style=""font-weight: 400;"">Designed for golfers who want a more versatile and precise option at the top of the bag, the Callaway Quantum Mini Spinner Fairway Wood is ideal for players who need added spin and control when attacking greens from long range. Its compact, deep-profile shape appeals to golfers who value confidence at address and the ability to hit high, soft-landing shots that hold the green. By bridging the gap between traditional fairway woods and long irons or hybrids, it offers a reliable solution for players seeking greater stopping power, accuracy, and shot-making precision from distance.</span></p> <p><strong>The Tech Story</strong></p> <p><span style=""font-weight: 400;"">Engineered as a precision-focused fairway wood, the Callaway Quantum Mini Spinner combines a unique high-spin construction with a high center of gravity and an Ai-optimized face design to generate increased spin, tighter shot dispersion, and exceptional stopping power on approach shots. A playing length that is 0.75 inches shorter than a traditional fairway wood promotes more consistent center-face contact and enhanced control through impact, while the taller deep-face profile inspires confidence at address and provides greater versatility from a (more...)",Callaway
7/13/2026 2:14 pm,RTZ 2 TR FF WGS,Cleveland RTZ 2 Tour Rack Full Face Wedge,RTZ 2 Tour Rack Full Face,No,Wedge,2026,,,"<p><strong>Who’s It For?</strong></p> <p><span style=""font-weight: 400;"">Designed for skilled golfers who thrive on creativity around the greens, the Cleveland RTZ 2 Tour Rack Full Face Wedge is ideal for players who frequently open the face to hit high, soft shots, delicate flops, and specialty pitches. The ADAPT Full-Face design features an enlarged face, extended toe shape, and longer grooves to maintain consistent spin, trajectory, and stopping power even when impact moves higher on the face or toward the toe during open-face swings. Its tour-inspired bounce chamfer helps reduce digging and improves turf interaction from a variety of lies, making it a perfect fit for golfers seeking maximum versatility, shot-making freedom, and short game control.</span></p> <p><strong>The Tech Story</strong></p> <p><span style=""font-weight: 400;"">The Cleveland RTZ 2 Tour Rack Full Face Wedge combines premium materials and advanced spin technologies to deliver exceptional short game control, consistency, and feel. At the heart of the design is ZipCore iQ technology, which uses loft- and grind-specific lightweight hosel cores to strategically redistribute mass, increasing stability and improving performance on both center and off-center strikes. The wedge is crafted from Cleveland’s proprie(more...)",Cleveland
7/13/2026 2:13 pm,RTZ 2 TR WGS,Cleveland RTZ 2 Tour Rack Wedge,RTZ 2 Tour Rack,No,Wedge,2026,,,"<p><strong>Who’s It For?</strong></p> <p><span style=""font-weight: 400;"">Designed for golfers who demand tour-level short game performance, precise shot-making, and exceptional feel around the greens, the Cleveland RTZ 2 Tour Rack Wedge is ideal for players who value versatility and consistency from a traditional blade design. The refined sole grinds, including the return of Roger Cleveland’s legendary 588 grind, provide enhanced turf interaction and adaptability across a variety of lies and playing conditions. Whether you're a competitive player or a skilled golfer looking to sharpen your scoring clubs, it delivers the confidence, control, and craftsmanship needed to execute a full range of short game shots.</span></p> <p><strong>The Tech Story</strong></p> <p><span style=""font-weight: 400;"">The Cleveland RTZ 2 Tour Rack Wedge combines advanced materials, precision engineering, and tour-inspired shaping to deliver exceptional short game performance in every condition. At its core, ZipCore iQ technology utilizes loft- and grind-specific hosel core designs to strategically redistribute mass, improving stability, forgiveness, and consistency on both center and off-center strikes. The wedge is forged from Cleveland’s proprietary Z-Alloy steel, a softer, less dense, and highly dur(more...)",Cleveland
7/10/2026 3:07 pm,RTZ 2 BS FF WGS,Cleveland RTZ 2 Black Satin Full Face Wedge,RTZ 2 Black Satin Full Face,No,Wedge,2026,,,"<p><strong>Who’s It For?</strong></p> <p><span style=""font-weight: 400;"">Designed for skilled golfers who thrive on creativity around the greens, the Cleveland RTZ 2 Black Satin Face Wedge is ideal for players who frequently open the face to hit high, soft shots, delicate flops, and specialty pitches. The ADAPT Full-Face design features an enlarged face, extended toe shape, and longer grooves to maintain consistent spin, trajectory, and stopping power even when impact moves higher on the face or toward the toe during open-face swings. Its tour-inspired bounce chamfer helps reduce digging and improves turf interaction from a variety of lies, making it a perfect fit for golfers seeking maximum versatility, shot-making freedom, and short game control.</span></p> <p><strong>The Tech Story</strong></p> <p><span style=""font-weight: 400;"">The Cleveland RTZ 2 Black Satin Full Face Wedge combines premium materials and advanced spin technologies to deliver exceptional short game control, consistency, and feel. At the heart of the design is ZipCore iQ technology, which uses loft- and grind-specific lightweight hosel cores to strategically redistribute mass, increasing stability and improving performance on both center and off-center strikes. The wedge is crafted from Cleveland’s propriet(more...)",Cleveland
7/10/2026 2:51 pm,RTZ 2 BS WGS,Cleveland RTZ 2 Black Satin Wedge,RTZ 2 Black Satin,No,Wedge,2026,,,"<p><strong>Who’s It For?</strong></p> <p><span style=""font-weight: 400;"">Designed for golfers who demand tour-level short game performance, precise shot-making, and exceptional feel around the greens, the Cleveland RTZ 2 Black Satin Wedge is ideal for players who value versatility and consistency from a traditional blade design. The refined sole grinds, including the return of Roger Cleveland’s legendary 588 grind, provide enhanced turf interaction and adaptability across a variety of lies and playing conditions. Whether you're a competitive player or a skilled golfer looking to sharpen your scoring clubs, it delivers the confidence, control, and craftsmanship needed to execute a full range of short game shots.</span></p> <p><strong>The Tech Story</strong></p> <p><span style=""font-weight: 400;"">The Cleveland RTZ 2 Black Satin Wedge combines advanced materials, precision engineering, and tour-inspired shaping to deliver exceptional short game performance in every condition. At its core, ZipCore iQ technology utilizes loft- and grind-specific hosel core designs to strategically redistribute mass, improving stability, forgiveness, and consistency on both center and off-center strikes. The wedge is forged from Cleveland’s proprietary Z-Alloy steel, a softer, less dense, and highly(more...)",Cleveland
7/9/2026 2:34 pm,RTZ 2 TS FF WGS,Cleveland RTZ 2 Tour Satin Full Face Wedge,RTZ 2 Tour Satin Full Face,No,Wedge,2026,,,"<p><strong>Who’s It For?</strong></p> <p><span style=""font-weight: 400;"">Designed for skilled golfers who thrive on creativity around the greens, the Cleveland RTZ 2 Tour Satin Face Wedge is ideal for players who frequently open the face to hit high, soft shots, delicate flops, and specialty pitches. The ADAPT Full-Face design features an enlarged face, extended toe shape, and longer grooves to maintain consistent spin, trajectory, and stopping power even when impact moves higher on the face or toward the toe during open-face swings. Its tour-inspired bounce chamfer helps reduce digging and improves turf interaction from a variety of lies, making it a perfect fit for golfers seeking maximum versatility, shot-making freedom, and short game control.</span></p> <p><strong>The Tech Story</strong></p> <p><span style=""font-weight: 400;"">The Cleveland RTZ 2 Tour Satin Full Face Wedge combines premium materials and advanced spin technologies to deliver exceptional short game control, consistency, and feel. At the heart of the design is ZipCore iQ technology, which uses loft- and grind-specific lightweight hosel cores to strategically redistribute mass, increasing stability and improving performance on both center and off-center strikes. The wedge is crafted from Cleveland’s proprietar(more...)",Cleveland
7/9/2026 2:32 pm,RTZ 2 TS WGS,Cleveland RTZ 2 Tour Satin Wedge,RTZ 2 Tour Satin,No,Wedge,2026,,,"<p><strong>Who’s It For?</strong></p> <p><span style=""font-weight: 400;"">Designed for golfers who demand tour-level short game performance, precise shot-making, and exceptional feel around the greens, the Cleveland RTZ 2 Tour Satin Wedge is ideal for players who value versatility and consistency from a traditional blade design. The refined sole grinds, including the return of Roger Cleveland’s legendary 588 grind, provide enhanced turf interaction and adaptability across a variety of lies and playing conditions. Whether you're a competitive player or a skilled golfer looking to sharpen your scoring clubs, it delivers the confidence, control, and craftsmanship needed to execute a full range of short game shots.</span></p> <p><strong>The Tech Story</strong></p> <p><span style=""font-weight: 400;"">The Cleveland RTZ 2 Tour Satin Wedge combines advanced materials, precision engineering, and tour-inspired shaping to deliver exceptional short game performance in every condition. At its core, ZipCore iQ technology utilizes loft- and grind-specific hosel core designs to strategically redistribute mass, improving stability, forgiveness, and consistency on both center and off-center strikes. The wedge is forged from Cleveland’s proprietary Z-Alloy steel, a softer, less dense, and highly d(more...)",Cleveland
6/30/2026 12:02 pm,DAMASCUS M JLBRD M DB PUT,Odyssey Damascus Milled Jailbird Mini DB Putter,Damascus Milled Jailbird Mini DB,No,Putter,2026,,,"<p><strong>Who’s It For?</strong></p> <p><span style=""font-weight: 400;"">Designed for discerning golfers who demand the ultimate in premium craftsmanship, precision, and feel, the Odyssey Damascus Milled Jailbird Mini DB Putter is an excellent fit for players who prefer the feedback and consistency of a fully milled design. The face-balanced configuration with a double bend shaft and 3/4 shaft offset makes it especially well-suited for golfers with a minimal arc putting stroke, helping promote a more stable, straight-back-straight-through motion. Its iconic Jailbird Mini shape provides confidence at address, while the exclusive Damascus Steel insert delivers a uniquely soft and responsive feel that appeals to players seeking both elite performance and a truly distinctive, limited-edition putter experience.</span></p> <p><strong>The Tech Story</strong></p> <p><span style=""font-weight: 400;"">The Odyssey Damascus Milled Jailbird Mini DB Putter represents the pinnacle of premium putter craftsmanship, combining traditional forging techniques with cutting-edge performance technology. At its core is a one-of-a-kind Damascus Steel insert created through a meticulous process of forging, folding, and pressing multiple steel alloys into a layered structure that produces a distinctive pat(more...)",Odyssey
6/25/2026 2:00 pm,SCTDALE TEC K 4 PUT,Ping Scottsdale TEC Ketsch 4 Putter,Scottsdale TEC Ketsch 4,No,Putter,2026,,,"<p><strong>Who’s It For?</strong></p> <p><span style=""font-weight: 400;"">Designed for golfers with a strong arc in their putting stroke who prefer the stability of a larger mallet design, the Ping Scottsdale TEC Ketsch 4 Putter combines tour-inspired performance with advanced alignment assistance to help improve accuracy and consistency on the greens. The Anser 4-style hosel creates increased toe hang, making it an ideal fit for players who naturally rotate the putter through impact, while Eye Q Technology and multiple alignment lines simplify setup and aiming. Golfers seeking enhanced distance control, a softer feel, and confidence-inspiring alignment features will benefit most from this innovative design developed through PING’s extensive tour feedback and Putting Lab research.</span></p> <p><strong>The Tech Story</strong></p> <p><span style=""font-weight: 400;"">The PING Scottsdale TEC Ketsch 4 Putter combines advanced alignment science, high-MOI forgiveness, and responsive feel in a tour-inspired mallet design engineered to help golfers putt more consistently. At the heart of the putter is Eye-Q Technology, developed using the proven Quiet Eye eye-tracking technique, which places a distinct focal-point dot on the top rail alongside a long alignment line to help golfers stabi(more...)",Ping
6/25/2026 1:59 pm,SCTDALE TEC ALLY BLUE H PUT,Ping Scottsdale TEC Ally Blue H Putter,Scottsdale TEC Ally Blue H,No,Putter,2026,,,"<p><strong>Who’s It For?</strong></p> <p><span style=""font-weight: 400;"">Designed for golfers who want maximum confidence in their alignment and a highly stable putting setup, the Ping Scottsdale TEC Ally Blue H Putter is an excellent fit for players who benefit from clear visual cues and a forgiving mallet-style design. The full-shaft offset configuration provides an unobstructed view of Eye Q Technology, helping golfers aim more accurately and maintain consistent gaze patterns throughout the stroke. Combined with a soft-feeling PEBAX insert for dependable distance control and a tour-inspired design developed through extensive PING Putting Lab research, it is ideal for players seeking improved consistency and confidence on the greens.</span></p> <p><strong>The Tech Story</strong></p> <p><span style=""font-weight: 400;"">The PING Scottsdale TEC Ally Blue H Putter combines advanced visual alignment science with high-MOI forgiveness to help golfers aim more accurately and roll putts with greater consistency. Developed using the proven Quiet Eye eye-tracking technique, the putter features innovative Eye-Q Technology, which places a distinctive focal-point dot on the top rail alongside an extended alignment line to promote stable gaze patterns and improved focus throughout the strok(more...)",Ping
6/19/2026 10:19 am,SM11 BV FL WGS,Titleist Vokey SM11 Black Vapor Flight Lines Wedge,Vokey SM11 Black Vapor Flight Lines,No,Wedge,2026,,,"<p><strong>Who’s It For?</strong></p> <p><span style=""font-weight: 400;"">Designed for golfers who want tour-level wedge performance while improving consistency around the greens, the Titleist Vokey SM11 Black Vapor Flight Lines Wedge is an excellent fit for players who value precise setup, confidence, and repeatable short-game execution. The innovative Vokey Flight Lines system uses three precision hosel engravings to help confirm clubface and shaft position before every shot, making it especially appealing to golfers who rely on visual alignment cues. Combined with the proven SM11 platform and a striking Black Vapor finish, it’s ideal for players seeking elite spin, control, and alignment assistance in a premium, confidence-inspiring package.</span></p> <p><strong>The Tech Story</strong></p> <p><span style=""font-weight: 400;"">The Titleist Vokey SM11 Black Vapor Flight Lines Wedge combines tour-proven short game performance with innovative alignment technology and a premium limited-edition finish. Building on the SM11 platform, the wedge is engineered to produce cleaner contact, more controlled trajectory, and optimized spin for the predictability and precision required to execute a wide variety of scoring shots. The standout Black Vapor finish utilizes a durable Titanium Carb(more...)",Titleist
6/19/2026 10:12 am,25 T100 BV STS,Titleist 2025 T100 Black Vapor Iron Set,2025 T100 Black Vapor,No,Iron Set,2026,,,"<p><strong>Who’s It For?</strong></p>  <p><span style=""font-weight: 400;"">Designed for highly skilled golfers who prioritize exceptional shot-making precision, consistency, and feel, and who want complete control over trajectory, distance, and workability. The T100 Black Vapor Iron Set appeals to low-handicap and competitive golfers who appreciate a compact, tour-inspired profile paired with a premium look at address. Its durable Titanium Carbide Vapor finish delivers a deep, refined appearance that maintains its visual appeal over time while creating a seamless transition throughout blended sets, making it an excellent choice for players who demand both elite performance and sophisticated aesthetics.    </span></p>  <p><strong>The Tech Story</strong></p>  <p><span style=""font-weight: 400;"">Meticulously engineered for precise performance and pure sensation, the Titleist 2025 T100 Irons feature a masterfully forged player's design with a thin topline, minimal offset, and an improved Variable Bounce Sole for pinpoint control and buttery feel. Superior flight and stability are achieved through split high-density tungsten and a progressive dual-cavity construction, optimizing CG for remarkable stability, consistent carry, and precise trajectory control. These irons deliver consi(more...)",Titleist
6/18/2026 3:20 pm,26 LAS VEGAS H7 PUT,Toulon Design 2026 Las Vegas H7 Putter,2026 Las Vegas H7,No,Putter,2026,,,"<p><strong>Who’s It For?</strong></p> <p><span style=""font-weight: 400;"">Designed for golfers with a moderate arc and noticeable face rotation, the Toulon Design 2026 Las Vegas H7 Putter suits players who appreciate the feel and release of a blade but are looking to gain the added stability and forgiveness of a mallet. The flowing neck design enhances natural toe movement, making it a strong fit for those who prefer a responsive, rotational stroke, while the mid-mallet profile appeals to players ready to transition into a more forgiving shape without sacrificing the visual confidence and performance characteristics they rely on.</span></p> <p><strong>The Tech Story</strong></p> <p><span style=""font-weight: 400;"">The Toulon Design 2026 Las Vegas H7 Putter features refined shaping enhancements—including a rounded topline, softened wing edges, and a more sculpted flange—to improve visual flow while elevating sound and feel for a more premium, confidence-inspiring presentation at address. A milled 6061 aluminum soleplate redistributes mass to the perimeter, increasing MOI for greater stability and forgiveness, while front-loaded milled round weights enhance ball speed consistency across the face to maintain distance control on off-center strikes. The trusted Deep Diamond Mill face(more...)",Toulon Design
6/18/2026 3:15 pm,26 ALCATRAZ DB PUT,Toulon Design 2026 Alcatraz DB Putter,2026 Alcatraz DB,No,Putter,2026,,,"<p><strong>Who’s It For?</strong></p> <p><span style=""font-weight: 400;"">Designed for golfers who favor a straight-back, straight-through stroke, the Toulon Design 2026 Alcatraz DB Putter suits players seeking maximum stability and minimal face rotation throughout the putting motion. The face-balanced setup created by the double bend shaft promotes a square face through impact, making it ideal for those who struggle with consistency or excessive arc, while the larger, highly forgiving mallet profile appeals to players who want added confidence, improved alignment, and enhanced forgiveness on off-center strikes.</span></p> <p><strong>The Tech Story</strong></p> <p><span style=""font-weight: 400;"">The Toulon Design 2026 Alcatraz DB Putter is engineered with a multi-material construction, a precision-milled 6061 aircraft aluminum sole plate redistributes weight to the perimeter to significantly increase MOI and overall forgiveness, helping stabilize the head on off-center strikes. Fine-tuned internal geometries and thickness profiles beneath the sole plate enhance vibration characteristics for a more refined sound and feel at impact, while front-loaded milled round weights promote consistent ball speed across the face for improved distance control. The proven Deep Diamond Mill fac(more...)",Toulon Design
6/18/2026 3:12 pm,26 ALCATRAZ H1 PUT,Toulon Design 2026 Alcatraz H1 Putter,2026 Alcatraz H1,No,Putter,2026,,,"<p><strong>Who’s It For?</strong></p> <p><span style=""font-weight: 400;"">Designed for golfers who want maximum forgiveness without giving up the flowing feel of a traditional stroke, The Toulon Design 2026 Alcatraz H1 Putter suits players transitioning from a blade into a larger, more stable mallet. The 20 degrees of toe hang promotes natural toe flow, making it ideal for those with a slight arc who still rely on some face rotation, while the high-MOI, confidence-inspiring shape appeals to players seeking enhanced stability, improved consistency, and a more forgiving profile on off-center strikes.</span></p> <p><strong>The Tech Story</strong></p> <p><span style=""font-weight: 400;"">The Toulon Design 2026 Alcatraz H1 Putter is engineered with a multi-material construction, a precision-milled 6061 aircraft aluminum sole plate redistributes weight from the center to the perimeter to significantly increase MOI and overall forgiveness. Fine-tuned internal surfaces and thicknesses beneath the sole enhance vibration control, producing a more refined sound and feel at impact, while front-loaded milled round weights promote consistent ball speed across the face for improved distance control on off-center strikes. The proven Deep Diamond Mill face pattern further elevates performance by (more...)",Toulon Design
6/17/2026 9:51 am,GTS300 DVR,Titleist GTS300 Mini Driver,GTS300 Mini,No,Driver,2026,,,"<p><strong>Who’s It For?</strong></p> <p><span style=""font-weight: 400;"">Designed for golfers who want a versatile alternative to a driver without sacrificing distance, the Titleist GTS300 Mini Driver is ideal for players seeking greater control off the tee while maintaining the ability to attack long shots from the fairway. The larger 300cc head delivers added forgiveness and stability, helping inspire confidence on narrow driving holes, while improved aerodynamics and an L-Cup Face promote higher ball speeds, easy launch, and consistent carry from a variety of lies. Whether finding more fairways or reaching distant greens, it fits players who value all-around performance and shot-making flexibility from a single club.</span></p> <p><strong>The Tech Story</strong></p> <p><span style=""font-weight: 400;"">The Titleist GTS300 Mini Driver combines the confidence-inspiring forgiveness of a larger 300cc head with the versatility needed to perform from both the tee and fairway. Its expanded profile and deeper center of gravity increase stability and consistency across the face, while a lightweight composite crown, titanium body, and forged face deliver the premium sound, feel, and feedback golfers expect from Titleist. A forged L-Cup Face wraps around the sole to preserve ball speed,(more...)",Titleist
6/5/2026 11:03 am,26 BOSTON H3 PUT,Toulon Design 2026 Boston H3 Putter,2026 Boston H3,No,Putter,2026,,,"<p><strong>Who’s It For?</strong></p> <p><span style=""font-weight: 400;"">Designed for players who favor a more controlled, straight-back-straight-through stroke, the Toulon Design 2026 Boston H3 Putter promotes reduced face rotation through its neck configuration while maintaining a clean, flowing appearance at address. The softened shoulders and rounded bumpers enhance visual continuity, appealing to golfers who prefer a classic, confidence-inspiring look without harsh lines, while the overall design suits those seeking improved stability and consistency in their alignment and face control.</span></p> <p><strong>The Tech Story</strong></p> <p><span style=""font-weight: 400;"">Engineered around Toulon’s first-ever elongated H3 longneck hosel, the Toulon Design 2026 Boston H3 Putter produces approximately 30 degrees of toe hang—significantly reducing face rotation compared to a traditional H1 setup—making it exceptionally stable through the stroke while still offering subtle release. Front-loaded milled round weights are strategically positioned to enhance ball speed consistency across the face, preserving distance control on off-center strikes, while the Deep Diamond Mill face pattern refines acoustics and feedback to deliver a soft yet responsive feel at impact. A newly introdu(more...)",Toulon Design
6/5/2026 11:02 am,26 AUSTIN H1 PUT,Toulon Design 2026 Austin H1 Putter,2026 Austin H1,No,Putter,2026,,,"<p><strong>Who’s It For?</strong></p> <p><span style=""font-weight: 400;"">Crafted for golfers who prefer a more pronounced arc in their putting stroke, the Toulon Design 2026 Austin H1 Putter suits players who benefit from increased toe flow and natural face rotation through impact. The standard plumber’s neck hosel enhances that flowing motion, making it ideal for those who release the putter actively rather than holding the face square, while the refined, minimalist shaping appeals to players seeking a clean, distraction-free look that reinforces confidence and consistency at address.</span></p> <p><strong>The Tech Story</strong></p> <p><span style=""font-weight: 400;"">The Toulon Design 2026 Austin H1 Putter is engineered with refined shaping that updates focus on softer shoulders and more radiused bumpers to enhance visual flow, delivering a smoother, more organic look at address while preserving the classic blade profile. The H1 hosel is meticulously blended for a more traditional, vintage-inspired appearance and promotes natural toe flow for players with arcing strokes. Performance is driven by front-loaded milled round weights that stabilize ball speed across the face, working in tandem with Toulon’s refined Deep Diamond Mill pattern to produce a soft, responsive feel with(more...)",Toulon Design
6/5/2026 10:55 am,26 MONACO H45 PUT,Toulon Design 2026 Monaco H4.5 Putter,2026 Monaco H4.5,No,Putter,2026,,,"<p><strong>Who’s It For?</strong></p> <p><span style=""font-weight: 400;"">The Toulon Design 2026 Monaco H4.5 Putter is an excellent fit for players seeking greater consistency on off-center strikes without giving up the familiar swing characteristics of a classic blade. Designed for golfers with a moderate putting arc who appreciate the natural release and feel of a traditional blade but want the added stability and forgiveness of a larger mallet design. Inspired by one of Toulon Design’s most popular shapes, it appeals to golfers who value a confidence-inspiring profile, enhanced forgiveness, and premium performance on the greens.</span></p> <p><strong>The Tech Story</strong></p> <p><span style=""font-weight: 400;"">The Toulon Design 2026 Monaco H4.5 Putter combines a proven fanged mallet design with advanced multi-material construction to deliver exceptional stability, alignment, feel, and roll. A clean, extended alignment line across the crown works in harmony with the head’s sharper geometric shaping to make setup and aim remarkably intuitive, helping golfers consistently square the face at address. The putter pairs a precision-milled 304 stainless steel front section with a lightweight aircraft-grade 6061 aluminum rear and wing structure, allowing weight to be strategically (more...)",Toulon Design
6/5/2026 10:51 am,26 MONACO H1 PUT,Toulon Design 2026 Monaco H1 Putter,2026 Monaco H1,No,Putter,2026,,,"<p><strong>Who’s It For?</strong></p> <p><span style=""font-weight: 400;"">Designed for players with a slight arc in their stroke who still want added forgiveness and stability, the Toulon Design 2026 Monaco H1 Putter suits golfers looking to transition from a traditional blade into a more confidence-inspiring mallet without sacrificing familiar feel. The moderate toe hang provides enough face rotation for natural release while maintaining improved consistency through impact, making it an ideal fit for those seeking a balance between control, forgiveness, and modern multi-material performance in a mid-size profile.</span></p> <p><strong>The Tech Story</strong></p> <p><span style=""font-weight: 400;"">Built on a proven fang-style silhouette inspired by one of Toulon’s most successful designs, the Toulon Design 2026 Monaco H1 Putter combines a precision-milled 304 stainless steel front section with lightweight 6061 aircraft-grade aluminum wings and back to shift the center of gravity forward while maintaining high MOI for exceptional stability and forgiveness. A clean crown design featuring a single extended alignment line enhances aim and setup confidence, working in concert with the sharper geometry of the head to simplify consistent alignment. The Deep Diamond Mill face pattern, (more...)",Toulon Design
6/5/2026 10:47 am,26 HOUSTON DB PUT,Toulon Design 2026 Houston H1 DB Putter,2026 Houston H1 DB,No,Putter,2026,,,"<p><strong>Who’s It For?</strong></p> <p><span style=""font-weight: 400;"">Designed for players who prioritize maximum stability and minimal face rotation through the stroke, the Toulon Design 2026 Houston H1 DB Putter suits those who benefit from a face-balanced setup and a square-to-square putting motion. The double bend hosel creates a clean, familiar look at address while eliminating torque, making it ideal for golfers seeking consistency and forgiveness in a more progressive mallet shape, particularly those who want the performance advantages of modern design without sacrificing alignment simplicity or confidence over the ball.</span></p> <p><strong>The Tech Story</strong></p> <p><span style=""font-weight: 400;"">Engineered as an ultra-high MOI, multi-material mallet, the Toulon Design 2026 Houston H1 DB Putter maximizes stability by resisting twisting and preserving consistent ball speed across the face, even on off-center strikes. The head shape was carefully developed to influence stroke mechanics, with a more square, angular profile that provides clear visual cues to encourage a straighter path, while sharp perimeter geometry and structured top and bottom rails help keep the face square to the target line for longer through impact. A premium Midnight Blue finish, compleme(more...)",Toulon Design
6/2/2026 11:09 am,VZN1 I CB PUT,L.A.B. Golf VZN.1i Counterbalance Putter,VZN.1i Counterbalance,No,Putter,2026,,,"<p><strong>Who’s It For?</strong></p> <p><span style=""font-weight: 400;"">Tailored for amateur golfers who struggle with alignment and consistency, the L.A.B. Golf VZN.1i Counterbalance Putter is ideal for players who frequently second-guess their aim and lack confidence over the ball. Its optically engineered head provides clear visual feedback on face orientation, helping eliminate uncertainty at address and promoting more accurate start lines. The counterbalance configuration further enhances overall stability and stroke control, making it especially beneficial for those seeking a smoother, more repeatable putting motion. With extensive customization options available, it allows players to dial in feel, balance, and performance to match their individual needs.</span></p> <p><strong>The Tech Story</strong></p> <p><span style=""font-weight: 400;"">Engineered to simplify alignment and deliver repeatable face control, the L.A.B. Golf VZN.1i Counterbalance Putter blends L.A.B. Golf’s patented Lie Angle Balance technology with a visually intuitive, geometry-driven design that helps the putter naturally return square without manipulation through the stroke. A uniquely hexagonal, six-sided head shape works in tandem with the topline, crown lines, and precision cutout geometry to provi(more...)",L.A.B. Golf
6/1/2026 2:34 pm,AI DUAL JLBRD C PUT,Odyssey Ai-Dual Jailbird Cruiser Putter,Ai-Dual Jailbird Cruiser,No,Putter,2026,,,"<p><strong>Who’s It For?</strong></p> <p><span style=""font-weight: 400;"">Designed for players seeking maximum stability, consistency, and easy alignment, the Odyssey Ai-Dual Jailbird Cruiser Putter is ideal for golfers with a straight-back, straight-through stroke who want to reduce face rotation. The Ai-DUAL insert helps maintain consistent ball speed across the face while promoting a true forward roll, while the proven Jailbird shape and high-contrast Versa alignment system inspire confidence at address. The longer, heavier Cruiser configuration further enhances control and tempo, making it especially appealing for those who prefer a more deliberate, pendulum-style putting motion.</span></p> <p><strong>The Tech Story</strong></p> <p><span style=""font-weight: 400;"">The Odyssey Ai-Dual Jailbird Cruiser Putter is engineered around Odyssey’s advanced Ai-DUAL insert, a dual-layer construction designed using artificial intelligence that pairs a soft urethane outer layer with a firmer inner core to deliver consistent ball speed across the face while maintaining exceptional feel and promoting improved forward roll on both center and off-center strikes. Working in tandem with this insert is the new Forward Roll Design groove pattern, which is deeper and more aggressive with a precise(more...)",Odyssey
5/21/2026 2:11 pm,VZN1 I CUSTOM PUT,L.A.B. Golf VZN.1i Custom Putter,VZN.1i Custom,No,Putter,2026,,,"<p><strong>Who’s It For?</strong></p> <p><span style=""font-weight: 400;"">Engineered for golfers who prioritize a premium, stable putting experience, the L.A.B. Golf VZN.1i Custom Putter suits players seeking consistent accuracy and reliable distance control through advanced balance technology. Those who prefer a solid feel at impact will benefit from its solid-body construction, while the classic half-moon mallet profile appeals to players drawn to a traditional look with modern performance advantages. With a high level of forgiveness built in, it accommodates a wide range of skill levels—from improving players to experienced golfers—while offering extensive customization options to fine-tune performance and fit.</span></p> <p><strong>The Tech Story</strong></p> <p><span style=""font-weight: 400;"">Engineered to simplify alignment and deliver repeatable face control, the L.A.B. Golf VZN.1i Custom Putter blends L.A.B. Golf’s patented Lie Angle Balance technology with a visually intuitive, geometry-driven design that helps the putter naturally return square without manipulation through the stroke. A uniquely hexagonal, six-sided head shape works in tandem with the topline, crown lines, and precision cutout geometry to provide multiple perpendicular and parallel reference points, g(more...)",L.A.B. Golf
5/19/2026 2:10 pm,SPDR TOUR X T PVD S TP PUT,TaylorMade Spider Tour X Torched PVD Slant True Path Putter,Spider Tour X Torched PVD Slant True Path,No,Putter,2026,,,"<p><strong>Who’s It For?</strong></p> <p><span style=""font-weight: 400;"">Designed for golfers who demand tour-proven stability with a refined, performance-driven look, the TaylorMade Spider Tour X Torched PVD Slant True Path Putter suits players seeking improved consistency, forgiveness, and alignment on the greens. The slant neck hosel appeals to those with a slight arc stroke, while the True Path alignment system enhances visual confidence at address, making it easier to start putts on line. With its iconic Spider shape trusted by elite players like Rory McIlroy, Scottie Scheffler, and Tommy Fleetwood, it offers a blend of precision and forgiveness that benefits competitive players and everyday golfers alike, now elevated with a premium torched PVD finish.</span></p> <p><strong>The Tech Story</strong></p> <p><span style=""font-weight: 400;"">Engineered to deliver tour-level stability with premium aesthetics, the TaylorMade Spider Tour X Torched PVD Slant True Path Putter features a torched PVD finish that offers a durable, high-quality appearance while complementing its advanced multi-material construction. A thin wall undercut structure redistributes weight to increase MOI, enhancing forgiveness and consistency across the face, while precise CG location progression optimizes (more...)",TaylorMade
5/15/2026 1:13 pm,VZN1 I PUT,L.A.B. Golf VZN.1i Putter,VZN.1i,No,Putter,2026,,,"<p><strong>Who’s It For?</strong></p> <p><span style=""font-weight: 400;""> Designed for amateur golfers who struggle with alignment and consistency on the greens, the L.A.B. Golf VZN.1i Putter appeals to players who often question their aim and lack confidence over the ball. Its optically engineered head is built to clearly reveal where the face is pointing, helping remove doubt at address and giving players a mental boost. By simplifying the aiming process and improving visual feedback, it’s ideal for those seeking greater confidence, more accurate start lines, and ultimately more consistent putting.</span></p> <p><strong>The Tech Story</strong></p> <p><span style=""font-weight: 400;"">Engineered to simplify alignment and deliver repeatable face control, the L.A.B. Golf VZN.1i Putter blends L.A.B. Golf’s patented Lie Angle Balance technology with a visually intuitive, geometry-driven design that helps the putter naturally return square without manipulation through the stroke. A uniquely hexagonal, six-sided head shape works in tandem with the topline, crown lines, and precision cutout geometry to provide multiple perpendicular and parallel reference points, giving players clear, immediate feedback on face orientation and target alignment. The traditional mallet profile lowers th(more...)",L.A.B. Golf
5/12/2026 11:14 am,SPDR ZT MAX LONG PUT,TaylorMade Spider ZT-Max Long Putter,Spider ZT-Max Long,No,Putter,2026,,,"<p><strong>Who’s It For?</strong></p> <p><span style=""font-weight: 400;"">Designed for golfers who want maximum stability with a specialized broomstick-style setup, the TaylorMade Spider ZT-Max Long Putter suits players seeking the ultimate in consistency, control, and stroke repeatability. The long putter build is ideal for those who prefer an anchored or arm-lock style approach, helping reduce excess hand movement and promote a smoother, more pendulum-like motion. Built on the proven Spider platform, it appeals to players who prioritize stability and want a highly repeatable stroke, making it a strong fit for golfers looking to minimize variability and improve overall putting performance.</span></p> <p><strong>The Tech Story</strong></p> <p><span style=""font-weight: 400;"">Engineered to deliver maximum stability in a long-length configuration, the TaylorMade Spider ZT-Max Long Putter combines a high-MOI Spider construction with four heavy steel and tungsten corner weights surrounding a lightweight aerospace-grade aluminum body to create exceptional balance and resistance to twisting. The low torque design positions the KBS shaft near the center of gravity with 2° of shaft lean and 34 mm of onset, promoting a toe-up orientation that enhances stroke stability and consistency, pa(more...)",TaylorMade
5/12/2026 11:13 am,SPDR ZT MAX CB PUT,TaylorMade Spider ZT-Max Counterbalance Putter,Spider ZT-Max Counterbalance,No,Putter,2026,,,"<p><strong>Who’s It For?</strong></p> <p><span style=""font-weight: 400;"">Designed for golfers who want maximum stability with enhanced feel and control, the TaylorMade Spider ZT-Max Counterbalance Putter suits players seeking a smoother, more consistent putting stroke with added forgiveness. The heavier, counterbalance build is ideal for those looking to quiet hand action and improve tempo, while maintaining exceptional face stability throughout the stroke. Built on the proven Spider platform, it appeals to a wide range of golfers—from competitive players to those looking to minimize inconsistencies and achieve more reliable, repeatable performance on the greens.</span></p> <p><strong>The Tech Story</strong></p> <p><span style=""font-weight: 400;"">Engineered to deliver ultimate stability and precision, the TaylorMade Spider ZT-Max Counterbalance Putter combines a high-MOI Spider construction with four heavy steel and tungsten corner weights surrounding a lightweight aerospace-grade aluminum body, creating exceptional balance and resistance to twisting. The low torque design features a KBS shaft positioned near the center of gravity with 2° of shaft lean and 34 mm of onset, promoting a toe-up orientation for a smoother, more repeatable stroke, further enhanced by the counterbala(more...)",TaylorMade
5/12/2026 11:11 am,SPDR ZT MAX PUT,TaylorMade Spider ZT-Max Putter,Spider ZT-Max,No,Putter,2026,,,"<p><strong>Who’s It For?</strong></p> <p><span style=""font-weight: 400;"">Designed for golfers seeking the highest level of stability and repeatable performance, the TaylorMade Spider ZT-Max Putter appeals to players who want maximum consistency and control on the greens. Its next-generation Spider design focuses on delivering unmatched stability and dependable roll, making it ideal for those who struggle with face control or want to minimize variability in their stroke. Suited for a wide range of skill levels, it offers a confidence-inspiring platform that helps golfers achieve a smoother, more repeatable motion and more consistent results from putt to putt.</span></p> <p><strong>The Tech Story</strong></p> <p><span style=""font-weight: 400;"">Engineered to deliver next-generation stability and consistency, the TaylorMade Spider ZT-Max Putter features a high-MOI Spider construction that combines four heavy steel and tungsten corner weights with a lightweight aerospace-grade aluminum body to maximize forgiveness and maintain face stability through impact. A low torque design positions the KBS shaft directly near the center of gravity with 2° of shaft lean and 34 mm of onset, promoting a toe-up orientation that reduces twisting and encourages a more repeatable stroke. The black Pu(more...)",TaylorMade
5/12/2026 11:10 am,SPDR TOUR T PVD CB PUT,TaylorMade Spider Tour Torched PVD Counterbalance Putter,Spider Tour Torched PVD Counterbalance,No,Putter,2026,,,"<p><strong>Who’s It For?</strong></p> <p><span style=""font-weight: 400;"">Designed for golfers seeking maximum stability and enhanced feel, the TaylorMade Spider Tour Torched PVD Counterbalance Putter suits players who want improved control and forgiveness with added stroke consistency. The counterbalance design is ideal for those looking to smooth out their tempo and reduce unwanted hand action, while the double bend hosel favors players with a straight back-and-through stroke by minimizing face rotation. Paired with the True Path alignment system for improved visual clarity, it delivers tour-proven confidence and performance trusted by elite players like Rory McIlroy, Scottie Scheffler, and Tommy Fleetwood, making it a strong fit for both competitive golfers and those looking to achieve more consistent, reliable results on the greens.</span></p> <p><strong>The Tech Story</strong></p> <p><span style=""font-weight: 400;"">Engineered with a premium torched PVD finish, the TaylorMade Spider Tour Torched PVD Counterbalance Putter combines enhanced durability with a refined, tour-inspired aesthetic while delivering advanced multi-material performance. A thin wall undercut construction removes excess weight to increase MOI, creating exceptional stability and forgiveness, further ampli(more...)",TaylorMade
5/12/2026 11:08 am,SPDR TOUR T PVD S PUT,TaylorMade Spider Tour Torched PVD Slant Putter,Spider Tour Torched PVD Slant,No,Putter,2026,,,"<p><strong>Who’s It For?</strong></p> <p><span style=""font-weight: 400;"">Designed for golfers who want tour-proven stability with a refined balance of control and feel, the TaylorMade Spider Tour Torched PVD Slant Putter suits players seeking consistent performance and forgiveness on the greens. The slant neck hosel is ideal for those with a slight arc in their putting stroke, promoting natural face rotation, while the True Path alignment system enhances visual clarity to help improve aim and confidence at address. Trusted by elite players like Rory McIlroy, Scottie Scheffler, and Tommy Fleetwood, it delivers a stable, repeatable stroke with the forgiveness and precision needed by both competitive golfers and those looking to improve consistency.</span></p> <p><strong>The Tech Story</strong></p> <p><span style=""font-weight: 400;"">Engineered with a premium torched PVD finish, the TaylorMade Spider Tour Torched PVD Slant Putter delivers a durable, high-quality aesthetic while integrating advanced multi-material construction for consistent performance. A thin wall undercut design removes excess mass to increase MOI, promoting exceptional stability and forgiveness across the face, while progressive CG location optimization allows for precise fitting and balanced performance. The W(more...)",TaylorMade
5/12/2026 11:07 am,SPDR TOUR T PVD L PUT,TaylorMade Spider Tour Torched PVD L Neck Putter,Spider Tour Torched PVD L Neck,No,Putter,2026,,,"<p><strong>Who’s It For?</strong></p> <p><span style=""font-weight: 400;"">Designed for golfers who favor a traditional look with the added stability of a high-MOI mallet, the TaylorMade Spider Tour Torched PVD L Neck Putter suits players seeking consistent performance, forgiveness, and improved control on the greens. The plumber’s neck hosel is ideal for those with a moderate arc in their stroke, promoting natural face rotation, while the single alignment line offers a clean, uncluttered visual that appeals to players who prefer a simple setup at address. Trusted by elite players like Rory McIlroy, Scottie Scheffler, and Tommy Fleetwood, it delivers tour-proven stability and confidence for both competitive golfers and those looking to enhance their putting consistency.</span></p> <p><strong>The Tech Story</strong></p> <p><span style=""font-weight: 400;"">Engineered with a premium torched PVD finish, the TaylorMade Spider Tour Torched PVD L Neck Putter delivers a durable, high-quality aesthetic while supporting advanced multi-material performance throughout the head. The thin wall undercut construction removes excess mass to reposition weight and increase MOI, creating exceptional stability and forgiveness for consistent results across the face. A White TPU Pure Roll™ insert, made(more...)",TaylorMade
5/12/2026 11:07 am,SPDR TOUR X T PVD DB PUT,TaylorMade Spider Tour X Torched PVD DB Putter,Spider Tour X Torched PVD DB,No,Putter,2026,,,"<p><strong>Who’s It For?</strong></p> <p><span style=""font-weight: 400;"">Designed for golfers who prioritize maximum stability and a clean, face-balanced stroke, the TaylorMade Spider Tour X Torched PVD DB Putter is ideal for players seeking improved consistency, forgiveness, and confidence on the greens. The double bend hosel suits those with a straighter back-and-through putting motion by minimizing face rotation, while the True Path alignment system enhances visual clarity to help aim more accurately. Trusted by elite players like Rory McIlroy, Scottie Scheffler, and Tommy Fleetwood, it delivers a proven blend of forgiveness and precision that benefits both competitive golfers and those looking to make more consistent, reliable putts.</span></p> <p><strong>The Tech Story</strong></p> <p><span style=""font-weight: 400;"">Engineered with a striking torched PVD finish, the TaylorMade Spider Tour X Torched PVD DB Putter pairs enhanced durability with a premium, tour-inspired aesthetic while integrating advanced performance technologies throughout the head. A thin wall undercut construction removes excess mass to reposition weight for increased MOI, delivering exceptional stability, forgiveness, and the signature Spider performance. The White TPU Pure Roll™ insert, constructed fro(more...)",TaylorMade
5/12/2026 11:06 am,SPDR TOUR X T PVD L PUT,TaylorMade Spider Tour X Torched PVD L Neck Putter,Spider Tour X Torched PVD L Neck,No,Putter,2026,,,"<p><strong>Who’s It For?</strong></p> <p><span style=""font-weight: 400;"">Designed for golfers who want tour-proven stability with a refined blend of feel and control, this high-MOI mallet suits players seeking maximum forgiveness and consistency across the green. The plumbers neck hosel is ideal for those with a moderate arc in their stroke, offering a more traditional look with controlled face rotation, while the True Path alignment system enhances visual clarity to help players aim more precisely. Trusted by elite players like Rory McIlroy, Scottie Scheffler, and Tommy Fleetwood, it delivers the confidence, balance, and repeatable performance that appeals to both competitive players and those looking to elevate their putting consistency.</span></p> <p><strong>The Tech Story</strong></p> <p><span style=""font-weight: 400;"">Engineered with a premium torched PVD finish for enhanced durability and a refined aesthetic, the TaylorMade Spider Tour X Torched PVD L Neck Putter integrates advanced multi-material construction to deliver elite putting performance. A thin wall undercut design redistributes weight to maximize MOI, creating exceptional stability and forgiveness while maintaining the legendary Spider feel. The White TPU Pure Roll™ insert, made from a Surlyn and aluminum blen(more...)",TaylorMade
5/12/2026 11:05 am,SPDR TOUR X T PVD S PUT,TaylorMade Spider Tour X Torched PVD Slant Single Line Putter,Spider Tour X Torched PVD Slant Single Line,No,Putter,2026,,,"<p><strong>Who’s It For?</strong></p> <p><span style=""font-weight: 400;"">Designed for golfers who prefer a clean, traditional alignment look paired with maximum stability, the TaylorMade Spider Tour X Torched PVD Slant Single Line Putter favors players seeking consistent roll, improved forgiveness, and dependable performance on off-center strikes. The slant neck configuration suits those with a slight arc in their stroke, promoting natural face rotation, while the single alignment line offers a simple, uncluttered visual that appeals to players who aim best without added alignment complexity. Trusted by elite players like Rory McIlroy, Scottie Scheffler, and Tommy Fleetwood, its proven Spider shape delivers the confidence, balance, and control needed by both competitive golfers and everyday players looking for more reliable results on the greens.</span></p> <p><strong>The Tech Story</strong></p> <p><span style=""font-weight: 400;""> Engineered with a premium torched PVD finish, the TaylorMade Spider Tour X Torched PVD Slant Single Line Putter combines durability with a refined, high-quality aesthetic while supporting advanced performance technologies throughout the head. A thin wall undercut design removes excess mass to reposition weight effectively, creating exceptional high-M(more...)",TaylorMade
5/12/2026 11:05 am,SPDR TOUR F T PVD DB PUT,TaylorMade Spider Tour F Torched PVD DB Putter,Spider Tour F Torched PVD DB,No,Putter,2026,,,"<p><strong>Who’s It For?</strong></p> <p><span style=""font-weight: 400;"">Designed for golfers who want maximum stability with a simplified, confidence-inspiring setup, the TaylorMade Spider Tour F Torched PVD DB Putter suits players seeking consistent roll and forgiveness while maintaining a clean visual at address. The double bend hosel is ideal for those with a straight back-and-through stroke, minimizing face rotation for improved control, while the single alignment line provides a straightforward, uncluttered aiming reference. Trusted by elite players like Rory McIlroy, Scottie Scheffler, and Tommy Fleetwood, it delivers a blend of tour-proven stability, forgiveness, and precision that benefits both competitive golfers and players looking for more reliable performance on the greens.</span></p> <p><strong>The Tech Story</strong></p> <p><span style=""font-weight: 400;"">Engineered with a premium torched PVD finish, the TaylorMade Spider Tour F Torched PVD DB Putter combines enhanced durability with a refined, high-end aesthetic while supporting advanced multi-material performance. A thin wall undercut construction strategically removes excess weight to elevate MOI, delivering exceptional stability, forgiveness, and the signature Spider consistency. The White TPU Pure Roll™ ins(more...)",TaylorMade
5/12/2026 11:04 am,SPDR TOUR F T PVD L PUT,TaylorMade Spider Tour F Torched PVD L Neck Putter,Spider Tour F Torched PVD L Neck,No,Putter,2026,,,"<p><strong>Who’s It For?</strong></p> <p><span style=""font-weight: 400;"">Designed for golfers who want the stability of a high-MOI mallet paired with a more aggressive, tour-inspired shape, the TaylorMade Spider Tour F Torched PVD L Neck Putter appeals to players seeking enhanced forgiveness and confidence without sacrificing a refined look at address. The plumber’s neck hosel suits those with a moderate arc in their stroke, promoting natural face rotation, while the Single Line alignment provides clear visual guidance for improved aim and setup. Trusted by elite players like Rory McIlroy, Scottie Scheffler, and Tommy Fleetwood, it delivers a blend of precision, stability, and visual confidence ideal for competitive golfers and those looking to elevate consistency on the greens.</span></p> <p><strong>The Tech Story</strong></p> <p><span style=""font-weight: 400;"">Engineered with a premium torched PVD finish, the TaylorMade Spider Tour F Torched PVD L Neck Putter combines enhanced durability with a refined, tour-inspired aesthetic while supporting advanced multi-material performance. The thin wall undercut construction strategically removes excess weight to increase MOI, delivering exceptional stability, forgiveness, and the signature Spider consistency. A White TPU Pure Roll™ i(more...)",TaylorMade
5/12/2026 11:03 am,SPDR TOUR V T PVD L PUT,TaylorMade Spider Tour V Torched PVD L Neck Putter,Spider Tour V Torched PVD L Neck,No,Putter,2026,,,"<p><strong>Who’s It For?</strong></p> <p><span style=""font-weight: 400;"">Designed for golfers who want the forgiveness of a high-MOI mallet in a more classic, compact shape, the TaylorMade Spider Tour V Torched PVD L Neck Putter suits players seeking enhanced control without sacrificing stability and consistency. The plumber’s neck hosel appeals to those with a moderate arc in their stroke, offering a traditional look with natural face rotation, while the Single Line alignment provides clear visual guidance to improve aim and confidence at address. Trusted by elite players like Rory McIlroy, Scottie Scheffler, and Tommy Fleetwood, it blends tour-proven performance with a refined profile that fits both competitive players and those transitioning from blade-style putters.</span></p> <p><strong>The Tech Story</strong></p> <p><span style=""font-weight: 400;"">Engineered with a premium torched PVD finish, the TaylorMade Spider Tour V Torched PVD L Neck Putter combines durability with a refined, high-end aesthetic while supporting advanced multi-material construction throughout the head. A thin wall undercut design strategically removes excess mass to increase MOI, delivering exceptional stability and forgiveness synonymous with the Spider lineage. The White TPU Pure Roll™ insert, bui(more...)",TaylorMade
5/7/2026 1:56 pm,BB1 FITZ FLOW PUT,Bettinardi 2026 BB1 Fitz Flow Putter,2026 BB1 Fitz Flow,No,Putter,2026,,,"<p><strong>Who’s It For?</strong></p> <p><span style=""font-weight: 400;"">Designed for highly skilled golfers who value precision, feel, and exacting performance, the Bettinardi 2026 BB1 Fitz Flow Putter is ideal for players who appreciate meticulous craftsmanship and want to replicate the setup trusted by one of the game’s most detail-oriented professionals. Golfers who demand consistency in roll and feedback, and who are drawn to the confidence of a Tour-validated design, will especially benefit from a putter built to the same exact standards Matt Fitzpatrick relies on at the highest level of competition.</span></p> <p><strong>The Tech Story</strong></p> <p><span style=""font-weight: 400;"">Engineered to deliver Tour-level precision and feel, the Bettinardi 2026 BB1 Fitz Flow Putter incorporates the advanced Fitz Face milling, a semi-circular groove pattern developed in collaboration with Matt Fitzpatrick to promote his preferred combination of soft feel and consistent forward roll. Each head is precision-milled from a solid block of 303 Stainless Steel and tuned to a 350-gram head weight, ensuring exceptional balance, stability, and feedback throughout the stroke. The refined TourTone finish—featuring a dual Black Armor and Diamond Blast treatment—creates a distinctive, high-c(more...)",Bettinardi
5/7/2026 1:16 pm,COSTA PVD PUT,TP Mills Club Champ Costa PVD Putter,Club Champ Costa PVD,No,Putter,2026,,,"<p><strong>Who’s It For?</strong></p> <p><span style=""font-weight: 400;"">Designed for golfers who prioritize maximum stability and a square, controlled stroke, the TP Mills Club Champ Costa PVD Putter suits players seeking a highly forgiving mallet with minimal face rotation. The double bend shaft and face-balanced setup appeal to those who prefer a straight-back, straight-through motion, while the fanged mallet shape provides added alignment confidence and forgiveness. It’s an ideal fit for players who value precision and consistency, combined with the craftsmanship and performance heritage built from decades of putter design expertise.</span></p> <p><strong>The Tech Story</strong></p> <p><span style=""font-weight: 400;"">Engineered with a precision-forged SUS 303 stainless steel head, the TP Mills Club Champ Costa PVD Putter delivers a soft, responsive impact feel while maintaining the durability and consistency expected from premium materials. A matte PVD finish enhances surface resilience and provides a refined, low-glare appearance at address, while the proprietary Bullet Sole design optimizes weight distribution for improved balance and stability throughout the stroke. Complementing the head design, a custom-made shaft ensures consistent performance and feel, and the premi(more...)",TP Mills
5/7/2026 1:14 pm,VISTA PVD PUT,TP Mills Club Champ Vista PVD Putter,Club Champ Vista PVD,No,Putter,2026,,,"<p><strong>Who’s It For?</strong></p> <p><span style=""font-weight: 400;"">Designed for golfers who prefer a stable, face-balanced feel with added forgiveness, the TP Mills Club Champ Vista PVD Putter suits players who benefit from a more controlled, square-to-square stroke but still want the confidence of a modern mallet shape. The single bend shaft promotes minimal face rotation, making it ideal for those seeking consistency and alignment ease, while the fanged mallet profile enhances stability and visual confidence—appealing to players who value precision, repeatability, and the proven craftsmanship rooted in decades of refined putter design.</span></p> <p><strong>The Tech Story</strong></p> <p><span style=""font-weight: 400;"">Engineered with a precision-forged SUS 303 stainless steel head, the TP Mills Club Champ Vista PVD Putter delivers a soft, responsive impact feel while maintaining exceptional durability and consistency through repeated use. A premium matte PVD finish enhances surface resilience and reduces glare, providing a clean, refined appearance at address, while the proprietary Bullet Sole design optimizes weight distribution to improve balance and stability throughout the stroke. Complementing the head construction, a custom-made shaft is paired with a premium PU(more...)",TP Mills
5/7/2026 1:10 pm,HUEY PVD PUT,TP Mills Club Champ Huey PVD Putter,Club Champ Huey PVD,No,Putter,2026,,,"<p><strong>Who’s It For?</strong></p> <p><span style=""font-weight: 400;"">Designed for golfers who want a balanced blend of control and forgiveness, the TP Mills Club Champ Huey PVD Putter suits players who favor a traditional feel with some toe flow while still benefiting from added stability. The plumber’s neck hosel promotes natural face rotation, making it ideal for those with a slight to moderate arc in their stroke, while the mid-mallet profile appeals to players looking for increased confidence and consistency without moving fully into a larger, more face-balanced mallet.</span></p> <p><strong>The Tech Story</strong></p> <p><span style=""font-weight: 400;"">Engineered with a precision-forged SUS 303 stainless steel head, the TP Mills Club Champ Huey PVD Putter delivers a soft, responsive impact feel while maintaining exceptional consistency and durability. A premium matte PVD finish enhances surface resilience and reduces glare, providing a clean, refined look at address, while the proprietary Bullet Sole design optimizes weight distribution to promote stability and balance throughout the stroke. Complementing the head construction, a custom-made shaft is paired with a premium PU leather grip, enhancing feedback, comfort, and overall control, resulting in a cohesive, perfo(more...)",TP Mills
5/7/2026 1:08 pm,NELLIE PVD PUT,TP Mills Club Champ Nellie PVD Putter,Club Champ Nellie PVD,No,Putter,2026,,,"<p><strong>Who’s It For?</strong></p> <p><span style=""font-weight: 400;"">Designed for golfers who prefer a traditional blade profile with pronounced toe flow, the TP Mills Club Champ Nellie PVD Putter suits players with a stronger arc who rely on natural face rotation throughout the stroke. The plumber’s neck hosel enhances that flowing motion, making it ideal for those who want precise feedback and control in a more responsive, workability-focused design, while the classic shaping appeals to players who value refined craftsmanship and the legacy performance standards rooted in decades of putter innovation.</span></p> <p><strong>The Tech Story</strong></p> <p><span style=""font-weight: 400;"">Engineered with a precision-forged SUS 303 stainless steel head, the TP Mills Club Champ Nellie PVD Putter delivers a soft, responsive impact feel while maintaining exceptional consistency and durability. A premium matte PVD finish enhances surface resilience and reduces glare for a clean, refined look at address, while the proprietary Bullet Sole design optimizes weight distribution to promote improved balance and stability throughout the stroke. The inclusion of a custom-made shaft ensures cohesive performance characteristics, and a premium PU leather grip enhances tactile feedback and co(more...)",TP Mills
5/7/2026 1:05 pm,NELLIE S PVD PUT,TP Mills Club Champ Nellie S PVD Putter,Club Champ Nellie S PVD,No,Putter,2026,,,"<p><strong>Who’s It For?</strong></p> <p><span style=""font-weight: 400;"">Designed for golfers who want a traditional blade look with a more controlled, balanced stroke, the TP Mills Club Champ Nellie S PVD Putter suits players with a slight-to-moderate arc who benefit from some face rotation without excessive toe flow. The single bend shaft promotes a more stable, face-balanced feel compared to a plumber’s neck, making it an excellent option for those seeking a blend of classic shaping and added stability, while still valuing precision, feedback, and the proven craftsmanship rooted in decades of refined putter design.</span></p> <p><strong>The Tech Story</strong></p> <p><span style=""font-weight: 400;"">Engineered with a precision-forged SUS 303 stainless steel head, the TP Mills Club Champ Nellie PVD Putter delivers a soft, responsive impact feel while maintaining exceptional consistency and durability. A premium matte PVD finish enhances surface resilience and reduces glare for a clean, refined look at address, while the proprietary Bullet Sole design optimizes weight distribution to promote improved balance and stability throughout the stroke. The inclusion of a custom-made shaft ensures cohesive performance characteristics, and a premium PU leather grip enhances tactile feed(more...)",TP Mills
5/7/2026 1:03 pm,FLAT T PVD PUT,TP Mills Club Champ Flat T PVD Putter,Club Champ Flat T PVD,No,Putter,2026,,,"<p><strong>Who’s It For?</strong></p> <p><span style=""font-weight: 400;"">Designed for golfers who prefer a traditional blade profile with pronounced toe flow, the TP Mills Club Champ Flat T PVD Putter suits players with a stronger arc who rely on natural face rotation throughout the stroke. The plumber’s neck hosel promotes an active release, making it ideal for those who favor a more hands-on, feel-oriented putting style, while the classic design appeals to players who value precision, feedback, and the legacy craftsmanship associated with decades of refined putter performance.</span></p> <p><strong>The Tech Story</strong></p> <p><span style=""font-weight: 400;"">Engineered with a precision-forged SUS 303 stainless steel head, the TP Mills Club Champ Flat T PVD Putter delivers a soft, responsive impact feel while maintaining exceptional durability and consistency. A premium matte PVD finish enhances surface resilience and provides a refined, low-glare appearance at address, while the proprietary Bullet Sole design optimizes weight distribution to promote improved balance and stability throughout the stroke. Complementing the head construction, a custom-made shaft is paired with a premium PU leather grip to enhance tactile feedback, comfort, and overall control, creating a cohes(more...)",TP Mills
5/7/2026 1:01 pm,VISTA ZT PLT PUT,TP Mills Club Champ Vista ZT PLT Putter,Club Champ Vista ZT PLT,No,Putter,2026,,,"<p><strong>Who’s It For?</strong></p> <p><span style=""font-weight: 400;"">Designed for golfers who want maximum stability and a perfectly square face throughout the stroke, the TP Mills Club Champ Vista ZT PVD Putter suits players who prefer a straight-back, straight-through motion with minimal to no face rotation. The center-shafted, zero torque design appeals to those seeking ultimate consistency and control, while the fanged mallet shape provides added forgiveness and alignment confidence, making it an ideal fit for players who prioritize precision, repeatability, and a highly stable putting experience.</span></p> <p><strong>The Tech Story</strong></p> <p><span style=""font-weight: 400;"">Engineered around a true zero-torque design philosophy, the TP Mills Club Champ Vista ZT PVD Putter precisely aligns the shaft axis with the center of gravity to virtually eliminate face rotation throughout the stroke, promoting exceptional stability and consistency. The center-shafted configuration reinforces this alignment, while three integrated alignment lines make it easier to square the face at address for more confident setup. A precision-milled head constructed from forged SUS 303 stainless steel enhances accuracy and repeatability, complemented by the refined SMALL TUNA face milling (more...)",TP Mills
5/7/2026 12:59 pm,VISTA ZT PVD PUT,TP Mills Club Champ Vista ZT PVD Putter,Club Champ Vista ZT PVD,No,Putter,2026,,,"<p><strong>Who’s It For?</strong></p> <p><span style=""font-weight: 400;"">Designed for golfers who want maximum stability and a perfectly square face throughout the stroke, the TP Mills Club Champ Vista ZT PVD Putter suits players who prefer a straight-back, straight-through motion with minimal to no face rotation. The center-shafted, zero torque design appeals to those seeking ultimate consistency and control, while the fanged mallet shape provides added forgiveness and alignment confidence, making it an ideal fit for players who prioritize precision, repeatability, and a highly stable putting experience.</span></p> <p><strong>The Tech Story</strong></p> <p><span style=""font-weight: 400;"">Engineered around a true zero-torque design philosophy, the TP Mills Club Champ Vista ZT PVD Putter precisely aligns the shaft axis with the center of gravity to virtually eliminate face rotation throughout the stroke, promoting exceptional stability and consistency. The center-shafted configuration reinforces this alignment, while three integrated alignment lines make it easier to square the face at address for more confident setup. A precision-milled head constructed from forged SUS 303 stainless steel enhances accuracy and repeatability, complemented by the refined SMALL TUNA face milling (more...)",TP Mills
5/7/2026 12:57 pm,NELLIE ZT PLT PUT,TP Mills Club Champ Nellie ZT PLT Putter,Club Champ Nellie ZT PLT,No,Putter,2026,,,"<p><strong>Who’s It For?</strong></p> <p><span style=""font-weight: 400;"">Designed for golfers who value a perfectly stable, rotation-free stroke, the TP Mills Club Champ Nellie ZT PLT Putter suits players who prefer a straight-back, straight-through motion with maximum face control. The zero torque, center-shafted design is ideal for those seeking unmatched consistency and alignment precision in a traditional blade profile, while the minimal face rotation appeals to players who want to eliminate variability and rely on a repeatable, mechanically sound putting stroke.</span></p> <p><strong>The Tech Story</strong></p> <p><span style=""font-weight: 400;"">Engineered around a true zero-torque architecture, the TP Mills Club Champ Nellie ZT PLT Putter precisely aligns the shaft axis with the center of gravity to eliminate face rotation and promote a consistently square impact position throughout the stroke. The center-positioned shaft reinforces this balance, while a topline alignment aid enhances setup precision for improved confidence at address. A precision-milled head constructed from forged SUS 303 stainless steel delivers exceptional accuracy and consistency, complemented by the SMALL TUNA face milling pattern that produces a refined feel and promotes smooth, controlled roll. A(more...)",TP Mills
5/7/2026 12:54 pm,SOLANA ZT PUT,TP Mills Club Champ Solana ZT Putter,Club Champ Solana ZT,No,Putter,2026,,,"<p><strong>Who’s It For?</strong></p> <p><span style=""font-weight: 400;"">Designed for golfers who want to eliminate face rotation and maximize stroke consistency, the TP Mills Club Champ Solana ZT Putter suits players who prefer a straight-back, straight-through motion and rely on a repeatable, mechanically stable putting stroke. The center-shafted, zero-torque design appeals to those seeking ultimate control and alignment precision, while the mallet shape with added alignment features is ideal for players who benefit from visual guidance and enhanced forgiveness, creating a confidence-inspiring setup for those focused on consistency and accuracy on the greens.</span></p> <p><strong>The Tech Story</strong></p> <p><span style=""font-weight: 400;"">Engineered with a multi-material construction, the TP Mills Club Champ Solana ZT Putter combines an aluminum body with a precision stainless steel plate to lower the center of gravity and optimize CG positioning for enhanced stability and forgiveness. The forward sight line is strategically integrated to simplify alignment and promote a more consistent setup, while the SMALL TUNA face milling pattern refines feel and encourages a smooth, controlled roll. A forged design expands the effective hitting area, creating a wider and deeper swe(more...)",TP Mills
5/7/2026 11:48 am,TI 23 PUT,TP Mills TI-23 Putter,TI-23,No,Putter,2026,,,"<p><strong>Who’s It For?</strong></p> <p><span style=""font-weight: 400;"">Designed for players who appreciate the precision and feedback of a classic blade, the TP Mills TI-23 Putter suits golfers with a consistent stroke who prefer the traditional look and feel of a plumber’s neck design. Its deep milled face caters to those seeking a soft yet responsive impact, while the thoughtfully engineered alignment features appeal to players who value confident setup and naturally centered positioning to promote more consistent, accurate putting.</span></p> <p><strong>The Tech Story</strong></p> <p><span style=""font-weight: 400;"">Engineered to deliver an exceptionally soft yet responsive feel, the aluminum body  of the TP Mills TI-23 Putter utilizes an Energy Flow Design that absorbs unwanted micro-vibrations at impact while maintaining a crisp, clean sound preferred by discerning players. The deep, precision-milled face pattern enhances ball contact by reducing initial skid and promoting a more immediate transition into forward roll, allowing the ball to track smoothly along the intended line. This combination of vibration control and optimized face geometry ensures consistent speed, improved distance control, and a true, end-over-end roll on putts of all lengths.</span></p> <p><stron(more...)",TP Mills
4/28/2026 1:56 pm,ZT 4 PUT,Tour Edge Zero T ZT-4 Putter,Zero T ZT-4,No,Putter,2026,,,"<p><strong>Who’s It For?</strong></p> <p><span style=""font-weight: 400;"">Designed for golfers seeking maximum forgiveness and added confidence on the greens, the Tour Edge ZT-4 Putter is ideal for players who benefit from a larger mallet profile that enhances stability and consistency. The expanded footprint helps reduce the effects of off-center strikes, while the high-contrast True Path stripe provides a clear visual guide from ball to target, making it especially appealing to golfers who rely on strong alignment cues to improve accuracy and start putts more consistently on line.</span></p> <p><strong>The Tech Story</strong></p> <p><span style=""font-weight: 400;"">Engineered for maximum stability and a smooth, consistent roll, the Tour Edge ZT-4 Putter incorporates Zero Torque Technology by aligning the shaft axis directly through the center of gravity, effectively minimizing face rotation and helping maintain a square face through impact for improved start-line performance. A high-MOI head design enhances forgiveness by resisting twisting on off-center strikes, promoting a more repeatable and controlled stroke. The center stripe alignment system uses a bold, high-contrast visual paired with a golf ball-style guide at the back of the head to center the ball at address and sim(more...)",Tour Edge
4/28/2026 1:54 pm,ZT 3 PUT,Tour Edge Zero T ZT-3 Putter,Zero T ZT-3,No,Putter,2026,,,"<p><strong>Who’s It For?</strong></p> <p><span style=""font-weight: 400;"">Designed for golfers who want a more visually intuitive setup and improved aiming confidence, the Tour Edge ZT-3 Putter is ideal for players who rely on clear alignment cues to consistently start putts on their intended line. The square frame alignment system helps frame the ball and extend the target line for easier visual tracking, while the zero torque design works to reduce face rotation and keep the putter face square throughout the stroke, promoting a more stable, repeatable motion.</span></p> <p><strong>The Tech Story</strong></p> <p><span style=""font-weight: 400;"">Engineered to deliver exceptional stability and directional consistency, the Tour Edge ZT-3 Putter features Zero Torque Technology that aligns the shaft axis directly through the center of gravity, minimizing face rotation and helping maintain a square face through impact for improved start-line accuracy. A high-MOI head design enhances forgiveness by resisting twisting on off-center strikes, promoting a smooth, repeatable stroke. The squared frame alignment system creates a structured visual behind the ball, clearly framing the target line to encourage confident setup and precise aim. Precision horizontal face milling improves consisten(more...)",Tour Edge
4/28/2026 1:51 pm,ZT 2 PUT,Tour Edge Zero T ZT-2 Putter,Zero T ZT-2,No,Putter,2026,,,"<p><strong>Who’s It For?</strong></p> <p><span style=""font-weight: 400;"">Designed for golfers seeking a more repeatable and naturally square putting stroke, the Tour Edge ZT-2 Putter appeals especially to players who struggle with face control or consistent alignment. The zero torque design helps minimize unwanted face rotation, allowing the putter to stay square more easily throughout the stroke, while the compact mallet shape offers added confidence without looking oversized. Its contrast topline alignment system further enhances visual clarity at address, making it a strong fit for players who rely on clear alignment cues to consistently start putts on line.</span></p> <p><strong>The Tech Story</strong></p> <p><span style=""font-weight: 400;"">Engineered to deliver maximum face stability and consistency, the Tour Edge ZT-2 Putter utilizes Zero Torque Technology by aligning the shaft axis directly through the center of gravity, effectively minimizing face rotation and helping golfers maintain a square face through impact for improved start-line accuracy. A high-MOI head design enhances forgiveness by resisting twisting on off-center strikes, promoting a smoother, more repeatable stroke. Visual precision is elevated through a contrast topline alignment system, where a bold top (more...)",Tour Edge
4/28/2026 1:49 pm,ZT 1 PUT,Tour Edge Zero T ZT-1 Putter,Zero T ZT-1,No,Putter,2026,,,"<p><strong>Who’s It For?</strong></p> <p><span style=""font-weight: 400;"">Designed for golfers who appreciate the clean look of a traditional mallet but want added consistency and stability in their stroke, the Tour Edge ZT-1 Putter is ideal for players seeking a more reliable, square face through impact. Its Zero Torque design helps minimize face rotation for improved accuracy, while the 3D Sloped Alignment Bridge naturally guides the eyes down the target line, making it a great fit for those who value enhanced alignment and confidence on the greens.</span></p> <p><strong>The Tech Story</strong></p> <p><span style=""font-weight: 400;""> Built around Zero Torque Technology, the Tour Edge ZT-1 Putter aligns the shaft axis directly through the center of gravity to eliminate unwanted face rotation, helping keep the face square throughout the stroke for improved start line accuracy. A high-MOI head design enhances stability and resistance to twisting at impact, promoting more consistent, repeatable performance across a variety of putting strokes. The 3D Sloped Alignment Bridge provides a visually intuitive setup by naturally guiding the eyes down the target line, improving alignment and confidence at address. Precision horizontal face milling ensures consistent contact and a smooth, (more...)",Tour Edge
4/28/2026 10:32 am,EXOTICS MINI DVR,Tour Edge Exotics Mini Driver,Exotics Mini,No,Driver,2026,,,"<p><strong>Who’s It For?</strong></p> <p><span style=""font-weight: 400;"">Built for golfers who want a confident, controllable option off the tee or from the fairway, the Tour Edge Exotics Mini Driver appeals to players who value precision without sacrificing ball speed. Its blend of speed-enhancing face response and added control makes it especially well-suited for those seeking a reliable alternative to a driver—ideal for tighter tee shots, strategic positioning, or players who prioritize consistency and accuracy alongside distance.</span></p> <p><strong>The Tech Story</strong></p> <p><span style=""font-weight: 400;"">Engineered to maximize both speed and forgiveness, the Tour Edge Exotics Mini Driver features Combo Brazing technology that seamlessly fuses a lightweight titanium face to a durable stainless steel body, eliminating energy loss and delivering faster ball speeds with greater efficiency at impact. A strategically lower and deeper weight placement enhances stability and forgiveness, while the ultra-thin titanium face optimizes spin and launch for longer, more controlled shots. Leading its class in MOI, the heavier steel construction shifts mass to the perimeter to maintain ball speed and directional control on mishits, creating a highly stable and confidence-inspirin(more...)",Tour Edge
4/21/2026 2:26 pm,AD HEXPERIMENTAL 9 PUT,Bettinardi Antidote Hexperimental #9 Putter,Antidote Hexperimental #9,No,Putter,2026,,,"<p><strong>Who’s It For?</strong></p> <p><span style=""font-weight: 400;"">Designed for golfers who love the look and feel of a classic blade but want the stability benefits of modern performance, the Bettinardi Antidote Hexperimental #9 Putter is ideal for players who prefer a traditional heel‑shafted setup. The Simply Balanced™ Zero‑Torque Technology delivers a naturally square, torque‑free stroke from start to finish, helping maintain face control without altering stroke mechanics. With a timeless blade profile inspired by the SS9, it especially suits purists seeking familiar visuals and clean lines while gaining the consistency advantages of Bettinardi’s most advanced balance technology in a limited‑edition design.</span></p> <p><strong>The Tech Story</strong></p> <p><span style=""font-weight: 400;"">The Bettinardi Antidote Hexperimental #7 represents a breakthrough in putter engineering as the first heel-shafted design built with Simply Balanced™ Zero-Torque Technology, allowing the putter face to naturally stay on path and square from start to finish regardless of a player’s stroke shape. Designed for golfers who prefer a traditional heel-shafted setup, this technology delivers the benefits of a torque-free stroke without forcing a center-shafted look or feel. The #7 feature(more...)",Bettinardi
4/21/2026 2:24 pm,AD HEXPERIMENTAL 7 PUT,Bettinardi Antidote Hexperimental #7 Putter,Antidote Hexperimental #7,No,Putter,2026,,,"<p><strong>Who’s It For?</strong></p> <p><span style=""font-weight: 400;"">Designed for players who prefer the look and feel of a traditional heel-shafted setup but want the performance benefits of modern stability, the Bettinardi Antidote Hexperimental #7 Putter suits golfers seeking a smoother, more consistent stroke with minimal face rotation. The Simply Balanced™ Zero-Torque Technology appeals to those who want the clubhead to stay square through impact, while the modern, wider-body mallet shape and enhanced alignment framing make it especially attractive to players who value visual confidence and easy setup without giving up a classic shaft configuration.</span></p> <p><strong>The Tech Story</strong></p> <p><span style=""font-weight: 400;"">The Bettinardi Antidote Hexperimental #7 represents a breakthrough in putter engineering as the first heel-shafted design built with Simply Balanced™ Zero-Torque Technology, allowing the putter face to naturally stay on path and square from start to finish regardless of a player’s stroke shape. Designed for golfers who prefer a traditional heel-shafted setup, this technology delivers the benefits of a torque-free stroke without forcing a center-shafted look or feel. The #7 features a modern, wider-body mallet profile with a precision ball-(more...)",Bettinardi
4/21/2026 1:32 pm,DAMASCUS M 7 DB PUT,Odyssey Damascus Milled Seven Double Bend Putter,Damascus Milled Seven Double Bend,No,Putter,2026,,,"<p><strong>Who’s It For?</strong></p> <p><span style=""font-weight: 400;"">Designed for the discerning golfer who values precision craftsmanship and a distinctly premium feel, the Odyssey Damascus Milled Seven Double Bend Putter is ideal for players who prefer the feedback and consistency that only a fully milled design can deliver. The unique Damascus steel insert caters to those seeking an exceptionally refined, responsive feel at impact, while the classic Seven head shape inspires confidence through alignment and stability. With a face‑balanced double bend configuration and 3/4 shaft offset, it is particularly well suited for golfers with a straight‑back, straight‑through to minimal‑arc putting stroke who want maximum control and a luxurious, tour‑inspired aesthetic.</span></p> <p><strong>The Tech Story</strong></p> <p><span style=""font-weight: 400;"">The Odyssey Damascus Milled Seven Double Bend Putter represents the pinnacle of precision craftsmanship, blending heritage materials with modern performance engineering. At its core is the Damascus Milled insert, crafted from a layered construction of multiple steel alloys that are forged, folded, and pressed to create a unique pattern in every insert, then heat‑treated to deliver a finely tuned, highly responsive feel unlike any(more...)",Odyssey
4/17/2026 1:03 pm,QI4D LME MAX LITE DVR,TaylorMade Qi4D LME Max Lite Driver,Qi4D LME Max Lite,No,Driver,2026,,,"<p><strong>Who’s It For?</strong></p> <p><span style=""font-weight: 400;"">Designed for golfers who want to maximize swing speed without giving up forgiveness, the TaylorMade Qi4D LME Max Lite Driver is ideal for players who benefit from a lighter overall club build to generate more clubhead speed and distance. It’s a strong fit for moderate‑tempo swingers, players seeking easier launch, or anyone looking to reduce effort while maintaining stability and confidence at impact. Paired with embedded reflective fitting markers in the carbon face, it also appeals to golfers and fitters who rely on highly accurate launch monitor data to dial in performance with precision and consistency.</span></p> <p><strong>The Tech Story</strong></p> <p><span style=""font-weight: 400;"">The TaylorMade Qi4D LME Max Lite Driver combines ultralight speed with Tour‑proven performance and advanced fitting precision to deliver effortless distance and forgiveness. As part of TaylorMade’s fastest and most fittable Qi4D driver family, the LME Max Lite features reflective fitting markers embedded directly into the carbon face, eliminating guesswork and ensuring highly accurate swing and impact data when used with GC Quad and GC Quad Max launch monitors—technology trusted by elite players including Rory McIlroy,(more...)",TaylorMade
4/17/2026 11:39 am,QI4D LME MAX DVR,TaylorMade Qi4D LME Max Driver,Qi4D LME Max,No,Driver,2026,,,"<p><strong>Who’s It For?</strong></p> <p><span style=""font-weight: 400;"">Designed for fitters and golfers who prioritize maximum forgiveness, confidence at address, and data‑driven performance, the TaylorMade Qi4D LME Max Driver is ideal for players seeking stability and speed without sacrificing adjustability. It’s especially well suited for golfers who want the added forgiveness of a larger, modern head shape paired with precise launch monitor feedback, thanks to embedded reflective fitting markers that deliver highly accurate swing and impact data. Whether dialing in a custom fit or looking for dependable performance across the face, it offers Tour‑proven speed and insight in a confidence‑inspiring, easy‑to‑fit design.</span></p> <p><strong>The Tech Story</strong></p> <p><span style=""font-weight: 400;"">The TaylorMade Qi4D LME Max Driver blends cutting‑edge fitting precision with maximum forgiveness in a modern, adjustable non‑titanium design built for speed and consistency. As part of TaylorMade’s fastest and most fittable driver family, the Qi4D LME Max features reflective fitting markers embedded directly into the carbon face, removing guesswork from fittings and delivering exceptionally accurate swing and impact data when used with GC Quad and GC Quad Max launch monitors(more...)",TaylorMade
4/17/2026 11:20 am,QI4D LME LS DVR,TaylorMade Qi4D LME LS Driver,Qi4D LME LS,No,Driver,2026,,,"<p><strong>Who’s It For?</strong></p> <p><span style=""font-weight: 400;"">Designed for skilled, speed‑focused players who want to reduce spin and maximize distance, the TaylorMade Qi4D LME LS Driver is ideal for golfers who value workability, traditional shaping, and total control off the tee. It suits discerning players who generate faster swing speeds and prefer a classic, confidence‑inspiring look at address, while relying on precise launch monitor data to fine‑tune performance. With a low‑spin, aerodynamically optimized head and embedded reflective fitting markers, it delivers Tour‑level speed paired with exceptionally accurate swing and impact data for players who leave nothing to chance in their fitting and performance.</span></p> <p><strong>The Tech Story</strong></p> <p><span style=""font-weight: 400;"">The TaylorMade Qi4D LME LS Driver is engineered to deliver the fastest, lowest‑spinning performance in the Qi4D lineup while providing unmatched fitting precision for elite players. As part of TaylorMade’s fastest and most fittable driver family, the LME LS features reflective fitting markers embedded directly into the carbon face, removing human error from fittings and ensuring extremely accurate swing and impact data when used with GC Quad and GC Quad Max launch monitors(more...)",TaylorMade
4/16/2026 11:34 am,QI4D LME DVR,TaylorMade Qi4D LME Driver,Qi4D LME,No,Driver,2026,,,"<p><strong>Who’s It For?</strong></p> <p><span style=""font-weight: 400;"">Built for fitters and performance‑driven players who demand the most precise driver data possible, the TaylorMade Qi4D LME Driver is ideal for anyone who relies on launch monitor insights to dial in equipment at the highest level. It’s especially well suited for elite amateurs, competitive golfers, and serious enthusiasts who want Tour‑level accuracy without the inconsistency of manual face stickers, delivering consistently reliable swing and impact data through embedded reflective markers that maximize the accuracy of GC Quad and GC Quad Max measurements.</span></p> <p><strong>The Tech Story</strong></p> <p><span style=""font-weight: 400;"">The TaylorMade Qi4D LME Driver combines the brand’s fastest and most adjustable driver platform with embedded reflective fitting markers to deliver unmatched fitting precision when paired with GC Quad and GC Quad Max launch monitors. By integrating six reflective markers directly into the carbon face, the Qi4D LME eliminates the guesswork and human error of traditional face stickers, ensuring every swing and strike is captured with maximum accuracy—technology trusted by elite players like Rory McIlroy, Tommy Fleetwood, and Michael Thorbjornsen. Tour‑proven performance i(more...)",TaylorMade
4/15/2026 2:01 pm,GTS3 FWG,Titleist GTS3 Fairway Wood,GTS3,No,Fairway Wood,2026,,,"<p><strong>Who’s It For?</strong></p> <p><span style=""font-weight: 400;"">Designed for players who consistently strike down on the ball and demand precise long-range performance, the Titleist GTS3 Fairway Wood is ideal for golfers seeking a penetrating, high launch with controlled spin from the fairway. Its deeper face profile promotes confident ball-striking and improved center-face contact, making it especially appealing for those with a descending attack angle. With added adjustability through interchangeable heel-toe weighting, it suits players who want to fine-tune shot shape, stability, and feel, delivering a tour-inspired blend of control, workability, and trust for attacking distant targets.</span></p> <p><strong>The Tech Story</strong></p> <p><span style=""font-weight: 400;"">Engineered for consistent long-range performance and precise ball striking, the Titleist GTS3 Fairway Wood features a wraparound composite crown that extends around the head to unlock weight savings and improve overall mass distribution while delivering a clean, confidence-inspiring look at address. A deeper face profile is designed to promote more consistent center-face contact, particularly for players with a downward attack angle, enhancing both control and forgiveness. The lower, deeper center o(more...)",Titleist
4/15/2026 2:00 pm,GTS2 FWG,Titleist GTS2 Fairway Wood,GTS2,No,Fairway Wood,2026,,,"<p><strong>Who’s It For?</strong></p> <p><span style=""font-weight: 400;"">Designed for golfers who value maximum playability and ease of use from the fairway, the Titleist GTS2 Fairway Wood is ideal for players seeking a confidence-inspiring profile that promotes consistent results from a variety of lies. The larger head shape and shallower face work together to make launching the ball easier, especially for those who struggle to elevate fairway woods, while the low center of gravity helps produce a high flight with efficient, low-spin distance. It’s a strong fit for golfers looking for a forgiving, user-friendly option that delivers reliable performance and added confidence on every strike.</span></p> <p><strong>The Tech Story</strong></p> <p><span style=""font-weight: 400;"">Engineered for maximum playability and consistent launch, the Titleist GTS2 Fairway Wood features a wraparound composite crown that extends around the perimeter of the head to unlock weight savings and enhance overall mass distribution while presenting a clean, confidence-inspiring look at address. A shallower face design increases forgiveness by helping low-face strikes perform more like centered contact, making it easier to achieve consistent results across varying strike locations. The lower, deeper cent(more...)",Titleist
4/15/2026 1:44 pm,GTS4 DVR,Titleist GTS4 Driver,GTS4,No,Driver,2026,,,"<p><strong>Who’s It For?</strong></p> <p><span style=""font-weight: 400;"">Designed for golfers who generate excess spin and lose distance as a result, the Titleist GTS4 Driver is ideal for players seeking a more penetrating ball flight with added control off the tee. It’s especially suited for those who want to maintain low-spin performance while benefiting from increased forgiveness, thanks to a larger, more stable head design. With enhanced adjustability to fine-tune launch and shot shape, it appeals to golfers looking to optimize both distance and accuracy through precise, customizable performance.</span></p> <p><strong>The Tech Story</strong></p> <p><span style=""font-weight: 400;"">Engineered for precision control and high-speed performance, the Titleist GTS4 Driver utilizes a Split Mass Frame built on a full thermoform body to strategically reposition weight—driving mass rearward to increase MOI for added stability while shifting it forward to optimize ball speed and launch conditions. The Speed Sync Face features reinforced structural elements that expand the effective hitting area, maintaining consistent ball speeds even on off-center strikes for more reliable distance. Advanced tuning is achieved through expanded SureFit adjustability, where the integration of a CG Track(more...)",Titleist
4/15/2026 1:43 pm,GTS3 DVR,Titleist GTS3 Driver,GTS3,No,Driver,2026,,,"<p><strong>Who’s It For?</strong></p> <p><span style=""font-weight: 400;"">Designed for golfers who want to fine-tune every aspect of their tee performance, the Titleist GTS3 Driver is ideal for players seeking advanced adjustability and control over ball flight. It caters especially to those who prioritize dialing in speed, launch, and shot shape to match their swing, offering the flexibility needed to optimize both power and accuracy. With its tour-level tuning capabilities, it’s a strong fit for golfers looking to maximize consistency and confidently shape shots to put themselves in better scoring position.</span></p> <p><strong>The Tech Story</strong></p> <p><span style=""font-weight: 400;"">Engineered to deliver ultimate control over speed, stability, and shot shaping, the Titleist GTS3 Driver combines a Split Mass Frame construction within a full thermoform body to strategically reposition weight—driving mass rearward to increase MOI for enhanced forgiveness while shifting it forward to optimize ball speed and launch conditions. The Speed Sync Face incorporates reinforced structural elements to expand the effective hitting area, maintaining high ball speeds across the face even on off-center strikes. Precision tuning is elevated through expanded SureFit adjustability, where (more...)",Titleist
4/15/2026 1:37 pm,GTS 2 DVR,Titleist GTS2 Driver,GTS2,No,Driver,2026,,,"<p><strong>Who’s It For?</strong></p> <p><span style=""font-weight: 400;"">Designed for golfers who want maximum forgiveness without sacrificing speed, the Titleist GTS2 Driver is ideal for players who don’t always find the center of the face and need more consistent performance across all strike locations. Its advanced construction enhances both ball speed and stability, helping maintain distance and accuracy on mishits while delivering more reliable results shot after shot. By strategically distributing weight to boost MOI and optimize energy transfer, it’s a strong fit for golfers seeking added power, improved consistency, and greater confidence off the tee.</span></p> <p><strong>The Tech Story</strong></p> <p><span style=""font-weight: 400;"">Engineered to optimize both speed and stability, the Titleist GTS2 Driver features a Split Mass Frame construction built on a full thermoform body that strategically redistributes weight—pushing mass rearward to increase MOI for enhanced forgiveness while positioning it forward to maximize ball speed and launch performance. The Speed Sync Face introduces reinforced structural design to expand the effective sweet spot, preserving high ball speeds even on off-center strikes for more consistent distance across the face. A fully adjustable Du(more...)",Titleist
4/14/2026 2:32 pm,TRI HOT S2S SB 7 C PUT,Odyssey Tri-Hot Square 2 Square SB 7 Cruiser Putter,Tri-Hot Square 2 Square SB 7 Cruiser,No,Putter,2026,,,"<p><strong>Who’s It For?</strong></p> <p><span style=""font-weight: 400;"">Designed for golfers who want the benefits of a modern zero‑torque putter paired with added head weight for enhanced stability and tempo control, the Odyssey Tri-Hot Square 2 Square SB 7 Cruiser Putter suits players who prefer a smooth, controlled stroke. The forward center of gravity and topline shaft entry promote a naturally square setup with zero shaft lean, making it easier to align consistently without altering putting mechanics. Its familiar #7 shape provides strong alignment and forgiveness, while the heavier Cruiser build is ideal for golfers who favor a more anchored feel to help quiet the hands and maintain consistency on the greens.</span></p> <p><strong>The Tech Story</strong></p> <p><span style=""font-weight: 400;"">The Odyssey Tri‑Hot Square 2 Square SB 7 Cruiser Putter is built to deliver true zero‑torque performance in a heavier, more stable configuration while maintaining a familiar, traditional look at address. The Single Bend shaft shifts the hosel toward the heel, creating a non‑center‑shafted design that preserves zero torque while offering clean, unobstructed alignment and an intuitive setup. By pushing the center of gravity forward, Odyssey was able to place the hosel spud directly o(more...)",Odyssey
4/9/2026 11:31 am,ANTIDOTE SB3 CB PUT,Bettinardi Antidote SB3 Counterbalance Putter,Antidote SB3 Counterbalance,No,Putter,2026,,,"<p><strong>Who’s It For?</strong></p> <p><span style=""font-weight: 400;"">Designed for golfers who prioritize maximum stability, face control, and repeatable consistency on the greens, the Bettinardi Antidote SB3 Counterbalance Putter is ideal for players seeking a square‑to‑square stroke regardless of swing path. Simply Balanced™ zero‑torque technology aligns the shaft directly with the center of gravity to maintain a perfectly square face throughout the motion, while the counterbalance build adds even more stability and smoothness. It’s a strong choice for golfers who want unwavering confidence, precision, and control on every putt.</span></p> <p><strong>The Tech Story</strong></p> <p><span style=""font-weight: 400;"">Engineered for ultimate stability and face control, the Bettinardi Antidote SB3 Counterbalance Putter combines Simply Balanced™ zero‑torque technology with a high‑MOI fang‑style mallet design to stay square through impact for any stroke type. By precisely aligning the shaft with the putter head’s center of gravity, the SB3 creates a naturally balanced, zero‑torque stroke that promotes a smooth, on‑path motion from start to finish, with the counterbalanced build further enhancing stability and consistency. The body and face are milled from 303 Stainless Steel, plac(more...)",Bettinardi
4/8/2026 9:36 am,TRI HOT S2S SB JLBRD PUT,Odyssey Tri-Hot Square 2 Square SB Jailbird Putter,Tri-Hot Square 2 Square SB Jailbird,No,Putter,2026,,,"<p><strong>Who’s It For?</strong></p> <p><span style=""font-weight: 400;""> Designed for golfers who want the benefits of a modern zero‑torque putter paired with a highly recognizable, confidence‑boosting shape, the Odyssey Tri-Hot Square 2 Square SB Jailbird Putter is ideal for players seeking easier alignment and consistency without changing their natural setup. The forward center of gravity and topline shaft entry create a naturally square address position with no shaft lean, removing a common barrier to adopting zero‑torque designs. Its extremely popular Jailbird profile makes it especially appealing to golfers who favor high‑MOI mallet performance, strong visual alignment, and stability throughout the stroke.</span></p> <p><strong>The Tech Story</strong></p> <p><span style=""font-weight: 400;"">The Odyssey Tri‑Hot Square 2 Square SB Jailbird Putter is engineered to deliver true zero‑torque performance in a familiar, highly stable mallet design that inspires confidence at address. The Single Bend shaft shifts the hosel toward the heel, creating a non‑center‑shafted configuration that preserves zero‑torque benefits while providing a clean look, unobstructed alignment, and intuitive setup. By moving the center of gravity forward, Odyssey positions the hosel spud directly on the (more...)",Odyssey
4/8/2026 9:18 am,TRI HOT S2S SB 7 PUT,Odyssey Tri-Hot Square 2 Square SB 7 Putter,Tri-Hot Square 2 Square SB 7,No,Putter,2026,,,"<p><strong>Who’s It For?</strong></p> <p><span style=""font-weight: 400;"">Designed for golfers who want the stability benefits of a zero‑torque putter without having to change their natural setup or putting posture, the Odyssey Tri-Hot Square 2 Square SB 7 Putter appeals to players seeking a consistently square face at address and through the stroke. The forward center of gravity and topline shaft entry help eliminate unwanted shaft lean, making it easier to set up square and roll putts with confidence. Its familiar #7 fanged mallet shape will especially resonate with golfers who prefer high alignment, forgiveness, and modern performance in a visually comfortable package.</span></p> <p><strong>The Tech Story</strong></p> <p><span style=""font-weight: 400;"">The Odyssey Tri‑Hot Square 2 Square SB 7 Putter is engineered to deliver true zero‑torque performance in a more traditional, confidence‑inspiring setup by combining a heel‑ward Single Bend shaft with advanced multi‑material construction. By shifting the center of gravity forward, the hosel spud is positioned directly on the topline and closer to the face, creating zero shaft lean at address and a far more intuitive setup than typical zero‑torque designs. Strategic use of aluminum, steel, and over 140 grams of tungsten places m(more...)",Odyssey
3/31/2026 11:50 am,26 LAS VEGAS H1 PUT,Toulon Design 2026 Las Vegas H1 Putter,2026 Las Vegas H1,No,Putter,2026,,,"<p><strong>Who’s It For?</strong></p>  <p><span style=""font-weight: 400;"">Ideal for golfers who prefer the stability and forgiveness of a mid-mallet design but still want the familiar setup and feel of a tour-inspired plumber’s neck, the Toulon Design 2026 Las Vegas H1 Putter is tailored to players with a moderate putting stroke arc and natural face rotation. The 20 degrees of toe hang helps promote a smooth release through impact, making it a strong fit for golfers seeking improved consistency, alignment confidence, and stroke flow on the greens.</span></p>  <p><strong>The Tech Story</strong></p>  <p><span style=""font-weight: 400;"">The 2026 Toulon Design Las Vegas H1 combines refined aesthetics with meaningful performance enhancements, featuring a reshaped profile with a rounded topline, softened wing edges, and a more sculpted flange that improves both visual appeal and overall feel. A precision-milled 6061 aluminum soleplate redistributes weight to the perimeter to boost MOI and forgiveness, while front-loaded milled round weights help maintain consistent ball speeds across the face. Paired with Toulon’s refined Deep Diamond Mill face pattern—developed from a two-time major-winning design—the result is a soft yet responsive feel, satisfying acoustics, and exceptional roll c(more...)",Toulon Design
3/18/2026 3:04 pm,VENTUS BLACK TR VELO PL DST,Fujikura Ventus TR Velocore+ Black Driver Shaft,Ventus TR Velocore+ Black,No,Driver Shaft,2026,,,"<p><strong>Who’s It For?</strong></p> <p><span style=""font-weight: 400;"">Best suited for golfers with faster swing speeds who demand maximum control, the Fujikura Ventus TR Velocore+ Black Driver Shaft is designed for players seeking extreme low launch and low spin performance without giving up feel. It appeals to stronger, more aggressive swingers who want to keep ball flight down, reduce spin, and maintain stability through impact for consistent, penetrating drives under all conditions.</span></p> <p><strong>The Tech Story</strong></p> <p><span style=""font-weight: 400;"">The Fujikura Ventus TR Velocore+ Black Driver Shaft is meticulously re‑engineered through extensive Tour feedback and advanced motion‑capture testing to deliver the most stable and controlled profile in the TR lineup. Pairing VeloCore+ technology with Spread Tow fabric, it enhances stability throughout the swing while providing a smoother, more refined, and connected feel, even at elite swing speeds. Featuring Fujikura’s stiffest profile to date, TR Black utilizes a linear bend profile and ultra‑low torque design to keep the shaft exceptionally stable from takeaway through impact, making it ideal for players who demand extreme control. The integration of VeloCore+ technology refines feel without softening per(more...)",Fujikura
3/18/2026 2:58 pm,VENTUS RED TR VELO PL DST,Fujikura Ventus TR Velocore+ Red Driver Shaft,Ventus TR Velocore+ Red,No,Driver Shaft,2026,,,"<p><strong>Who’s It For?</strong></p> <p><span style=""font-weight: 400;"">Ideal for golfers who want to increase launch and spin while maintaining a stable, controlled feel, the Fujikura Ventus TR Velocore+ Red Driver Shaft is best suited to players who benefit from added height and carry without sacrificing consistency through the swing. It appeals to those seeking a smooth, responsive profile that helps generate optimal ball flight while preserving confidence and control at impact.</span></p> <p><strong>The Tech Story</strong></p> <p><span style=""font-weight: 400;"">The Fujikura Ventus TR Velocore+ Red Driver Shaft is meticulously re‑engineered using extensive Tour feedback and advanced motion‑capture testing to deliver a more powerful, stable, and connected swing experience. It pairs Fujikura’s VeloCore+ technology with Spread Tow fabric to enhance stability throughout the swing while providing a smoother, more refined feel and increased speed through impact. Featuring the softest tip section in the TR lineup, TR Red is engineered to promote a mid‑high launch and added spin without sacrificing control, making it ideal for players who need help elevating the ball. The incorporation of spread tow material in the mid and handle sections improves stability and feel compared to th(more...)",Fujikura
3/13/2026 12:35 pm,LINK 2.2 CUSTOM PUT,L.A.B. Golf Link 2.2 Custom Putter,Link 2.2 Custom,No,Putter,2026,,,"<p><strong>Who’s It For?</strong></p> <p><span style=""font-weight: 400;"">Designed for golfers who want to build a putter precisely around their personal preferences and performance needs, the L.A.B. Golf Link 2.2 Custom Putter is ideal for players seeking customization paired with added confidence at address. The wider, squared‑back blade profile provides a slightly larger footprint for improved alignment and forgiveness, while still preserving a traditional blade look and feel. It’s best suited for golfers who want a fully personalized setup without sacrificing L.A.B.’s signature stability, as every build remains Lie Angle Balanced to deliver consistent, torque‑free performance regardless of shaft location.</span></p> <p><strong>The Tech Story</strong></p> <p><span style=""font-weight: 400;"">The L.A.B. Golf Link 2.2 Custom Putter integrates the brand’s revolutionary Lie Angle Balanced technology into a traditional square‑back blade profile, delivering torque‑free stability in a heel‑shafted design with a slightly wider, more confidence‑inspiring footprint. Each head is 100% CNC milled from 303 stainless steel to produce a firmer, more responsive feel that many golfers prefer for enhanced feedback and consistency at impact. Expanding the LINK family, the Link 2.2 features a sle(more...)",L.A.B. Golf
3/13/2026 12:34 pm,LINK 2.1 CUSTOM PUT,L.A.B. Golf Link 2.1 Custom Putter,Link 2.1 Custom,No,Putter,2026,,,"<p><strong>Who’s It For?</strong></p> <p><span style=""font-weight: 400;"">Designed for golfers who want to dial in every detail of their putter to match personal preferences and performance goals, the L.A.B. Golf Link 2.1 Custom Putter appeals to players who value customization without sacrificing proven technology. The compact blade shape and slimmer footprint deliver a classic, traditional look at address, while L.A.B.’s signature stability ensures consistent performance on the greens. No matter how it’s built or where the shaft is positioned, it’s ideal for golfers seeking a fully personalized putting solution that remains Lie Angle Balanced for a smooth, torque‑free stroke.</span></p> <p><strong>The Tech Story</strong></p> <p><span style=""font-weight: 400;"">The L.A.B. Golf Link 2.1 Custom Putter blends the brand’s revolutionary Lie Angle Balanced technology into a traditional, narrow‑body blade profile, delivering torque‑free stability in a refined heel‑shafted design. Each head is 100% CNC milled from 303 stainless steel to produce a firmer, more responsive feel preferred by golfers who value precise feedback, while maintaining the same proven balance and performance L.A.B. is known for. A sleek black PVD finish adds a modern, premium look while enhancing durability and re(more...)",L.A.B. Golf
3/12/2026 2:26 pm,INFINITE ZT LAKEVIEW PUT,Wilson Staff Infinite Zero Torque Lakeview Putter,Infinite Zero Torque Lakeview,No,Putter,2026,,,"<p><strong>Who’s It For?</strong></p> <p><span style=""font-weight: 400;"">Designed for golfers who prioritize face stability and consistent roll, the Wilson Staff Infinite Zero Torque Lakeview Putter is ideal for players looking to minimize unwanted face rotation throughout the stroke. The half‑moon shape paired with a clean, single alignment line offers visual simplicity and confidence at address, while the zero‑torque design helps keep the face square to the target longer. It’s well suited for golfers seeking a smoother, more controlled stroke and improved accuracy through enhanced face balance and stability.</span></p> <p><strong>The Tech Story</strong></p> <p><span style=""font-weight: 400;"">The Wilson Staff Infinite Zero Torque Lakeview Putter is engineered to maximize face stability and consistency through advanced weighting and precision manufacturing. Zero Torque Technology positions the center of gravity directly under the central shaft axis, significantly reducing torque and minimizing face rotation throughout the stroke, allowing the face to stay square to the target longer for improved accuracy and repeatable results. The head is crafted using Metal Injection Molding (MIM), an advanced construction process that enables extremely precise shaping and meticulous mass pl(more...)",Wilson Staff
3/12/2026 2:22 pm,INFINITE ZT 606 PUT,Wilson Staff Infinite Zero Torque The 606 Putter,Infinite Zero Torque The 606,No,Putter,2026,,,"<p><strong>Who’s It For?</strong></p> <p><span style=""font-weight: 400;"">Designed for golfers who want maximum face stability and visual alignment confidence, the Wilson Staff Infinite Zero Torque The 606 Putter is ideal for players looking to reduce unwanted face rotation and improve consistency on the greens. The mid‑mallet shape features two alignment lines that frame the ball and a single alignment dot for added precision at address, helping golfers set up square to the target. Engineered to keep the face square longer through the stroke, it suits players seeking a smoother motion and a pure, repeatable roll on every putt.</span></p> <p><strong>The Tech Story</strong></p> <p><span style=""font-weight: 400;"">The Wilson Staff Infinite Zero Torque The 606 Putter is engineered to deliver exceptional face stability, precision, and consistency through advanced weighting and manufacturing technologies. Zero Torque Technology strategically positions the center of gravity directly under the central shaft axis, significantly reducing torque and minimizing face rotation throughout the stroke, allowing the face to remain square to the target longer for more consistent results. The head is produced using Metal Injection Molding (MIM), an advanced construction process that enables highly(more...)",Wilson Staff
3/5/2026 3:01 pm,2026 PHANTOM 12 PUT,Titleist Scotty Cameron 2026 Phantom 12 Putter,2026 Phantom 12,No,Putter,2026,,,"<p><strong>Who’s It For?</strong></p> <p><span style=""font-weight: 400;"">Built for golfers who prioritize maximum stability and forgiveness on the greens, the Titleist Scotty Cameron 2026 Phantom 12 Putter suits players who feel more confident with a larger, high-MOI mallet profile and want consistent performance on off-center contact. Its deep, low center of gravity appeals to those seeking a smooth, grounded feel through the stroke, making it ideal for players who value a steady, controlled roll and added reassurance at address.</span></p> <p><strong>The Tech Story</strong></p> <p><span style=""font-weight: 400;"">Engineered as one of the most stable high-MOI mallets in the Phantom lineup, the Titleist Scotty Cameron 2026 Phantom 12 Putter utilizes a multi-material construction and ring-weighted design to position mass low and outward, creating the deepest and lowest center of gravity in the family for maximum forgiveness and resistance to twisting. A Space Gray aluminum face and mid-body are paired with strategically placed stainless steel—comprising roughly 65% of the head weight—concentrated low and along the perimeter to enhance stability, maintain speed, and preserve direction on off-center strikes. The larger profile is purpose-built for confidence at address, featuring (more...)",Titleist Scotty Cameron
3/5/2026 2:59 pm,2026 PHANTOM 3.2 PUT,Titleist Scotty Cameron 2026 Phantom 3.2 Putter,2026 Phantom 3.2,No,Putter,2026,,,"<p><strong>Who’s It For?</strong></p> <p><span style=""font-weight: 400;"">Designed for golfers who prefer the look and feel of traditional rounded blade-style putters but want the added forgiveness of a compact mallet, the Titleist Scotty Cameron 2026 Phantom 3.2 Putter suits players transitioning from shapes like Newport, GOLO, or Fastback into a more stable design without sacrificing workability. Its smaller, more maneuverable footprint appeals to those who value precise control and easy setup, while the blend of soft contours and clean alignment features provides a balanced visual that supports confident aim and a refined, consistent stroke.</span></p> <p><strong>The Tech Story</strong></p> <p><span style=""font-weight: 400;"">Engineered as a compact, highly maneuverable mid-mallet, the Titleist Scotty Cameron 2026 Phantom 3.2 Putter blends rounded shaping with crisp, linear alignment cues to deliver a balanced combination of precision and visual clarity at address. A “.2” plumbing neck promotes moderate toe flow, giving players increased face rotation and a more natural release through impact, while multiple alignment systems—including a Tri-Line sight line, T-Crown shaping, and strategically placed open “window” cutouts—work together to frame the golf ball and enhance setup (more...)",Titleist Scotty Cameron
2/24/2026 11:03 am,LINK 2.2 PUT,L.A.B. Golf Link 2.2 Putter,Link 2.2,No,Putter,2026,,,"<p><strong>Who’s It For?</strong></p> <p><span style=""font-weight: 400;"">Designed for golfers who want the confidence of a slightly larger blade without moving into a full mallet, the L.A.B. Golf Link 2.2 Putter suits players who prefer a wider, squared‑back profile that frames the ball more clearly at address. It’s ideal for those seeking a blend of traditional blade feel and added forgiveness, while still benefiting from L.A.B. Golf’s signature stability. Regardless of build or shaft location, it’s built for golfers who want consistent, torque‑free performance thanks to its always‑on Lie Angle Balanced design.</span></p> <p><strong>The Tech Story</strong></p> <p><span style=""font-weight: 400;"">The L.A.B. Golf Link 2.2 Putter brings the brand’s revolutionary Lie Angle Balanced technology into a more traditional square‑back blade profile, offering a slightly wider, more confidence‑inspiring footprint while preserving the same proven, torque‑free performance. Each head is 100% CNC milled from 303 stainless steel, producing a firmer, more responsive feel that many golfers prefer for enhanced feedback and control at impact. Expanding the LINK family, the Link 2.2 pairs its precision‑milled stainless steel construction with a sleek black PVD finish that delivers a refined, modern (more...)",L.A.B. Golf
2/24/2026 11:02 am,LINK 2.1 PUT,L.A.B. Golf Link 2.1 Putter,Link 2.1,No,Putter,2026,,,"<p><strong>Who’s It For?</strong></p> <p><span style=""font-weight: 400;"">Built for golfers who appreciate a classic blade look but don’t want to give up modern performance, the L.A.B. Golf Link 2.1 Putter suits players seeking a compact, traditional profile with a slimmer footprint at address. It’s ideal for those who value clean visuals and precise feel while still benefiting from L.A.B. Golf’s signature stability. No matter the configuration or shaft placement, it’s designed for golfers who want consistent, torque‑free putting performance thanks to its always‑on Lie Angle Balanced design.</span></p> <p><strong>The Tech Story</strong></p> <p><span style=""font-weight: 400;"">The L.A.B. Golf Link 2.1 Putter integrates the brand’s revolutionary Lie Angle Balanced technology into a refined, narrow‑body blade shape, delivering torque‑free stability in a more traditional, heel‑shafted profile. Precision milled 100% from 303 stainless steel, the head provides a firmer, more responsive feel preferred by golfers who value clear feedback at impact, while maintaining the consistency and control L.A.B. is known for. Expanding the LINK family, the Link 2.1 pairs its compact blade design with a sleek black PVD finish for a modern, premium look that reduces glare and enhances durability. The(more...)",L.A.B. Golf
2/18/2026 1:46 pm,OPUS SP PLUS WGS,Callaway Opus SP+ Wedge,Opus SP+,No,Wedge,2026,,,"<p><strong>Who’s It For?</strong></p> <p><span style=""font-weight: 400;"">Designed for skilled golfers who want tour‑inspired control around the greens, the Callaway Opus SP+ Wedge is built for players seeking maximum spin, precision, and consistency in their short-game performance. Its Spin Pocket™ Construction paired with tungsten weighting raises the center of gravity to deliver a more penetrating, high‑spin trajectory, making it ideal for golfers who prioritize shot‑making versatility and dependable stopping power.</span></p> <p><strong>The Tech Story</strong></p> <p><span style=""font-weight: 400;"">The Callaway Opus SP+ Wedge combines a suite of precision‑engineered technologies to deliver exceptional spin, control, and shot‑making versatility. Its Spin Pocket™ Construction uses a re‑engineered three‑piece head design to reposition mass and elevate the center of gravity, producing a more penetrating launch and increased spin—especially valuable when flighting shots or attacking tight pin locations. Over 13 grams of tungsten placed along the back works synergistically with this construction to raise the CG even further, ensuring consistent, high‑spin performance on everything from full swings to delicate pitches. The new Spin Gen 2.0 Face enhances groove engagement through a(more...)",Callaway
2/4/2026 11:37 am,AO2 GRAY DST,Aretera AO2 Gray Driver Shaft,AO2 Gray,No,Driver Shaft,2026,,,"<p><strong>Who’s It For?</strong></p> <p><span style=""font-weight: 400;""> Engineered for golfers who want a powerful yet controlled driver setup, the Aretera AO2 Gray Driver Shaft is ideal for players seeking added stability, consistent shot repeatability, and a more penetrating launch and spin profile. Its design—active in the handle with a firm mid‑to‑tip section and a tip that’s 7% stiffer than the Blue profile—makes it especially well‑suited for golfers who generate higher speeds or need extra tip stability to manage spin. With the combination of Coreless Design and PowerGrid™ enhancing energy transfer and feel, it’s built for those who want to swing efficiently while trusting the shaft to deliver reliable, controlled performance at impact.</span></p> <p><strong>The Tech Story</strong></p> <p><span style=""font-weight: 400;"">Built from ultra‑high‑modulus exotic fibers and engineered with advanced multi‑directional PowerGrid™ spread‑tow fabric, the Aretera AO2 Gray Driver Shaft integrates lightweight strength with exceptional stress‑dampening properties to enhance stability and feel throughout the swing. This material is woven into an ultra‑thin, interlocking structure that distributes load evenly, improving responsiveness while maintaining precise control. Its Coreless Desi(more...)",Aretera
2/4/2026 11:31 am,AO2 BLUE DST,Aretera AO2 Blue Driver Shaft,AO2 Blue,No,Driver Shaft,2026,,,"<p><strong>Who’s It For?</strong></p> <p><span style=""font-weight: 400;"">Designed for golfers who want a powerful, stable driver shaft that also delivers a smooth, efficient feel, the Aretera AO2 Blue Driver Shaft is ideal for players who benefit from a more active tip to help generate higher launch and added spin. With a handle‑active, firm‑mid‑to‑tip construction and the AO2 platform’s precise engineering, it suits golfers seeking consistent shot repeatability without excessive stiffness at impact. The combination of Coreless Design and PowerGrid™ makes it especially appealing to players looking to store more energy, swing with less effort, and still rely on controlled, predictable performance through the strike.</span></p> <p><strong>The Tech Story</strong></p> <p><span style=""font-weight: 400;"">Built from ultra‑high‑modulus exotic fibers and reinforced with Aretera’s multi‑directional PowerGrid™ spread‑tow fabric, the AO2 Blue Driver Shaft combines exceptional stiffness-to-weight efficiency with advanced stress‑management properties for enhanced stability and feel. The ultra‑thin, interlocking spread‑tow weave distributes load evenly across the shaft, improving responsiveness while preserving structural integrity during high‑speed swings. Its Coreless Design removes the tr(more...)",Aretera
1/30/2026 2:43 pm,2026 HL MAX WGS,Tour Edge 2026 Hot Launch Max Wedge,2026 Hot Launch Max,No,Wedge,2026,,,"<p><strong>Who’s It For?</strong></p> <p><span style=""font-weight: 400;"">Designed for golfers who want maximum forgiveness and consistency around the greens, the Tour Edge 2026 Hot Launch Max D Wedge is built for players who benefit from extreme game‑improvement features that make short‑game shots easier and more reliable. It’s ideal for those seeking dependable spin, added confidence on mis‑hits, and a more user‑friendly option that helps produce steady, predictable performance on chips, pitches, and bunker shots.</span></p> <p><strong>The Tech Story</strong></p> <p><span style=""font-weight: 400;"">The 2026 Hot Launch Max D Wedge is engineered with extreme game‑improvement technologies that deliver higher launch, more spin consistency, and maximum forgiveness on every short‑game swing. Its full‑face groove design extends scoring lines across the entire hitting area, enhancing spin and control on open‑face shots or mishits struck toward the toe or heel. An ultra‑wide, cambered sole with progressive bounce reduces turf interaction and helps the club glide through rough, sand, or tight fairway lies, promoting reliable launch and cleaner contact. Complementing these features, a deep undercut cavity positions weight low and deep to elevate launch, increase MOI, and stabilize the he(more...)",Tour Edge
1/30/2026 2:42 pm,2026 HL MAX D WGS,Tour Edge 2026 Hot Launch Max D Wedge,2026 Hot Launch Max D,No,Wedge,2026,,,"<p><strong>Who’s It For?</strong></p> <p><span style=""font-weight: 400;"">Designed for golfers who want maximum forgiveness and consistency around the greens, the Tour Edge 2026 Hot Launch Max D Wedge is built for players who benefit from extreme game‑improvement features that make short‑game shots easier and more reliable. It’s ideal for those seeking dependable spin, added confidence on mis‑hits, and a more user‑friendly option that helps produce steady, predictable performance on chips, pitches, and bunker shots.</span></p> <p><strong>The Tech Story</strong></p> <p><span style=""font-weight: 400;"">The 2026 Hot Launch Max D Wedge is engineered with extreme game‑improvement technologies that deliver higher launch, more spin consistency, and maximum forgiveness on every short‑game swing. Its full‑face groove design extends scoring lines across the entire hitting area, enhancing spin and control on open‑face shots or mishits struck toward the toe or heel. An ultra‑wide, cambered sole with progressive bounce reduces turf interaction and helps the club glide through rough, sand, or tight fairway lies, promoting reliable launch and cleaner contact. Complementing these features, a deep undercut cavity positions weight low and deep to elevate launch, increase MOI, and stabilize the he(more...)",Tour Edge
1/30/2026 2:31 pm,2026 HL MAX STS,Tour Edge 2026 Hot Launch Max Iron Set,2026 Hot Launch Max,No,Iron Set,2026,,,"<p><strong>Who’s It For?</strong></p> <p><span style=""font-weight: 400;"">Designed for golfers who want classic iron shaping paired with modern game‑improvement performance, the Tour Edge 2026 Hot Launch Max Irons are ideal for players seeking a blend of distance, solid feel, and forgiveness in a traditional cavity‑back design. They suit those who value a familiar look at address but still want the effortless power and playability needed to optimize consistency and overall performance.</span></p> <p><strong>The Tech Story</strong></p> <p><span style=""font-weight: 400;"">The 2026 Hot Launch Max Irons integrate advanced game‑improvement engineering with classic cavity‑back shaping to deliver a powerful blend of speed, forgiveness, and refined feel. A deep undercut design pairs a wide, stability‑enhancing sole with a 360° undercut cavity that increases face flex and optimizes energy transfer, producing higher launch and faster ball speeds across the set. Vibrcor Technology—a high‑grade TPU insert—activates at impact to dampen unwanted vibration while preserving explosive face rebound, giving the irons a noticeably softer yet lively feel. Power‑lofted construction leverages a strategically lowered center of gravity to support stronger lofts, resulting in longer distance, consistent (more...)",Tour Edge
1/30/2026 1:43 pm,2026 HL MAX D IW STS,Tour Edge 2026 Hot Launch Max D Iron Set,2026 Hot Launch Max D,No,Iron Set,2026,,,"<p><strong>Who’s It For?</strong></p> <p><span style=""font-weight: 400;"">Designed for golfers who want maximum forgiveness and effortless launch, the Tour Edge 2026 Hot Launch Max D Irons are ideal for players who struggle with consistency and benefit from built‑in slice correction. The hybrid‑inspired hollow‑body construction makes them especially well‑suited for those replacing traditional irons with a more confidence‑boosting, easy‑to‑hit option that provides powerful distance, great feel, and super‑game‑improvement performance.</span></p> <p><strong>The Tech Story</strong></p> <p><span style=""font-weight: 400;"">The 2026 Hot Launch Max D Irons combine a suite of super‑game‑improvement technologies engineered to deliver straighter, higher‑launching, and more consistent iron performance. An anti‑slice offset design uses an offset hosel and internal heel weighting to promote a natural draw bias, helping players more easily square the face for dependable accuracy. The hollow‑body construction shifts mass to the perimeter, creating high MOI for exceptional stability, forgiveness, and faster ball speeds across the entire face, while also driving higher launch. An ultra‑shallow, low‑profile face further enhances effortless lift, producing towering trajectories that land softly and(more...)",Tour Edge
1/30/2026 1:35 pm,2026 HL MAX D HYG,Tour Edge 2026 Hot Launch Max D Hybrid,2026 Hot Launch Max D,No,Hybrid,2026,,,"<p><strong>Who’s It For?</strong></p> <p><span style=""font-weight: 400;"">Designed for golfers looking to replace difficult‑to‑hit long irons with a more forgiving option, the Tour Edge 2026 Hot Launch Max D Hybrid is built for players who want higher launch and straighter ball flight with minimal effort. It suits those seeking an easy‑to‑elevate, confidence‑boosting club that delivers dependable consistency and game‑improvement performance from any lie.</span></p> <p><strong>The Tech Story</strong></p> <p><span style=""font-weight: 400;"">The 2026 Hot Launch Max D Hybrid packs an array of game‑improvement technologies engineered to help players launch the ball higher and hit straighter, more consistent shots. Its built‑in anti‑slice draw bias—created through an offset hosel and internal heel weighting—helps square the face at impact for reliable accuracy, while the low‑profile, variable‑crown design drives the center of gravity deep and low to promote effortless lift and easy playability from any lie. A new V‑Taper Sole shifts mass outward toward the back perimeter to enhance forgiveness and increase launch, working in concert with a strategically positioned rear weight that delivers the highest MOI in its class for exceptional stability and energy retention on mis‑hits. Tour Ed(more...)",Tour Edge
1/30/2026 1:34 pm,2026 HL MAX HYG,Tour Edge 2026 Hot Launch Max Hybrid,2026 Hot Launch Max,No,Hybrid,2026,,,"<p><strong>Who’s It For?</strong></p> <p><span style=""font-weight: 400;"">Designed for golfers who want a traditional-looking hybrid that sits square at address, the Tour Edge 2026 Hot Launch Max Hybrid suits players who value the ability to shape shots while still benefiting from plenty of forgiveness. It’s ideal for those seeking a blend of classic workability and modern game‑improvement performance in a more confidence‑inspiring package.</span></p> <p><strong>The Tech Story</strong></p> <p><span style=""font-weight: 400;"">The 2026 Hot Launch Max Hybrid integrates a suite of performance technologies designed to deliver powerful launch, exceptional forgiveness, and refined shot‑shaping control. Its larger impact zone boosts vertical gear effect for optimal launch and spin, producing a more penetrating flight from any lie, while the traditional, square‑sitting profile inspires confident alignment and workability without sacrificing distance. A newly engineered V‑Taper Sole shifts mass outward toward the back perimeter to enhance forgiveness and elevate launch, working in tandem with the club’s highest‑in‑class MOI—achieved through a strategically placed rear weight that maximizes stability and energy retention on off‑center strikes. Tour Edge’s Diamond Face VFT technology uses v(more...)",Tour Edge
1/30/2026 1:31 pm,2026 HL MAX FWG,Tour Edge 2026 Hot Launch Max Fairway Wood,2026 Hot Launch Max,No,Fairway Wood,2026,,,"<p><strong>Who’s It For?</strong></p> <p><span style=""font-weight: 400;"">Designed for golfers who want a classic, traditional look at address while still benefiting from modern game‑improvement technology, the Tour Edge 2026 Hot Launch Max Fairway Wood is ideal for players who value high‑MOI stability but still like the ability to shape shots when needed. It’s built for those seeking a dependable, confidence‑inspiring head design that offers forgiveness on off‑center strikes while maintaining the versatility to produce the trajectories and shot shapes demanded by more experienced or feel‑oriented players.</span></p> <p><strong>The Tech Story</strong></p> <p><span style=""font-weight: 400;"">The 2026 Hot Launch Max Fairway Wood delivers powerful stability and refined shot‑making capability through a suite of advanced technologies. Its larger impact zone expands the vertical gear effect, optimizing launch and spin for a penetrating, distance‑focused flight from both the tee and turf. The classic, confidence‑inspiring profile supports precise shot shaping while still maintaining high forgiveness levels for consistent performance. A new V‑Taper Sole shifts weight outward toward the back perimeter, boosting launch and providing smoother turf interaction, while a strategically positio(more...)",Tour Edge
1/30/2026 1:29 pm,2026 HL MAX D FWG,Tour Edge 2026 Hot Launch Max D Fairway Wood,2026 Hot Launch Max D,No,Fairway Wood,2026,,,"<p><strong>Who’s It For?</strong></p> <p><span style=""font-weight: 400;"">Designed for golfers who need help getting the ball airborne and want built‑in slice correction, the Tour Edge 2026 Hot Launch Max D Fairway Wood is ideal for players who prefer a shallow‑faced, confidence‑inspiring head that makes launch easier from any lie. It’s built for those seeking maximum forgiveness, improved directional control, and game‑improvement performance in a design that boosts trust at address and consistency on every swing.</span></p> <p><strong>The Tech Story</strong></p> <p><span style=""font-weight: 400;"">The 2026 Hot Launch Max D Fairway Wood combines a suite of forgiveness‑driven technologies in a shallow‑faced, confidence‑boosting design. Its built‑in anti‑slice draw bias—created through an offset hosel—makes it easier to square the face at impact, promoting a straighter, more controlled ball flight. The ultra‑shallow face works with a low, deep center of gravity to deliver high launch, optimized spin, and exceptional forgiveness whether hitting from the fairway, rough, or tee. Stability is further enhanced by the new V‑Taper Sole, which shifts weight outward for easier launch and improved turf interaction, and by a strategically placed rear weight that produces the highest MOI in i(more...)",Tour Edge
1/30/2026 1:27 pm,2026 HL MAX D DVR,Tour Edge 2026 Hot Launch Max D Driver,2026 Hot Launch Max D,No,Driver,2026,,,"<p><strong>Who’s It For?</strong></p> <p><span style=""font-weight: 400;"">Designed for golfers who need maximum forgiveness and help correcting a slice, the Tour Edge 2026 Hot Launch Max D Driver is ideal for players who want a confidence‑boosting, draw‑biased shape that promotes straighter, more controlled tee shots. It’s built for those seeking easy launch, stability, and slice‑fighting performance wrapped in a visually appealing, game‑improvement design that inspires trust at address.</span></p> <p><strong>The Tech Story</strong></p> <p><span style=""font-weight: 400;"">Engineered for golfers who want effortless launch and slice‑fighting power, the Tour Edge 2026 Hot Launch Max D Driver blends advanced forgiveness technologies with a built‑in draw bias to promote straighter, more confident tee shots. Its offset hosel, optimized face angle, and internal heel weighting work together to help square the face at impact, reducing left‑to‑right curvature for players who struggle with a slice. A shallower face profile enhances launch and delivers higher spin and greater overall forgiveness, making it easier to get the ball airborne. The new V‑Taper Sole shifts mass outward toward the rear perimeter, increasing both launch and stability, while a strategically placed rear weight produce(more...)",Tour Edge
1/30/2026 12:53 pm,SCTDALE TEC AB ONSET CB PUT,Ping Scottsdale TEC Ally Blue Onset CB Putter,Scottsdale TEC Ally Blue Onset CB,No,Putter,2026,,,"<p><strong>Who’s It For?</strong></p> <p><span style=""font-weight: 400;"">Designed for golfers with a straight‑back‑and‑through stroke who want maximum stability and consistency through the putting motion, the Ping Scottsdale TEC Ally Blue Onset CB Putter is ideal for players seeking confidence at address and smoother tempo. Eye‑Q alignment technology helps promote more consistent gaze patterns to simplify aiming, while the onset hosel positions the shaft behind the face for a clear view of the ball and the forgiveness of a mallet with the feel of a blade. Counterbalanced weighting encourages a more repeatable, fluid stroke, and the PEBAX insert provides a softer feel with dependable distance control, making it a strong choice for golfers who value control, rhythm, and forgiveness on the greens.</span></p> <p><strong>The Tech Story</strong></p> <p><span style=""font-weight: 400;"">Developed through PING’s collaboration with Tour players and advanced research in the PING Putting Lab, the Scottsdale TEC Ally Blue Onset CB Putter combines alignment science, counterbalanced stability, and high‑forgiveness construction to promote a smoother, more repeatable stroke. The onset hosel design positions the shaft near the centerline of the putter head, behind the top rail and in front of th(more...)",Ping
1/30/2026 12:03 pm,SCTDALE TEC K ONSET PUT,Ping Scottsdale TEC Ketsch Onset Putter,Scottsdale TEC Ketsch Onset,No,Putter,2026,,,"<p><strong>Who’s It For?</strong></p> <p><span style=""font-weight: 400;"">Designed for golfers who want a confidence‑boosting mallet without giving up the clean feel and feedback of a blade, the Ping Scottsdale TEC Ketsch Onset Putter suits players seeking easier alignment and consistent distance control. Eye‑Q Technology paired with three bold alignment lines helps promote more stable gaze patterns and simplifies aiming, while the onset hosel positions the shaft behind the face for a clear, unobstructed view of the ball. With the forgiveness of a mallet head and the soft, responsive feel of a PEBAX insert, it’s ideal for players who value visual clarity, forgiveness, and reliable pace control on the greens.</span></p> <p><strong>The Tech Story</strong></p> <p><span style=""font-weight: 400;"">Developed through extensive collaboration with Tour players and advanced research conducted in the PING Putting Lab, the Scottsdale TEC Ketsch Onset Putter blends Tour‑inspired design with cutting‑edge alignment and forgiveness technologies. Its onset hosel positions the shaft near the centerline of the head, sitting behind the top rail and in front of the center of gravity, providing a clear view of the ball while enhancing stability through the stroke. Eye‑Q alignment technology, derived (more...)",Ping
1/30/2026 12:02 pm,SCTDALE TEC AB ONSET PUT,Ping Scottsdale TEC Ally Blue Onset Putter,Scottsdale TEC Ally Blue Onset,No,Putter,2026,,,"<p><strong>Who’s It For?</strong></p> <p><span style=""font-weight: 400;"">Designed for golfers with a straight‑back‑and‑through putting stroke who want help with alignment and forgiveness without sacrificing feel, the Ping Scottsdale TEC Ally Blue Onset Putter suits players seeking confidence at address and consistency on the greens. Eye‑Q alignment technology promotes more stable gaze patterns to make aiming easier, while the onset hosel design positions the shaft behind the face for a clear, unobstructed view of the ball. Combining mallet‑style forgiveness with blade‑like feedback, and enhanced by a soft‑feeling PEBAX insert for reliable distance control, it’s ideal for golfers who value visual clarity, smooth feel, and dependable performance under pressure.</span></p> <p><strong>The Tech Story</strong></p> <p><span style=""font-weight: 400;"">Developed through PING’s collaboration with Tour players and extensive research in the PING Putting Lab, the Scottsdale TEC Ally Blue Onset Putter blends advanced alignment science with high‑forgiveness construction to promote consistency and confidence on the greens. Its onset hosel positions the shaft near the centerline of the head, sitting behind the top rail and in front of the center of gravity, which provides a clean, unobstructed (more...)",Ping
1/30/2026 12:02 pm,SCTDALE TEC HAYDEN PUT,Ping Scottsdale TEC Hayden Putter,Scottsdale TEC Hayden,No,Putter,2026,,,"<p><strong>Who’s It For?</strong></p> <p><span style=""font-weight: 400;"">Built for golfers with a straight‑back‑and‑through stroke who want extra help with alignment and distance control, the Ping Scottsdale TEC Hayden Putter is ideal for players seeking confidence on the greens. High‑contrast black and white sections combined with a long alignment line naturally draw the eyes forward, while the Eye Q Technology focuses attention on a precise visual dot to simplify aiming. The PEBAX insert delivers a softer feel and consistent roll, making it a strong fit for golfers who value easy alignment, smooth feedback, and reliable pace control on every putt.</span></p> <p><strong>The Tech Story</strong></p> <p><span style=""font-weight: 400;"">Developed through extensive collaboration with Tour players and research conducted in the PING Putting Lab, the Scottsdale TEC Hayden Putter integrates advanced alignment science and forgiveness-focused engineering to promote more consistent putting. Central to its design is Eye‑Q alignment technology, inspired by the proven Quiet Eye eye‑tracking technique, which uses a distinct dot on the top rail paired with a long alignment line to create a precise focal point that helps golfers stabilize their gaze before and during the stroke. This visual anc(more...)",Ping
1/30/2026 12:00 pm,G LE4 OSLO PUT,Ping G Le4 Oslo Putter,G Le4 Oslo,No,Putter,2026,,,"<p><strong>Who’s It For?</strong></p> <p><span style=""font-weight: 400;"">Designed for golfers who want maximum stability and help with alignment, the Ping G Le4 Oslo Putter is ideal for players seeking greater accuracy and confidence on the greens. Its perimeter‑weighted construction and low center of gravity promote consistent rolls, while the ball‑width back cavity and long alignment line make aiming simpler for those who benefit from clear visual cues to sink more putts.</span></p> <p><strong>The Tech Story</strong></p> <p><span style=""font-weight: 400;"">Built for players with a straight stroke, the G Le4 Oslo putter combines a lightweight forged 6061‑T6 aluminum body anodized in Galactic Lilac with a cast 304 stainless steel sole plate finished in pearl chrome to create a high‑MOI, ultra‑stable platform through impact. Central to its performance is a new one‑piece PEBAX elastomer insert that provides a slightly softer feel while preserving the precise distance control needed to convert more opportunities on the greens. The multi‑material construction optimizes weight distribution for consistency, and the putter is finished with a PING PP58 Tour M Lilac grip that enhances overall feel and delivers a refined look that complements the G Le4 line’s distinctive style.</span></p(more...)",Ping
1/30/2026 12:00 pm,G LE4 LOUISE PUT,Ping G Le4 Louise Putter,G Le4 Louise,No,Putter,2026,,,"<p><strong>Who’s It For?</strong></p> <p><span style=""font-weight: 400;"">Designed for golfers with a strong putting stroke who prefer a stable, confidence‑boosting look at address, the Ping G Le4 Louise Putter offers the familiar weighting and shaping of the DS72 but with a flared hosel and parallel‑tip shaft that better match a more arcing motion. It’s particularly well suited to players seeking a blend of forgiveness, precision, and a smooth feel in a package inspired by PING’s heritage.</span></p> <p><strong>The Tech Story</strong></p> <p><span style=""font-weight: 400;"">Engineered for strong‑arc stroke types, the G Le4 Louise putter integrates a new one‑piece PEBAX elastomer insert that produces a slightly softer, more responsive feel while maintaining reliable distance control on every roll. Its construction pairs a cast 17‑4 stainless steel body finished in pearl chrome with a forged 6061‑T6 aluminum cover anodized in Galactic Lilac, creating a lightweight yet stable structure that enhances consistency through impact. The insert and multi-material design work together to optimize sound, feel, and performance, while the PING PP58 Tour M Lilac grip provides superior feedback and a refined aesthetic that matches the distinctive G Le4 styling.</span></p> <p><strong>Facts and(more...)",Ping
1/30/2026 11:59 am,G LE4 ANSER 2D PUT,Ping G Le4 Anser 2D Putter,G Le4 Anser 2D,No,Putter,2026,,,"<p><strong>Who’s It For?</strong></p> <p><span style=""font-weight: 400;"">Designed for women golfers who want the clean look of a blade with the added stability of a mid‑mallet, the Ping G Le4 Anser 2D Putter is ideal for players seeking more forgiveness and confidence on the greens. Its slightly deeper, perimeter‑weighted design helps steady the stroke and improve consistency, while the single contrasting alignment line and clean heel‑toe ballasts make it easier to aim accurately and set up with confidence.</span></p> <p><strong>The Tech Story</strong></p> <p><span style=""font-weight: 400;"">The Ping G Le4 Anser 2D putter is engineered with a one‑piece PEBAX elastomer insert that delivers a softer, more responsive feel while maintaining reliable distance control, helping golfers achieve consistent roll and improved putting performance. Its slightly deeper, perimeter‑weighted 17‑4 stainless steel head—finished in pearl chrome with Galactic Lilac accents—offers the stability and forgiveness of a mid‑mallet while retaining the clean, traditional profile of a blade. Designed for slight‑arc stroke types, the putter’s shape and weighting promote a smooth, controlled motion, and a single alignment line enhances accuracy at setup. Paired with the PING PP58 Tour M Lilac grip, the Anser (more...)",Ping
1/30/2026 11:58 am,G LE4 HYG,Ping G Le4 Hybrid,G Le4,No,Hybrid,2026,,,"<p><strong>Who’s It For?</strong></p> <p><span style=""font-weight: 400;"">Designed for women golfers who want an easy‑to‑swing, easy‑to‑launch option that adds consistency, accuracy, and reliable distance, the Ping G Le4 Hybrids are ideal for players with slower swing speeds who need help lifting the ball high and carrying it farther. They’re especially well suited for golfers looking to hit and hold more greens, thanks to a re‑shaped, deeper design paired with a fast‑flexing maraging‑steel face that generates higher launch and longer carries.</span></p> <p><strong>The Tech Story</strong></p> <p><span style=""font-weight: 400;"">The Ping G Le4 hybrid is built with a forgiving, perimeter‑weighted 17‑4 stainless‑steel head across the 5H, 6H, 7H, and newly added 8H, helping golfers create ideal set transitions and improve gapping with stronger lofts. Its flexible maraging‑steel face is engineered to generate faster ball speeds and more distance, while a dual‑roll face profile—optimized for the target swing speeds—delivers consistent spin, especially on strikes higher on the face. The deeper, re‑shaped hybrid design enhances forgiveness and launch, giving players an easier time getting the ball airborne and holding greens. To support accuracy and confidence at address, a three‑dot cr(more...)",Ping
1/30/2026 11:56 am,G LE4 FWG,Ping G Le4 Fairway Wood,G Le4,No,Fairway Wood,2026,,,"<p><strong>Who’s It For?</strong></p> <p><span style=""font-weight: 400;"">Designed for women golfers seeking higher launch, longer carry, and straighter shots across a wide range of swing speeds, the Ping G Le4 Fairway Woods are ideal for players who want confidence and consistency from the tee, fairway, or rough. They’re especially well suited for golfers who benefit from optimized lofts, easier launch, and added forgiveness, thanks to the lightweight multi‑material construction and low‑CG design. Players who need more ball speed and reduced spin—particularly on thin strikes—will appreciate the maraging‑steel facewrap and Spinsistency technology, while those looking for higher‑flying performance will benefit from the increased lofts in the 5, 7, and 9 woods compared to the previous generation.</span></p> <p><strong>The Tech Story</strong></p> <p><span style=""font-weight: 400;"">The Ping G Le4 fairway wood is engineered with a multi‑material design that combines forgiving, perimeter‑weighted 17‑4 stainless steel heads with a highly flexible maraging‑steel Facewrap to generate faster ball speed and more consistent spin across the face. Spinsistency technology refines the variable roll radius to deliver more predictable launch and reduced spin—especially on thin strikes—while incr(more...)",Ping
1/30/2026 11:54 am,G LE4 DVR,Ping G Le4 Driver,G Le4,No,Driver,2026,,,"<p><strong>Who’s It For?</strong></p> <p><span style=""font-weight: 400;"">Designed for women golfers seeking maximum distance, forgiveness, and effortless speed, the Ping G Le4 Driver is ideal for players with swing speeds of 80 mph or less who want higher, longer, and straighter results off the tee. It suits those who benefit from a lighter overall club build that’s easy to swing and helps square the face at impact, while the lower, deeper center of gravity—made possible by the new Carbonfly Wrap crown—promotes faster ball speed and improved launch. Golfers who value stability will also appreciate the heel‑side back weighting, which increases MOI by 15% over the previous generation for greater forgiveness on off‑center strikes.</span></p> <p><strong>The Tech Story</strong></p> <p><span style=""font-weight: 400;"">The Ping G Le4 driver integrates several advanced technologies to deliver faster ball speed, higher launch, and greater forgiveness for women golfers. Its new Carbonfly Wrap crown saves significant weight, allowing Ping to position the center of gravity lower and farther back for increased speed and distance. The lightweight 460cc titanium body pairs with a forged face that flexes more at impact, further boosting ball speed across a larger area. Stability is enhanced by(more...)",Ping
1/30/2026 11:51 am,G LE4 STS,Ping G Le4 Iron Set,G Le4,No,Iron Set,2026,,,"<p><strong>Who’s It For?</strong></p> <p><span style=""font-weight: 400;"">Designed for women golfers seeking an easy‑to‑swing, confidence‑building iron that blends seamlessly with hybrids, the Ping G Le4 Irons are ideal for players who want a well‑gapped, combo‑set solution that supports consistent performance throughout the bag. They suit golfers who benefit from enhanced forgiveness and higher launch, thanks to a perimeter‑weighted design and lighter overall build, while the thinner face and multi‑material PurFlex cavity badge promote more consistent face flexing for reliable distance. Players who value a soft, pleasing feel and sound at impact will also appreciate the refined construction that elevates both performance and overall playability.</span></p> <p><strong>The Tech Story</strong></p> <p><span style=""font-weight: 400;"">The Ping G Le4 irons combine a lightweight, perimeter‑weighted 17‑4 stainless‑steel construction with advanced face and cavity technologies to deliver higher launch, greater forgiveness, and more consistent distance for women golfers. A lower center of gravity and custom‑engineered lofts help generate faster ball speed and predictable yardage gaps, while the multi‑material PurFlex cavity badge enhances face flexing for improved feel and sound at impact(more...)",Ping
1/30/2026 11:47 am,I540 STS,Ping i540 Iron Set,i540,No,Iron Set,2026,,,"<p><strong>Who’s It For?</strong></p> <p><span style=""font-weight: 400;"">Designed for golfers who want a players‑style iron with added speed, distance, and reliable stopping power, the Ping i540 Irons fit those seeking a blend of performance and precision without sacrificing feel. They’re ideal for players who appreciate a clean, compact look at address but still benefit from modern technologies like a forged, flexible face for extra distance and an internal air pocket that improves sound and feel. With a lightweight, covered cavity construction, they offer the forgiveness and ball‑speed gains of a distance iron while maintaining the control and workability better players expect.</span></p> <p><strong>The Tech Story</strong></p> <p><span style=""font-weight: 400;"">The i540 iron leverages a series of advanced technologies to deliver players‑distance performance, starting with weight savings from its lighter, shallower forged maraging‑steel face and covered cavity, which allow tungsten to be strategically placed low in the sole of the 4–7 irons. This lowers the center of gravity to generate faster ball speeds, higher launch, and greater stopping power. The variable‑thickness face is 9% thinner and designed to flex more—producing metal‑wood‑like bending through the sole and toplin(more...)",Ping
1/30/2026 11:05 am,G740 STS,Ping G740 Iron Set,G740,No,Iron Set,2026,,,"<p><strong>Who’s It For?</strong></p> <p><span style=""font-weight: 400;"">Designed for golfers who benefit most from super‑game‑improvement irons, the Ping G740 Irons are built for players seeking maximum distance, forgiveness, and consistency to make the game easier swing after swing. With a wider sole that lowers the center of gravity for higher launch and longer carry, they help those who struggle to get the ball airborne or maintain speed across the face. The combination of a Hyper 17‑4 stainless steel face, custom‑engineered lofts, and a three‑piece badge that improves feel makes them ideal for golfers who want powerful performance with enhanced stability and a more satisfying impact experience.</span></p> <p><strong>The Tech Story</strong></p> <p><span style=""font-weight: 400;"">Engineered as PING’s longest and most forgiving iron, the G740 leverages a wider sole, longer blade length, and thicker topline to maximize perimeter weighting and drive the center of gravity lower for extreme forgiveness, higher launch, and stronger ball‑speed retention. Its wider dual‑camber sole positions mass down and back to help golfers—especially those who tend to strike shots low on the face—produce faster, more consistent ball speeds while also improving turf interaction for cleaner entry (more...)",Ping
1/29/2026 3:25 pm,2026 HL MAX DVR,Tour Edge 2026 Hot Launch Max Driver,2026 Hot Launch Max,No,Driver,2026,,,"<p><strong>Who’s It For?</strong></p> <p><span style=""font-weight: 400;"">Designed for golfers who want a traditional, confidence‑inspiring look at address while still maximizing forgiveness, the Tour Edge 2026 Hot Launch Max Driver is ideal for players seeking serious game‑improvement performance. It suits those who benefit from extreme perimeter weighting and high‑MOI stability, helping reduce mishits and deliver straighter, more consistent drives—all within a classic, familiar setup.</span></p> <p><strong>The Tech Story</strong></p> <p><span style=""font-weight: 400;"">Engineered to deliver explosive speed, exceptional stability, and game‑improving forgiveness, the Tour Edge 2026 Hot Launch Max Driver packs a suite of advanced technologies into a traditionally shaped profile. Its 360° Cup Face Design uses deep‑cup construction with variable‑thickness zones to maximize face deflection, producing faster ball speeds, higher smash factor, and a more responsive feel. A larger impact zone expands the optimized hitting area, creating ideal launch and spin conditions for a more penetrating, distance‑focused trajectory. The V‑Taper Sole shifts mass outward toward the back perimeter, boosting launch and forgiveness, while a strategically positioned rear weight delivers the highest‑in‑cl(more...)",Tour Edge
1/26/2026 3:55 pm,DF3I CB PUT,L.A.B. Golf DF3i Counterbalanced Putter,DF3i Counterbalanced,No,Putter,2026,,,"<p><strong>Who’s It For?</strong></p> <p><span style=""font-weight: 400;"">Designed for golfers who want maximum stability, consistency, and control on the greens, the L.A.B. Golf DF3i Counterbalanced Putter is ideal for players who benefit from a counterbalanced design that smooths out the stroke and keeps the face naturally square. It suits those who love the effortless lie‑angle‑balanced performance L.A.B. putters are known for—where the head stays square on its own and maintains forgiveness even on mishits—while offering a slightly firmer feel and quicker roll thanks to its stainless steel insert. Whether a player struggles with face rotation or simply wants a more stable, repeatable motion, this model caters to golfers seeking a reliably square, highly forgiving putting experience.</span></p> <p><strong>The Tech Story</strong></p> <p><span style=""font-weight: 400;"">Engineered to deliver exceptional stability, custom‑fit precision, and enhanced feedback, the L.A.B. Golf DF3i Counterbalanced Putter is built on a fully CNC‑milled 6061 aircraft‑aluminum head that enables highly precise Lie Angle Balancing and extensive customization through eight adjustable sole screws made from steel or tungsten. These variable‑density weights allow exact tuning of swing weight and lie‑angle b(more...)",L.A.B. Golf
1/6/2026 11:08 am,2026 DYNAPWR FRG STS,Wilson Staff 2026 DYNAPWR Forged Iron Set,2026 DYNAPWR Forged,No,Iron Set,2026,,,"<p><strong>Who’s It For?</strong></p> <p><span style=""font-weight: 400;"">Crafted for golfers who want a blend of forgiveness and distance without sacrificing feel, the Wilson Staff 2026 DYNAPWR Forged Irons best suit players looking to boost confidence and consistency swing after swing. With a slim, cavity‑back profile and a forged 8620 carbon steel construction, they offer the performance of a players‑distance club while delivering the softer, more responsive feedback that better players appreciate.</span></p> <p><strong>The Tech Story</strong></p> <p><span style=""font-weight: 400;"">Packed with modern performance engineering, the Wilson Staff 2026 DYNAPWR Forged Irons integrate a suite of advanced technologies designed to maximize speed, launch, and feel. A new PKR-CUP construction pairs with AI‑generated Variable Face Technology to optimize ball speed and deliver consistent launch windows across the set, while AI‑determined variable face thickness increases flexion and energy transfer for greater distance. The irons feature a strategically lowered center of gravity that boosts MOI and produces the high-launch trajectories needed for better green‑holding capability. To refine sensation at impact, a TE‑031 Urethane‑filled cavity dampens vibrations, enhancing overall sound and (more...)",Wilson Staff
1/6/2026 11:01 am,2026 STAFF XB STS,Wilson Staff 2026 Staff Model XB Iron Set,2026 Staff Model XB,No,Iron Set,2026,,,"<p><strong>Who’s It For?</strong></p> <p><span style=""font-weight: 400;"">Designed for purists who demand traditional looks without sacrificing modern launch and forgiveness, the Wilson Staff 2026 Staff Model XB irons suit players who want a clean, tour‑inspired profile—thin topline, minimal offset, and compact shaping—but prefer the added distance and stability of a hollow‑body construction. They’re ideal for golfers who value control and precision yet appreciate extra help maintaining speed and consistency across the set, making them a strong match for highly skilled players seeking a modern performance boost in a classic package.</span></p> <p><strong>The Tech Story</strong></p> <p><span style=""font-weight: 400;"">Engineered to deliver modern performance in a tour‑inspired profile, the Wilson Staff 2026 Staff Model XB Irons combine advanced weighting, optimized face technology, and hollow‑body power to create a fast, forgiving, and highly responsive players‑distance iron. The Fluid Feel Hosel removes excess mass and shifts weight toward the toe, improving stability and overall performance, while the precision‑milled face extends ball‑to‑face contact for more consistent spin and greater stopping power. Face Optimization technology enhances the sweet spot through simulation‑dri(more...)",Wilson Staff
1/6/2026 10:59 am,2026 STAFF CB STS,Wilson Staff 2026 Staff Model CB Iron Set,2026 Staff Model CB,No,Iron Set,2026,,,"<p><strong>Who’s It For?</strong></p> <p><span style=""font-weight: 400;"">Designed for accomplished ball‑strikers who prize precision, feel, and shot‑shaping control, the Wilson Staff 2026 Staff Model CB Irons are built for players who appreciate classic forged craftsmanship paired with subtle modern enhancements. They suit golfers who want the workability and feedback of a traditional players iron but prefer just a touch more forgiveness than a pure blade, making them ideal for purists seeking next‑level performance without sacrificing timeless looks or precision.</span></p> <p><strong>The Tech Story</strong></p> <p><span style=""font-weight: 400;"">Engineered to deliver precision, feel, and refined shot‑making for the skilled player, the Wilson Staff 2026 Staff Model CB Irons combine advanced weighting, premium materials, and tour‑inspired shaping. The Fluid Feel Hosel removes excess mass and strategically shifts weight toward the toe to enhance stability and overall performance. A precision‑milled face pattern increases ball‑to‑face contact time, producing more consistent spin and greater stopping power on approach shots. The modern cavity‑back design features a compact head with reduced offset and sharper, cleaner lines, creating a refined, tour‑preferred look at address. For(more...)",Wilson Staff
1/6/2026 10:59 am,2026 STAFF MB STS,Wilson Staff 2026 Staff Model Blade Iron Set,2026 Staff Model Blade,No,Iron Set,2026,,,"<p><strong>Who’s It For?</strong></p> <p><span style=""font-weight: 400;"">Designed for the game’s purest ball‑strikers, these irons are built for players who demand absolute precision, unwavering control, and maximum workability in every shot. They suit highly skilled golfers who prefer traditional forged blades with a minimalist profile, prioritizing pure feedback and the ability to shape trajectories over forgiveness or distance‑boosting technologies.</span></p> <p><strong>The Tech Story</strong></p> <p><span style=""font-weight: 400;"">Engineered for golfers who demand pure precision and uncompromising control, the Wilson Staff 2026 Staff Model Blade Irons combine elite craftsmanship, premium materials, and tour‑inspired shaping to deliver the ultimate ball‑striking experience. The Fluid Feel Hosel removes unnecessary mass and shifts weight toward the toe, enhancing stability and overall performance without compromising the classic blade profile. A precision‑milled face increases ball‑to‑face contact, generating more consistent spin and improved stopping power for players who rely on exact yardages and trajectory control. Forged from soft 8620 carbon steel, these irons provide exceptional workability and instantaneous, pure feedback at impact—hallmarks of a true blade design. (more...)",Wilson Staff
1/6/2026 10:45 am,LIN Q PWRCORE WHITE DST,UST Mamiya LIN-Q PowerCore White Driver Shaft,LIN-Q PowerCore White,No,Driver Shaft,2026,,,"<p><strong>Who’s It For?</strong></p> <p><span style=""font-weight: 400;"">Designed for golfers who demand a penetrating ball flight, the UST Mamiya LIN-Q PowerCore White Driver Shaft is best suited for players seeking a low launch with minimal spin off the driver. It appeals to stronger or faster‑swinging golfers who want maximum control, tighter dispersion, and optimized distance by keeping spin down, making it an ideal option for those looking to fine‑tune performance with a more aggressive, stable profile.</span></p> <p><strong>The Tech Story</strong></p> <p><span style=""font-weight: 400;"">Engineered as part of UST Mamiya’s high‑performance LIN‑Q series, the LIN‑Q PowerCore White driver shaft is designed from the inside out to deliver exceptional strength, stability, and refined feel for demanding players. Each launch and flex profile is built using a dedicated mandrel, carefully selected materials, and precise layup patterns to ensure consistent performance throughout the lineup. At the foundation of the design is the advanced pairing of Q‑Ply material with a proprietary nano resin system, creating an extremely efficient fiber structure that enhances stability while preserving smooth, responsive feedback. UST Mamiya’s exclusive PowerCore technology further elevates performa(more...)",UST Mamiya
1/6/2026 10:43 am,LIN Q PWRCORE BLUE DST,UST Mamiya LIN-Q PowerCore Blue Driver Shaft,LIN-Q PowerCore Blue,No,Driver Shaft,2026,,,"<p><strong>Who’s It For?</strong></p> <p><span style=""font-weight: 400;"">Built for golfers who want a controlled, penetrating ball flight, the UST Mamiya LIN-Q PowerCore Blue Driver Shaft is ideal for players seeking a mid-launch with reduced spin off the driver. It suits golfers with consistent swings who want to optimize distance through efficient energy transfer while maintaining stability and control, making it a strong option for those looking to fine‑tune performance without sacrificing feel.</span></p> <p><strong>The Tech Story</strong></p> <p><span style=""font-weight: 400;"">Engineered by UST Mamiya as part of the high‑performance LIN‑Q series, the LIN‑Q PowerCore Blue driver shaft is built from the inside out to deliver increased strength, exceptional stability, and a remarkably smooth feel. Each launch and flex profile is individually developed using a dedicated mandrel, specific materials, and precise layup patterns to ensure optimized performance consistency. At the core of the design is the innovative pairing of Q‑Ply material with a proprietary nano resin system, creating one of the most efficient fiber structures available while enhancing launch consistency and feedback. The shaft also features UST Mamiya’s exclusive PowerCore technology, which significantly impr(more...)",UST Mamiya
1/6/2026 10:35 am,2026 DYNAPWR MAX PLUS DVR,Wilson Staff 2026 DYNAPWR Max+ Driver,2026 DYNAPWR Max+,No,Driver,2026,,,"<p><strong>Who’s It For?</strong></p> <p><span style=""font-weight: 400;"">Built for golfers who want maximum stability, confidence, and effortless consistency off the tee, the Wilson Staff 2026 DYNAPWR Max+ Driver suits players who value forgiveness and straight flight above all. With its ultra‑high MOI design surpassing the 10k mark and engineering focused on explosive speed and optimized launch, it’s ideal for those who want modern performance that minimizes mishits while delivering a powerful, responsive feel swing after swing.</span></p> <p><strong>The Tech Story</strong></p> <p><span style=""font-weight: 400;"">The 2026 DYNAPWR Max+ Driver integrates a suite of advanced technologies—including PKR‑360 AI‑driven face architecture tailored to the model—to generate faster ball speeds across more of the hitting surface, while an open hosel construction removes excess material and redistributes weight for a stronger, more efficient structure. Inside the head, precisely positioned internal ribs tune acoustics for a muted yet powerful sound at impact, and the driver’s engineered 10K MOI pushes the limits of straightness and forgiveness. Enhanced bulge and roll geometry delivers improved spin retention and tighter dispersion on off‑center strikes, and a flippable 26‑gram rear weight (more...)",Wilson Staff
1/5/2026 4:12 pm,VENTUS BLUE TR VELO PL DST,Fujikura Ventus TR Velocore+ Blue Driver Shaft,Ventus TR Velocore+ Blue,No,Driver Shaft,2026,,,"<p><strong>Who’s It For?</strong></p> <p><span style=""font-weight: 400;"">The Fujikura Ventus TR Velocore+ Blue is built for golfers who crave explosive stability and low spin—without stepping all the way up to the ultra‑stiff demands of the Ventus Black. Sitting perfectly between Ventus Blue and Black, it delivers the ideal blend of control, power, and feel. Its balanced profile suits a wide spectrum of swings, from smooth to aggressive, giving players a rock‑solid transition, a fluid launch, and the confidence to go after every shot.</span></p> <p><strong>The Tech Story</strong></p> <p><span style=""font-weight: 400;""> The Fujikura Ventus TR Velocore+ Blue woods shaft is engineered from extensive Tour feedback, motion‑capture testing, and proven performance insights, now featuring the advanced VeloCore+ Technology for even greater stability, smoother feel, and improved speed through impact. Building on the Ventus TR platform, it uses a high‑tech spread tow fabric in the mid‑handle section to boost torsional stiffness—promoting a naturally lower launch and spin than the standard Ventus Blue—while the new VeloCore+ construction enhances energy transfer for a more powerful, connected swing. This combination delivers maximum consistency and exceptional stability, especially for pl(more...)",Fujikura
12/18/2025 10:21 am,2026 BB 7 SPUD PUT,Bettinardi 2026 BB 7.0 Spud Putter,2026 BB 7.0 Spud,No,Putter,2026,,,"<p><strong>Who’s It For?</strong></p> <p><span style=""font-weight: 400;""> Designed for golfers who want maximum stability and forgiveness in a putter, the Bettinardi BB 7.0 Spud putter is built for players with a slight arc who benefit from the controlled, minimal toe flow created by a spud‑neck setup. Its generous mallet profile offers exceptional stability through impact, making it ideal for those who struggle with face rotation or distance control in smaller‑headed designs. With slight toe hang to support a gentle, natural release, this model suits players seeking a high‑MOI, confidence‑inspiring shape that still retains predictable, smooth performance for an arc‑leaning stroke.</span></p> <p><strong>The Tech Story</strong></p> <p><span style=""font-weight: 400;"">The Bettinardi 2026 BB 7.0 Spud Putter merges high‑MOI stability with advanced face‑milling precision, anchored by the Variable Depth Flymill (VDF) face that incorporates nine individually milled zones to normalize energy transfer for consistent ball speed and spin across the entire face—even on mishits, which is especially beneficial in an oversized mallet. Milled from 303 Stainless Steel, it reflects Bettinardi’s Modern Classics design philosophy, refining a large, confidence‑inspiring mallet silhouette with clean(more...)",Bettinardi
12/18/2025 10:20 am,2026 BB 6 SPUD PUT,Bettinardi 2026 BB 6.0 Spud Putter,2026 BB 6.0 Spud,No,Putter,2026,,,"<p><strong>Who’s It For?</strong></p> <p><span style=""font-weight: 400;"">Designed for golfers who want the forgiveness and stability of a compact mallet but prefer the clean, traditional presentation of a spud‑neck setup, the Bettinardi 2026 BB 6.0 Spud Putter fits players with a slight arc who benefit from subtle, controlled toe flow. Its slight toe hang supports gentle face rotation—ideal for those who don’t want a fully face‑balanced mallet—while the spud neck keeps alignment simple and square at address. This model is well‑suited to players seeking a blend of mallet‑style stability, classic visual simplicity, and smooth, predictable performance through the stroke.</span></p> <p><strong>The Tech Story</strong></p> <p><span style=""font-weight: 400;"">The Bettinardi 2026 BB 6.0 Spud Putter combines advanced face‑milling technology with a compact mallet design to deliver consistent performance, stability, and a refined feel. Its Variable Depth Flymill (VDF) face is precision‑milled into nine optimized zones that regulate energy transfer across the entire strike area, ensuring uniform ball speed and spin even on off‑center impacts—a key advantage for players who rely on mallet forgiveness. Crafted from 303 Stainless Steel, the putter reflects Bettinardi’s Modern Classics design (more...)",Bettinardi
12/18/2025 10:19 am,2026 BB49 PUT,Bettinardi 2026 BB-49 Putter,2026 BB-49,No,Putter,2026,,,"<p><strong>Who’s It For?</strong></p> <p><span style=""font-weight: 400;"">Designed for golfers who want a compact mid‑mallet with added stability but still prefer the natural flow of a moderate‑arc stroke, the Bettinardi 2026 BB‑49 fits players who benefit from a slant‑neck design that encourages controlled toe rotation without feeling overly free‑swinging. Its mid‑mallet shape offers a confidence‑boosting blend of forgiveness and precision, making it ideal for those who like a slightly larger footprint than a blade but don’t want the full geometry of a high‑MOI mallet. This putter suits players seeking smooth, responsive feel with reliable alignment and balanced toe hang.</span></p> <p><strong>The Tech Story</strong></p> <p><span style=""font-weight: 400;"">The Bettinardi 2026 BB‑49 Putter blends advanced face milling with refined mid‑mallet shaping to deliver consistent performance and confidence at address. Its Variable Depth Flymill (VDF) face uses nine precisely milled zones to optimize energy transfer, ensuring uniform ball speed and spin across the entire surface—even on mishits—providing reliable distance control. Milled from premium 303 Stainless Steel, the BB‑49 embodies Bettinardi’s Modern Classics approach, offering traditional lines updated with a clean, contemporary(more...)",Bettinardi
12/18/2025 10:15 am,2026 BB28 AL PUT,Bettinardi 2026 BB-28 Armlock Putter,2026 BB-28 Armlock,No,Putter,2026,,,"<p><strong>Who’s It For?</strong></p> <p><span style=""font-weight: 400;"">Designed for golfers committed to the armlock putting method, the Bettinardi 2026 BB‑28 Armlock is built for players seeking a stable, repeatable stroke with minimal wrist action. Its longer length supports proper armlock setup and encourages a forward‑press, shoulders‑driven motion, while the spud neck and slight toe hang suit those with a gentle arc who still want a hint of face rotation. Ideal for players who value a squared‑off blade profile but need the added control and consistency that armlock mechanics provide, this putter blends traditional shaping with the enhanced stability of a long‑lever design.</span></p> <p><strong>The Tech Story</strong></p> <p><span style=""font-weight: 400;"">The Bettinardi 2026 BB‑28 Armlock Putter combines advanced face engineering with a purpose‑built long‑lever design to deliver stability and consistency for armlock players. Its Variable Depth Flymill (VDF) face features nine precisely milled zones that optimize energy transfer across the entire striking surface, producing consistent ball speed and spin even when contact drifts from center—an important advantage for the longer, pendulum‑style armlock stroke. Milled from 303 Stainless Steel, the BB‑28 Armlock reflects B(more...)",Bettinardi
12/18/2025 10:13 am,2026 BB28 PUT,Bettinardi 2026 BB-28 Putter,2026 BB-28,No,Putter,2026,,,"<p><strong>Who’s It For?</strong></p> <p><span style=""font-weight: 400;"">Designed for players who prefer a traditional blade look but need a touch more stability, the Bettinardi 2026 BB‑28 is built for golfers with a slight arc in their putting stroke who benefit from the subtle toe flow created by a spud neck. Its compact, squared‑off blade profile appeals to those who value clean alignment cues and a minimalist aesthetic, while the slight toe hang supports controlled face rotation without feeling overly free‑flowing. This putter is ideal for golfers seeking a blend of classic precision, understated confidence, and smooth, predictable performance on the greens.</span></p> <p><strong>The Tech Story</strong></p> <p><span style=""font-weight: 400;"">The Bettinardi 2026 BB‑28 Putter delivers a blend of precision engineering and timeless craftsmanship, anchored by its Variable Depth Flymill (VDF) face that incorporates nine meticulously milled zones to maintain consistent ball speed and spin across the entire face—even on off‑center strikes. Crafted from 303 Stainless Steel, it reflects Bettinardi’s Modern Classics philosophy, refining a traditional blade profile with clean, confidence‑inspiring lines suited to today’s performance standards. Its Tour‑proven construction stems from d(more...)",Bettinardi
12/18/2025 10:07 am,2026 BB8W PUT,Bettinardi 2026 BB-8W Putter,2026 BB-8W,No,Putter,2026,,,"<p><strong>Who’s It For?</strong></p> <p><span style=""font-weight: 400;"">Designed for golfers who want the reassurance of a wider blade while maintaining the traditional look and flow of a plumbers‑neck design, the Bettinardi 2026 BB‑8W suits players with a moderate arc who benefit from mid toe hang. Its wider profile offers added stability at impact without moving into full‑mallet territory, making it ideal for those who prefer blade‑like feedback but appreciate a little extra forgiveness. This putter fits players seeking a balanced blend of classic aesthetics, controlled toe flow, and confidence‑boosting alignment.</span></p> <p><strong>The Tech Story</strong></p> <p><span style=""font-weight: 400;"">The Bettinardi 2026 BB‑8W Putter integrates advanced face technology with refined classic shaping to deliver a wider‑blade design that feels both modern and tour‑ready. Its Variable Depth Flymill (VDF) face uses nine precisely milled zones to optimize energy transfer across the entire face, ensuring consistent ball speed and spin even on mishits—an especially valuable benefit for a wider profile blade. Milled from 303 Stainless Steel, the BB‑8W embodies Bettinardi’s “Modern Classics” philosophy, offering clean lines and a confidence‑inspiring look tailored to today’s performance e(more...)",Bettinardi
12/18/2025 10:04 am,2026 BB1 PUT,Bettinardi 2026 BB-1 Putter,2026 BB-1,No,Putter,2026,,,"<p><strong>Who’s It For?</strong></p> <p><span style=""font-weight: 400;""> Designed for golfers who prefer a traditional blade profile with a classic plumbers neck, the Bettinardi 2026 BB‑1Putter is ideal for players with a moderate arc in their putting stroke who want a blend of precision, feel, and workable toe flow. Its mid toe hang supports golfers who naturally open and close the face through impact, while the iconic BB‑1 shaping appeals to those who value clean lines, responsive feedback, and timeless craftsmanship on the greens.</span></p> <p><strong>The Tech Story</strong></p> <p><span style=""font-weight: 400;"">The Bettinardi 2026 BB‑1 Putter combines precision engineering with classic craftsmanship, anchored by its Variable Depth Flymill (VDF) face that features nine individually milled zones to optimize energy transfer for consistent ball speed and spin—even on off‑center strikes. Milled from 303 Stainless Steel, the BB‑1 blends traditional shaping with modern refinements, delivering clean lines and a confidence‑inspiring profile that suits today’s performance standards. Its Tour‑proven construction reflects feedback from elite players, resulting in the exceptional feel, control, and reliability demanded under pressure. Finished in a striking Savannah Blue PVD and pai(more...)",Bettinardi
12/17/2025 3:25 pm,DF3 I PUT,L.A.B. Golf DF3i Putter,DF3i,No,Putter,2026,,,"<p><strong>Who’s It For?</strong></p> <p><span style=""font-weight: 400;"">Designed for golfers who prefer the popular and standard build specs and want maximum stability in their putting stroke, the L.A.B. Golf DF3i Putter is ideal for players who appreciate a putter that stays square on its own and remains exceptionally forgiving on mishits. Its stainless-steel insert delivers a firmer feel with faster ball speeds, adding responsiveness without sacrificing control. And as with every L.A.B. Golf design, it maintains true Lie Angle Balance to promote a smooth, consistent motion.</span></p> <p><strong>The Tech Story</strong></p> <p><span style=""font-weight: 400;"">The DF3i leverages L.A.B. Golf’s precision‑driven construction, with every putter head 100% CNC‑milled from 6061 aircraft aluminum to enable complex geometry and exceptional customization. Its design incorporates eight strategically placed steel or tungsten screws in varying densities on the sole, allowing engineers to fine‑tune swing weight and maintain perfect Lie Angle Balance for each individual build. Enhancing the DF3’s performance further, the 303 stainless steel insert—drawing inspiration from the Oz.1i and Oz.1i HS—introduces a firmer, more responsive feel at impact, giving golfers who love the DF3 head shape ad(more...)",L.A.B. Golf
12/10/2025 3:40 pm,QUANTUM TI FWG,Callaway Quantum Ti Fairway Wood,Quantum Ti,No,Fairway Wood,2026,,,"<p><strong>Who’s It For?</strong></p> <p><span style=""font-weight: 400;"">Designed for golfers who want a premium, high‑performance fairway wood that blends advanced speed technologies with confidence‑inspiring forgiveness, the Callaway Quantum Ti Fairway Wood is ideal for players seeking the stability of a larger head with the workability and power typically reserved for tour‑level designs. Its full‑titanium construction offers a rare mix of explosive performance and added forgiveness, making it a strong fit for those who want maximum capability from both the tee and the turf while still enjoying a refined, confidence‑boosting look at address.</span></p> <p><strong>The Tech Story</strong></p> <p><span style=""font-weight: 400;"">Featuring a lightweight, easy‑to‑swing construction built specifically for moderate swing‑speed players, the Callaway Quantum Max Fast Fairway Wood combines advanced materials and intelligent design to make higher launch and effortless speed more attainable. Its Speed Wave 2.0 structure positions up to 40 grams of tungsten low and forward to increase ball speed and promote a consistent, fast launch, while freeing additional face flex that boosts energy transfer—especially on low‑face impacts where fairway woods typically lose efficiency. The new Step Sol(more...)",Callaway
12/10/2025 3:27 pm,AI DUAL S2S MAX HALF BS C PUT,Odyssey Ai-DUAL Square 2 Square Max 1/2 Ball Broomstick Putter,Ai-DUAL Square 2 Square Max 1/2 Ball Broomstick,No,Putter,2026,,,"<p><strong>Who’s It For?</strong></p> <p><span style=""font-weight: 400;"">Designed for golfers who prefer the stability and unique feel of a longer broomstick-style putter, the Odyssey Ai-DUAL Square 2 Square Max 1/2 Ball Broomstick Putter is ideal for players seeking a zero‑torque, square‑to‑square stroke with minimal face rotation. The center‑shafted S2S hosel positions the shaft directly over the ball to promote a naturally stable, toe‑up setup, while the innovative ½‑ball alignment system precisely frames the ball to improve aim and encourage more centered strikes. Combined with the forgiveness of the Max mallet shape, it’s built for players who want maximum control, enhanced alignment, and a smooth, repeatable motion in a long‑length putting configuration.</span></p> <p><strong>The Tech Story</strong></p> <p><span style=""font-weight: 400;"">Featuring a complete integration of roll‑enhancing, alignment‑focused, and stroke‑stabilizing technologies, the Odyssey Ai‑DUAL Square 2 Square Max ½ Ball Broomstick Putter is built around an Artificial Intelligence–engineered dual‑layer urethane insert that pairs a soft outer layer with a firmer inner core to deliver exceptional feel, consistent ball speed, and enhanced forward roll across the entire face. This works seamlessly with the(more...)",Odyssey
12/10/2025 3:25 pm,AI DUAL S2S MAX HALF C PUT,Odyssey Ai-DUAL Square 2 Square Max 1/2 Ball Cruiser Putter,Ai-DUAL Square 2 Square Max 1/2 Ball Cruiser,No,Putter,2026,,,"<p><strong>Who’s It For?</strong></p> <p><span style=""font-weight: 400;"">Designed for golfers who want maximum face stability, easy alignment, and a naturally square‑to‑square stroke, the Odyssey Ai-DUAL Square 2 Square Max 1/2 Ball Cruiser Putter is ideal for players who prefer a zero‑torque, center‑shafted design that resists unwanted face rotation. The S2S hosel places the shaft directly over the ball for a balanced, toe‑up setup, helping the face stay perfectly square throughout the stroke. The innovative ½‑ball alignment system further enhances confidence by precisely framing the ball at address, promoting cleaner impacts and more accurate aim. Paired with the consistency and premium feel of the Ai‑DUAL insert in a cruiser-style, counterbalanced package, it’s built for golfers seeking exceptional control, alignment clarity, and repeatable accuracy on the greens.</span></p> <p><strong>The Tech Story</strong></p> <p><span style=""font-weight: 400;"">Featuring a complete suite of roll‑enhancing, alignment‑boosting, and stroke‑stabilizing technologies, the Odyssey Ai‑DUAL Square 2 Square Max ½ Ball Cruiser Putter is built around an Artificial Intelligence–designed dual‑layer urethane insert that pairs a soft outer layer with a firmer inner core to deliver exceptional feel, cons(more...)",Odyssey
12/10/2025 3:24 pm,AI DUAL S2S MAX HALF PUT,Odyssey Ai-DUAL Square 2 Square Max 1/2 Ball Putter,Ai-DUAL Square 2 Square Max 1/2 Ball,No,Putter,2026,,,"<p><strong>Who’s It For?</strong></p> <p><span style=""font-weight: 400;"">Designed for golfers who want maximum face stability and effortless alignment in a true square‑to‑square stroke, the Odyssey Ai-DUAL Square 2 Square Max 1/2 Ball Putter is ideal for players who prefer a zero‑torque, center‑shafted design that naturally keeps the face from rotating. The S2S hosel positions the shaft directly over the ball for balanced, toe‑up performance, while the ½‑ball alignment system precisely frames the ball to make aiming easier and promote more centered contact. Combined with the consistency, forward roll, and premium feel of the Ai‑DUAL insert, it’s built for golfers seeking a highly stable mallet that boosts confidence, improves aim, and delivers repeatable accuracy on the greens.</span></p> <p><strong>The Tech Story</strong></p> <p><span style=""font-weight: 400;"">Featuring a complete integration of roll‑enhancing, alignment‑boosting, and stroke‑stabilizing innovations, the Odyssey Ai‑DUAL Square 2 Square Max ½ Ball Putter is powered by an Artificial Intelligence–designed dual‑layer urethane insert that blends a soft outer layer with a firmer inner core to deliver exceptional feel, highly consistent ball speed, and improved forward roll across the entire face. Working in harmony (more...)",Odyssey
12/10/2025 3:23 pm,AI DUAL S2S JLBRD PUT,Odyssey Ai-DUAL Square 2 Square Jailbird Putter,Ai-DUAL Square 2 Square Jailbird,No,Putter,2026,,,"<p><strong>Who’s It For?</strong></p> <p><span style=""font-weight: 400;"">Designed for golfers who want the ultra‑stable, square‑to‑square feel of a zero‑torque putter paired with the trusted forgiveness and alignment benefits of the popular Jailbird shape, the Odyssey Ai-DUAL Square 2 Square Jailbird Putter is ideal for players with a straight‑back, straight‑through stroke who struggle with face rotation. The center‑shafted S2S hosel positions the shaft directly over the ball to keep the face naturally square throughout the motion, while the Jailbird mallet profile offers exceptional stability and visual confidence. Combined with the Ai‑DUAL insert’s consistent speed, enhanced forward roll, and premium feel, it’s built for golfers seeking maximum accuracy, face stability, and repeatable performance on the greens.</span></p> <p><strong>The Tech Story</strong></p> <p><span style=""font-weight: 400;"">Packed with advanced stability, roll‑enhancing, and setup‑optimizing technologies, the Odyssey Ai‑DUAL Square 2 Square Jailbird Putter integrates an Artificial Intelligence–engineered dual‑layer urethane insert that pairs a soft outer layer with a firmer inner core to deliver exceptional feel, consistent ball speed, and improved forward roll across the entire face. This works seamless(more...)",Odyssey
12/10/2025 3:20 pm,AI DUAL JLBRD HALF C PUT,Odyssey Ai-DUAL Jailbird 1/2 Ball Cruiser Putter,Ai-DUAL Jailbird 1/2 Ball Cruiser,No,Putter,2026,,,"<p><strong>Who’s It For?</strong></p> <p><span style=""font-weight: 400;""> Designed for golfers who want the trusted stability and forgiveness of the popular Jailbird shape paired with effortless alignment and a more face‑balanced stroke, the Odyssey Ai-DUAL Jailbird 1/2 Ball Cruiser Putter is ideal for players with a straight‑back, straight‑through motion who prefer minimal face rotation. The double‑bend hosel enhances face‑balance performance, while the ½‑ball alignment feature precisely frames the ball to promote cleaner impact and improved aim. Combined with the feel, consistency, and roll benefits of the Ai‑DUAL insert, it’s built for golfers seeking confidence‑boosting alignment, smooth stroke stability, and reliable performance in a cruiser setup.</span></p> <p><strong>The Tech Story</strong></p> <p><span style=""font-weight: 400;"">Featuring a combination of advanced roll‑enhancing, alignment‑boosting, and stability‑focused technologies, the Odyssey Ai‑DUAL Jailbird ½ Ball Cruiser Putter is built around an Artificial Intelligence–designed dual‑layer urethane insert that pairs a soft outer layer with a firmer inner core to produce exceptional feel, highly consistent ball speed, and improved forward roll across the entire face. This performance is further elevated by the de(more...)",Odyssey
12/10/2025 3:20 pm,AI DUAL 7 DB HALF C PUT,Odyssey Ai-DUAL Seven DB 1/2 Ball Cruiser Putter,Ai-DUAL Seven DB 1/2 Ball Cruiser,No,Putter,2026,,,"<p><strong>Who’s It For?</strong></p> <p><span style=""font-weight: 400;"">Designed for golfers who want maximum stability, easy alignment, and a smooth, square‑to‑square stroke, this putter is ideal for players who benefit from a zero‑torque, center‑shafted design that naturally keeps the face from rotating. The S2S hosel positions the shaft directly over the ball for a balanced, toe‑up setup, while the innovative ½‑ball alignment system precisely frames the ball to promote cleaner strikes and more accurate aim. Combined with the trusted forgiveness of the Seven mallet shape and the feel and consistency of the Ai‑DUAL insert, it’s built for players seeking exceptional control, improved alignment, and repeatable accuracy on the greens.</span></p> <p><strong>The Tech Story</strong></p> <p><span style=""font-weight: 400;"">Featuring a full suite of roll‑enhancing, stability‑boosting, and alignment‑improving technologies, the Odyssey Ai‑DUAL Seven DB ½ Ball Cruiser Putter is built around an Artificial Intelligence–designed dual‑layer urethane insert that combines a soft outer layer with a firmer inner core to deliver exceptional feel, consistent ball speed, and improved forward roll across the entire face. This works in tandem with the deeper, more aggressive FRD (Forward Roll Design(more...)",Odyssey
12/10/2025 3:18 pm,AI DUAL JLBRD MINI PUT,Odyssey Ai-DUAL Jailbird Mini Putter,Ai-DUAL Jailbird Mini,No,Putter,2026,,,"<p><strong>Who’s It For?</strong></p> <p><span style=""font-weight: 400;"">Designed for golfers who want the stability and alignment benefits of the iconic Jailbird shape in a more compact, easy‑to‑aim package, the Odyssey Ai-DUAL Jailbird Mini Putter is ideal for players with a straight‑back, straight‑through stroke who prefer the consistency of a face‑balanced design. The double‑bend hosel helps keep the face square through impact, while the Ai‑DUAL insert technology provides exceptional feel, consistent speed, and improved forward roll—making it a strong fit for golfers seeking reliable control and confidence on the greens.</span></p> <p><strong>The Tech Story</strong></p> <p><span style=""font-weight: 400;"">Featuring a full suite of advanced roll‑enhancing technologies, the Odyssey Ai‑DUAL Jailbird Mini Putter is built around an Artificial Intelligence–designed dual‑layer urethane insert that blends a soft outer layer with a firmer inner core to create outstanding feel, highly consistent ball speed, and improved forward roll across the entire face. Working in harmony with this insert is the new FRD (Forward Roll Design) Groove, now deeper, more aggressive, and precision‑engineered with a 19° slope to reduce skid and promote a smoother, more efficient roll whether impact occur(more...)",Odyssey
12/10/2025 3:18 pm,AI DUAL 7 S PUT,Odyssey Ai-DUAL Seven S Putter,Ai-DUAL Seven S,No,Putter,2026,,,"<p><strong>Who’s It For?</strong></p> <p><span style=""font-weight: 400;""> Built for golfers who want the stability and alignment benefits of a mallet but prefer the added toe flow of a moderate‑hang design, the Odyssey Ai-DUAL Seven S Putter best suits players with a slight‑to‑moderate arc in their stroke. The slant‑neck hosel promotes natural face rotation while maintaining the forgiveness and confidence‑inspiring look of the Seven shape. Combined with the Ai‑DUAL insert’s consistent speed, enhanced forward roll, and exceptional feel, it’s designed for golfers seeking a blend of precision, smooth arc performance, and high‑MOI stability on the greens.</span></p> <p><strong>The Tech Story</strong></p> <p><span style=""font-weight: 400;"">Featuring a full suite of roll‑enhancing and stroke‑stabilizing technologies, the Odyssey Ai‑DUAL Seven S Putter is built around an Artificial Intelligence–designed dual‑layer urethane insert that pairs a soft outer layer with a firmer inner core to deliver exceptional feel, consistent ball speed, and noticeably improved forward roll across the face. This insert works seamlessly with the new, deeper, and more aggressive FRD (Forward Roll Design) Groove, engineered with a precise 19° slope to further reduce skid and promote a smoother, more effici(more...)",Odyssey
12/10/2025 3:17 pm,AI DUAL 7 DB PUT,Odyssey Ai-DUAL Seven DB Putter,Ai-DUAL Seven DB,No,Putter,2026,,,"<p><strong>Who’s It For?</strong></p> <p><span style=""font-weight: 400;"">Designed for players who want maximum stability and forgiveness in their putting stroke, the Odyssey Ai-DUAL Seven DB Putter is ideal for those who prefer a face‑balanced mallet that best complements a straight‑back, straight‑through stroke. The fanged mallet shape offers exceptional alignment assistance, while the double‑bend hosel helps keep the face square through impact. Combined with the Ai‑DUAL insert’s consistent speed, enhanced forward roll, and premium feel, it’s built for golfers seeking confidence, balance, and precision on every putt.</span></p> <p><strong>The Tech Story</strong></p> <p><span style=""font-weight: 400;"">Packed with cutting‑edge roll and feel technologies, the Odyssey Ai‑DUAL Seven DB Putter features an Artificial Intelligence–designed dual‑layer urethane insert that pairs a soft outer layer with a firmer inner core to deliver exceptional feel, highly consistent ball speed, and improved forward roll no matter where the ball contacts the face. This performance is further elevated by the new, deeper, and more aggressive FRD (Forward Roll Design) Groove, engineered with a precise 19° slope to work seamlessly with the insert and reduce skid while promoting a smoother, more efficient (more...)",Odyssey
12/10/2025 3:17 pm,AI DUAL DW PUT,Odyssey Ai-DUAL Double Wide Putter,Ai-DUAL Double Wide,No,Putter,2026,,,"<p><strong>Who’s It For?</strong></p> <p><span style=""font-weight: 400;""> Built for golfers who want added stability in a blade-style profile, the Odyssey Ai-DUAL Double Wide Putter suits players with a slight‑arc stroke who benefit from the subtle toe hang created by a double‑bend hosel. Its wide‑blade shaping offers extra forgiveness, while the advanced Ai‑DUAL insert technology supports those seeking consistent speed, improved forward roll across the face, and a soft, responsive feel—ideal for golfers who want dependable performance with a more confidence‑inspiring look at address.</span></p> <p><strong>The Tech Story</strong></p> <p><span style=""font-weight: 400;"">Featuring a suite of advanced roll‑enhancing technologies, the Odyssey Ai‑DUAL Double Wide Putter uses an Ai‑engineered, dual‑layer urethane insert that combines a soft outer layer with a firmer inner layer to deliver exceptional feel, highly consistent ball speed, and improved forward roll across the entire face. This insert works in tandem with the new, deeper, more aggressive FRD (Forward Roll Design) Groove, which incorporates a precise 19° slope to further promote a smoother, more efficient roll whether contact occurs high or low on the face. Supporting this performance package is the SL 90 shaft, a lightwei(more...)",Odyssey
12/10/2025 3:16 pm,AI DUAL ONE PUT,Odyssey Ai-DUAL One Putter,Ai-DUAL One,No,Putter,2026,,,"<p><strong>Who’s It For?</strong></p> <p><span style=""font-weight: 400;"">Designed for golfers who want a traditional blade look paired with modern performance, the Odyssey Ai-DUAL One Putter suits players who benefit from moderate toe hang and prefer a smooth arc stroke. Its advanced Ai-DUAL insert technology supports those seeking more consistent speed across the face, reliable forward roll, and a soft, responsive feel—ideal for golfers who demand precision and touch on the greens.</span></p> <p><strong>The Tech Story</strong></p> <p><span style=""font-weight: 400;"">Packed with advanced performance technologies, the Odyssey Ai-DUAL One Putter features a dual‑layer urethane Ai-DUAL insert engineered through Artificial Intelligence to pair a soft outer layer with a firmer inner layer, creating exceptional feel while maintaining remarkably consistent ball speed and enhanced forward roll across the entire face. A deeper, more aggressive FRD (Forward Roll Design) Groove with a 19° slope works in harmony with the insert to promote a truer roll both high and low on the face, reducing skid and improving distance control. Completing the system is the SL 90 shaft—a lightweight steel design with 20–30 grams of counterbalance weight in the butt end—which Odyssey’s testing shows helps golf(more...)",Odyssey
12/10/2025 3:16 pm,AI DUAL JLBRD MINI HALF PUT,Odyssey Ai-DUAL Jailbird Mini 1/2 Ball Putter,Ai-DUAL Jailbird Mini 1/2 Ball,No,Putter,2026,,,"<p><strong>Who’s It For?</strong></p> <p><span style=""font-weight: 400;""> Designed for golfers who want the trusted stability and alignment benefits of the Jailbird shape in a more compact, confidence‑inspiring footprint, the Odyssey Ai-DUAL Jailbird Mini 1/2 Ball Putter is ideal for players with a straight‑back, straight‑through stroke who prefer the reliability of a face‑balanced mallet. The double‑bend hosel helps keep the face square through impact, while the ½‑ball head design naturally frames the ball to improve aim and promote more centered contact. Paired with the Ai‑DUAL insert’s consistent speed, enhanced forward roll, and exceptional feel, it’s built for golfers seeking precision, forgiveness, and easy alignment on the greens.</span></p> <p><strong>The Tech Story</strong></p> <p><span style=""font-weight: 400;"">Featuring a comprehensive blend of advanced roll, alignment, and stroke‑stability technologies, the Odyssey Ai‑DUAL Jailbird Mini ½ Ball Putter is powered by an Artificial Intelligence–designed dual‑layer urethane insert that pairs a soft outer layer with a firmer inner core to deliver exceptional feel, highly consistent ball speed, and improved forward roll across the face. This insert works in concert with the new, deeper, and more aggressive FRD (Forward Ro(more...)",Odyssey
12/10/2025 3:15 pm,AI DUAL 7 HALF BALL PUT,Odyssey Ai-DUAL Seven 1/2 Ball S Putter,Ai-DUAL Seven 1/2 Ball S,No,Putter,2026,,,"<p><strong>Who’s It For?</strong></p> <p><span style=""font-weight: 400;"">Designed for golfers who want the high‑MOI stability and alignment benefits of the Seven head shape but prefer the added toe flow of a slant‑neck design, the Odyssey Ai-DUAL Seven 1/2 Ball S Putter is ideal for players with a slight‑to‑moderate arc in their stroke. The moderate toe hang allows the face to release naturally, while the ½‑ball alignment feature precisely frames the ball to promote better aim and more centered contact. Paired with the Ai‑DUAL insert’s consistent speed, forward roll, and exceptional feel, it’s built for golfers seeking a blend of forgiveness, smooth arc performance, and confidence‑boosting alignment.</span></p> <p><strong>The Tech Story</strong></p> <p><span style=""font-weight: 400;"">Featuring a full suite of roll‑enhancing, alignment‑boosting, and stroke‑stabilizing technologies, the Odyssey Ai‑DUAL Seven ½ Ball S Putter is built around an Artificial Intelligence–designed dual‑layer urethane insert that pairs a soft outer layer with a firmer inner core to deliver exceptional feel, highly consistent ball speed, and improved forward roll across the entire face. This advanced insert works seamlessly with the new FRD (Forward Roll Design) Groove, now deeper, more aggressive, and (more...)",Odyssey
12/10/2025 3:14 pm,AI DUAL DW HALF BALL PUT,Odyssey Ai-DUAL Double Wide 1/2 Ball Putter,Ai-DUAL Double Wide 1/2 Ball,No,Putter,2026,,,"<p><strong>Who’s It For?</strong></p> <p><span style=""font-weight: 400;"">Built for golfers who want the added stability of a wide‑blade design paired with the easy alignment benefits of Odyssey’s ½‑ball technology, the Odyssey Ai-DUAL Double Wide 1/2 Ball Putter best suits players with a slight‑arc stroke who prefer the subtle toe flow created by a double‑bend hosel. The wide‑blade shape offers enhanced forgiveness without moving into full‑mallet territory, while the ½‑ball alignment feature naturally frames the ball to promote better aim and more centered strikes. Combined with the Ai‑DUAL insert’s consistent speed, improved forward roll, and exceptional feel, it’s ideal for players who want precision, balance, and confidence at address.</span></p> <p><strong>The Tech Story</strong></p> <p><span style=""font-weight: 400;"">Featuring a blend of advanced roll, alignment, and stroke‑stability technologies, the Odyssey Ai‑DUAL Double Wide ½ Ball Putter incorporates an Artificial Intelligence–designed dual‑layer urethane insert that combines a soft outer layer with a firmer inner core to deliver exceptional feel, highly consistent ball speed, and noticeably improved forward roll across the entire face. This insert works in tandem with the deeper, more aggressive FRD (Forward Roll De(more...)",Odyssey
12/8/2025 4:00 pm,2026 SS FASTBACK 2 LD PUT,Titleist Scotty Cameron 2026 Studio Style Fastback 2 Long Design Putter,2026 Studio Style Fastback 2 Long Design,No,Putter,2026,,,"<p><strong>Who’s It For?</strong></p> <p><span style=""font-weight: 400;"">Designed for golfers who want to quiet their hands and rely more on a stable, shoulder‑driven stroke, this putter is ideal for players seeking the added control and smoothness that a longer, heavier configuration provides. Its extended length allows for versatile setup options—including different grip styles and postures—making it well‑suited for those who struggle with excess wrist action or prefer a more anchored, pendulum‑like motion. Blending the stability of a mid‑mallet with the soft feel of a Studio Carbon Steel insert, it’s built for players who value craftsmanship, forgiveness, and a more consistent, repeatable putting stroke.</span></p> <p><strong>The Tech Story</strong></p> <p><span style=""font-weight: 400;"">The 2026 Titleist Scotty Cameron Studio Style Fastback 2 Long Design Putter blends advanced material engineering with a stroke‑stabilizing build to deliver exceptionally soft feel and precision control. At its core is the new Studio Carbon Steel (SCS) face insert, featuring chain‑link face milling that reduces contact points at impact to quiet sound, preserve feedback, and maintain consistent ball speed. The insert’s electroless nickel plating enhances durability while maintaining the uniqu(more...)",Titleist Scotty Cameron
12/8/2025 3:58 pm,2026 SS FASTBACK 2 PUT,Titleist Scotty Cameron 2026 Studio Style Fastback 2 Putter,2026 Studio Style Fastback 2,No,Putter,2026,,,"<p><strong>Who’s It For?</strong></p> <p><span style=""font-weight: 400;"">Designed for golfers who want the stability and forgiveness of a compact mallet without sacrificing a traditional, confident look at address, the Titleist Scotty Cameron 2026 Studio Style Fastback 2 Putter is ideal for players with a moderate arc who benefit from medium toe flow. Its plumbing‑neck design supports natural face rotation while maintaining control, making it a strong fit for those transitioning from a blade or seeking more alignment assistance. With its rounded profile, high‑contrast alignment cues, and soft‑feeling Studio Carbon Steel face insert, it suits players who value precision, modern feel, and craftsmanship in a compact, high‑MOI package.</span></p> <p><strong>The Tech Story</strong></p> <p><span style=""font-weight: 400;"">The 2026 Studio Style Fastback 2 Putter combines a refined multi‑material mid‑mallet design with advanced face‑technology to deliver soft feel, enhanced stability, and precise speed control. Its Studio Carbon Steel (SCS) insert—finished with durable electroless nickel plating—is engineered for superior vibration damping compared to stainless steel, aluminum, or Teryllium, producing an exceptionally soft sound by shortening the duration of impact while preserving con(more...)",Titleist Scotty Cameron
12/8/2025 3:57 pm,2026 SS SANTA FE PUT,Titleist Scotty Cameron 2026 Studio Style Santa Fe Putter,2026 Studio Style Santa Fe,No,Putter,2026,,,"<p><strong>Who’s It For?</strong></p> <p><span style=""font-weight: 400;"">Designed for golfers who prefer a traditional blade aesthetic but want the benefits of modern performance technologies, the Titleist Scotty Cameron 2026 Studio Style Santa Fe Putter is ideal for players with a naturally arcing stroke who rely on confident face rotation and precise feel. Its flow neck encourages maximum toe flow, making it a strong fit for those who like the putter to release through impact, while its soft‑feeling Studio Carbon Steel insert and chain‑link milling preserve feedback and distance control. Blending classic Scotty Cameron shaping with master‑crafted construction and contemporary face‑technology, it suits players who value artistry, responsiveness, and timeless design in their putting stroke.</span></p> <p><strong>The Tech Story</strong></p> <p><span style=""font-weight: 400;"">The 2026 Studio Style Santa Fe Putter blends timeless blade shaping with modern face‑technology, highlighted by its Studio Carbon Steel (SCS) insert engineered for exceptionally soft feel and precise speed control. This insert—finished with durable electroless nickel plating—was chosen after extensive testing for its superior vibration damping compared to metals like aluminum, stainless steel, and Teryllium(more...)",Titleist Scotty Cameron
12/8/2025 3:55 pm,2026 PHANTOM 9.2R PUT,Titleist Scotty Cameron 2026 Phantom 9.2R Putter,2026 Phantom 9.2R,No,Putter,2026,,,"<p><strong>Who’s It For?</strong></p> <p><span style=""font-weight: 400;"">Designed for golfers with a moderate arc in their putting stroke, this model suits players who want a rounded modern mallet that blends stability, feel, and clear alignment cues. Its plumbing‑neck design supports natural face rotation and offers a familiar look at address, making it an excellent option for players transitioning from a blade while still wanting the forgiveness and balance of a mallet. Combined with premium craftsmanship and a full‑face Studio Carbon Steel insert that enhances both feel and distance control, it’s built for those who value precision, consistency, and a smooth, confident stroke.</span></p> <p><strong>The Tech Story</strong></p> <p><span style=""font-weight: 400;"">The 2026 Phantom 9.2R Putter blends modern mallet stability with advanced face‑technology, featuring a full‑face Studio Carbon Steel (SCS) insert milled with a chain‑link pattern to soften sound, enhance feel, and maintain consistent ball speed by reducing contact points at impact. This carbon steel insert—developed through extensive testing that began with the 2025 Studio Style family—offers superior vibration damping compared to aluminum, stainless steel, or Teryllium, producing a more controlled yet responsive stri(more...)",Titleist Scotty Cameron
12/8/2025 3:54 pm,2026 PHANTOM 9R PUT,Titleist Scotty Cameron 2026 Phantom 9R Putter,2026 Phantom 9R,No,Putter,2026,,,"<p><strong>Who’s It For?</strong></p> <p><span style=""font-weight: 400;"">Designed for golfers with a minimal‑arc, almost straight‑back, straight‑through stroke, the Titleist Scotty Cameron 2026 Phantom 9R Putter suits players who prefer a rounded modern mallet that offers a balanced blend of stability, alignment, and soft feel. Its single mid‑bend neck supports a square‑to‑square motion, making it ideal for those who want added forgiveness without introducing unnecessary face rotation. Combined with master‑crafted construction and a full‑face Studio Carbon Steel insert that enhances sound, feel, and distance control, it’s built for players seeking a smooth, stable mallet that delivers confidence and consistency at address.</span></p> <p><strong>The Tech Story</strong></p> <p><span style=""font-weight: 400;"">The 2026 Phantom 9R Putter combines a rounded, modern mallet profile with advanced material engineering, highlighted by its full‑face Studio Carbon Steel (SCS) insert featuring chain‑link milling that softens sound, enhances feel, and maintains ball speed by reducing contact points at impact. This carbon steel insert—developed through extensive testing that began with the 2025 Studio Style line—offers superior vibration damping compared to stainless steel, aluminum, or Teryl(more...)",Titleist Scotty Cameron
12/8/2025 3:52 pm,2026 PHANTOM 7.5 PUT,Titleist Scotty Cameron 2026 Phantom 7.5 Putter,2026 Phantom 7.5,No,Putter,2026,,,"<p><strong>Who’s It For?</strong></p> <p><span style=""font-weight: 400;"">Designed for golfers with a pronounced, maximum‑arc putting stroke, the Titleist Scotty Cameron 2026 Phantom 7.5 Putter is ideal for players seeking an angular mallet with sharp alignment wings that deliver both stability and clear visual framing. Its jet neck promotes significant face rotation throughout the stroke while keeping the view of the ball clean and unobstructed at address, making it especially appealing to players who rely on natural arc and strong visual cues. Paired with master‑crafted construction and a full‑face Studio Carbon Steel insert that enhances feel and distance control, it’s built for those who want blade‑like flow paired with the forgiveness and stability of a modern mallet.</span></p> <p><strong>The Tech Story</strong></p> <p><span style=""font-weight: 400;"">The 2026 Phantom 7.5 Putter blends advanced material engineering with a highly arcing stroke design, featuring a full‑face Studio Carbon Steel (SCS) insert milled with a chain‑link pattern that softens sound, heightens feel, and preserves ball speed by reducing contact points at impact. This carbon steel insert—developed through extensive testing that began with the 2025 Studio Style lineup—provides superior vibration damping(more...)",Titleist Scotty Cameron
12/8/2025 3:49 pm,2026 PHANTOM 7.2 PUT,Titleist Scotty Cameron 2026 Phantom 7.2 Putter,2026 Phantom 7.2,No,Putter,2026,,,"<p><strong>Who’s It For?</strong></p> <p><span style=""font-weight: 400;"">Designed for golfers with a moderate arc in their putting stroke, this model suits players who want an angular mallet with sharp, defined wings that provide strong alignment cues and enhanced stability. Its plumbing‑neck design supports natural face rotation while offering a familiar look at address, making it an excellent choice for players transitioning from a blade but seeking the added forgiveness of a mallet. With its blend of stability, feel, and intuitive alignment, it’s built for those who want confident performance without giving up the stroke flow they’re accustomed to.</span></p> <p><strong>The Tech Story</strong></p> <p><span style=""font-weight: 400;"">The 2026 Phantom 7.2 Putter combines a precision‑milled, angular mallet design with advanced material engineering, highlighted by its new full‑face Studio Carbon Steel (SCS) insert featuring chain‑link milling that softens sound, enhances feel, and maintains ball speed by reducing contact points at impact. This carbon steel insert—refined through extensive testing originating from the 2025 Studio Style line—provides greater vibration damping than materials like stainless steel, aluminum, or Teryllium, producing a controlled, premium strike while (more...)",Titleist Scotty Cameron
12/8/2025 3:47 pm,2026 PHANTOM 7 DB PUT,Titleist Scotty Cameron 2026 Phantom 7 DB Putter,2026 Phantom 7 DB,No,Putter,2026,,,"<p><strong>Who’s It For?</strong></p> <p><span style=""font-weight: 400;"">Designed for golfers with a minimal‑arc, nearly straight‑back, straight‑through putting stroke, the Titleist Scotty Cameron 2026 Phantom 7 Double Bend Putter suits players who want an angular mallet with sharp, defined wings that boost stability and alignment. Its Tour‑proven double‑bend neck supports a square‑to‑square stroke pattern, while the compact yet modern shape delivers strong visual cues for confident setup. Combined with master‑crafted construction and a full‑face Studio Carbon Steel insert that enhances feel and distance control, it’s built for players seeking a highly stable, easy‑to‑aim mallet that maintains exceptional feedback.</span></p> <p><strong>The Tech Story</strong></p> <p><span style=""font-weight: 400;"">The 2026 Phantom 7 Double Bend Putter is built around a new full‑face Studio Carbon Steel (SCS) insert featuring chain‑link face milling, a technology that softens sound, enhances feel, and maintains ball speed by minimizing contact points at impact—an innovation refined through extensive testing that began with the 2025 Studio Style line. Carbon steel’s superior damping reduces vibration more effectively than metals like aluminum, stainless steel, or Teryllium, creating a controlle(more...)",Titleist Scotty Cameron
12/8/2025 3:45 pm,2026 PHANTOM 5 OC PUT,Titleist Scotty Cameron 2026 Phantom 5 OC Putter,2026 Phantom 5 OC,No,Putter,2026,,,"<p><strong>Who’s It For?</strong></p> <p><span style=""font-weight: 400;"">Designed for golfers with a true straight‑back, straight‑through putting stroke, the Titleist Scotty Cameron 2026 Phantom 5 OC Putter is ideal for players seeking low‑torque performance in a compact, confidence‑inspiring head shape. Its Onset Center (OC) design supports square‑to‑square motion with exceptional stability, while offering enhanced feel and feedback through its meticulously crafted construction and full‑face Studio Carbon Steel insert. Built for those who value precision, purity of roll, and master‑level craftsmanship, it’s especially well‑suited for players who want maximum control without introducing unwanted face rotation.</span></p> <p><strong>The Tech Story</strong></p> <p><span style=""font-weight: 400;"">The 2026 Phantom 5 OC Putter is engineered with a full‑face Studio Carbon Steel (SCS) insert that uses chain‑link milling to soften sound, enhance feel, and maintain consistent ball speed by reducing contact points at impact—an innovation refined through extensive testing that began with the 2025 Studio Style line. Its carbon steel construction provides superior vibration damping compared to metals like stainless steel, aluminum, or Teryllium, creating a more controlled, premium strike w(more...)",Titleist Scotty Cameron
12/8/2025 3:41 pm,2026 PHANTOM 5.5 PUT,Titleist Scotty Cameron 2026 Phantom 5.5 Putter,2026 Phantom 5.5,No,Putter,2026,,,"<p><strong>Who’s It For?</strong></p> <p><span style=""font-weight: 400;"">Designed for golfers with a pronounced arc in their putting stroke, the Titleist Scotty Cameron 2026 Phantom 5.5 Putter is ideal for players who want a compact head shape that blends the precise feel of a blade with the added stability of a mallet. Its jet neck promotes natural face rotation throughout the stroke while providing a clean, unobstructed view of the ball at address, making it especially appealing to those who rely on visual clarity and fluid motion. Paired with meticulous craftsmanship and a full‑face Studio Carbon Steel insert that enhances sound, feel, and distance control, it’s built for players who demand premium performance and a putter that complements an arcing stroke path.</span></p> <p><strong>The Tech Story</strong></p> <p><span style=""font-weight: 400;"">The 2026 Phantom 5.5 Putter delivers a highly engineered blend of feel, responsiveness, and arc‑friendly performance, anchored by a new full‑face Studio Carbon Steel (SCS) insert with chain‑link milling that softens sound, enhances feedback, and maintains consistent ball speed by minimizing contact points at impact. This carbon steel insert—refined through extensive testing that began with the 2025 Studio Style line—offers superior (more...)",Titleist Scotty Cameron
12/8/2025 3:37 pm,2026 PHANTOM 5.2 PUT,Titleist Scotty Cameron 2026 Phantom 5.2 Putter,2026 Phantom 5.2,No,Putter,2026,,,"<p><strong>Who’s It For?</strong></p> <p><span style=""font-weight: 400;""> Designed for golfers with a moderate arc in their putting stroke, the Titleist Scotty Cameron 2026 Phantom 5.2 Putter is ideal for players who want a compact head shape that blends the precise, familiar look of a blade with the added forgiveness and stability of a mallet. Its plumbing‑neck design suits those transitioning from a traditional blade while supporting natural arcing motion, promoting confident alignment and smooth face rotation. Paired with master‑crafted construction and a full‑face Studio Carbon Steel insert that softens sound and sharpens distance control, it’s built for players who demand exceptional feel, performance, and craftsmanship in a Tour‑inspired package.</span></p> <p><strong>The Tech Story</strong></p> <p><span style=""font-weight: 400;"">The 2026 Phantom 5.2 Putter integrates a full‑face Studio Carbon Steel (SCS) insert with advanced chain‑link milling that softens sound, enhances feel, and preserves ball speed by minimizing contact points at impact—a design refined through extensive material testing that began with the 2025 Studio Style line. Its carbon steel construction offers superior vibration damping compared to metals like Teryllium, stainless steel, or aluminum, producin(more...)",Titleist Scotty Cameron
12/8/2025 3:33 pm,2026 PHANTOM 5 PUT,Titleist Scotty Cameron 2026 Phantom 5 Putter,2026 Phantom 5,No,Putter,2026,,,"<p><strong>Who’s It For?</strong></p> <p><span style=""font-weight: 400;"">Designed for golfers who favor a nearly straight‑back, straight‑through stroke, the Titleist Scotty Cameron 2026 Phantom 5 Putter is ideal for players seeking a compact head shape that blends the precise feel of a blade with the forgiveness and stability of a mallet. Its single mid‑bend neck supports minimal arc, making it a strong fit for those who want effortless face control and consistency. Paired with master‑crafted construction, premium materials, and a full‑face Studio Carbon Steel insert that enhances feel and distance control, it’s built for players who demand both performance and craftsmanship in every putt.</span></p> <p><strong>The Tech Story</strong></p> <p><span style=""font-weight: 400;"">The 2026 Phantom 5 Putter showcases a highly advanced mallet design centered around a new full‑face Studio Carbon Steel (SCS) insert featuring chain‑link milling that softens sound, enhances feel, and preserves ball speed by reducing contact points at impact. Building on extensive material and milling research that began with the 2025 Studio Style line, the carbon steel insert provides greater vibration damping than metals like Teryllium, stainless steel, or aluminum, producing a controlled, pleasing strike (more...)",Titleist Scotty Cameron
12/5/2025 1:24 pm,M CRAFT TOKYO S PUT,Mizuno M Craft Tokyo S Putter,M Craft Tokyo S,No,Putter,2026,,,"<p><strong>Who’s It For?</strong></p> <p><span style=""font-weight: 400;"">Designed for golfers who value stability, forgiveness, and precise alignment, the Mizuno M Craft Tokyo S Putter suits players seeking a technologically advanced mallet that still delivers the soft, crafted feel Mizuno is known for. Its high‑MOI wing design helps those who want extra help controlling face rotation, while the slant‑neck hosel appeals to golfers with a moderate arc who prefer a blend of modern engineering and traditional putter flow.</span></p> <p><strong>The Tech Story</strong></p> <p><span style=""font-weight: 400;"">Engineered to merge traditional forging excellence with forward‑looking performance, the Mizuno M Craft Tokyo S Putter features a Pure Select 1025E Mild Carbon Steel construction that delivers the brand’s signature soft, responsive feel, further enriched by a copper underlay that fine‑tunes vibration for exceptionally pure feedback. Its deep face‑milling pattern promotes a truer roll and more reliable speed control, while a thin topline alignment marker provides a clean, confidence‑building visual at address. To support personalized performance, dual weight ports allow golfers to adjust head weight, swing weight, and center of gravity to suit their stroke. Finished in either Gra(more...)",Mizuno
12/5/2025 1:22 pm,M CRAFT TOKYO B PUT,Mizuno M Craft Tokyo B Putter,M Craft Tokyo B,No,Putter,2026,,,"<p><strong>Who’s It For?</strong></p> <p><span style=""font-weight: 400;"">Crafted for golfers who want exceptional stability, forgiveness, and effortless alignment in a modern mallet, the Mizuno M Craft Tokyo B Putter is ideal for players who prefer a face‑balanced design that supports a straight‑back‑and‑through stroke. Its high‑MOI wing shape helps reduce twisting on off‑center strikes, while the double‑bend neck offers a clean, balanced look at address—perfect for those seeking cutting‑edge consistency paired with Mizuno’s renowned forged feel and craftsmanship.</span></p> <p><strong>The Tech Story</strong></p> <p><span style=""font-weight: 400;"">Built to fuse Mizuno’s renowned forging heritage with modern performance benefits, the Mizuno M Craft Tokyo B Putter is precision‑forged in Japan from Pure Select 1025E Mild Carbon Steel, delivering the exceptionally soft, responsive feel that defines the M.CRAFT City Series. A copper underlay further enriches that trademark sensation by smoothing vibrations for more controlled, rewarding feedback at impact. Its deep‑milled face promotes a truer roll and consistent speed control across varying green conditions, while a thin topline alignment line provides a clean, confidence‑inspiring visual cue at address. To support personalized tu(more...)",Mizuno
12/5/2025 1:21 pm,M CRAFT OSAKA S PUT,Mizuno M Craft Osaka S Putter,M Craft Osaka S,No,Putter,2026,,,"<p><strong>Who’s It For?</strong></p> <p><span style=""font-weight: 400;"">Designed for golfers who want a stable, confidence‑inspiring blade alternative with a modern edge, the Mizuno M Craft Osaka S Putter is ideal for players who prefer the cleaner look and natural flow of a slant‑neck hosel paired with the forgiveness of a wide, square‑back profile. Its shorter heel‑toe length supports those seeking enhanced control and tighter dispersion, while the contemporary shaping and alignment‑friendly design make it a strong fit for golfers who value precision, stability, and a refined stroke‑supporting aesthetic.</span></p> <p><strong>The Tech Story</strong></p> <p><span style=""font-weight: 400;"">Crafted to merge Mizuno’s celebrated forging tradition with modern performance engineering, the Mizuno M Craft Osaka S Putter is forged in Japan from Pure Select 1025E Mild Carbon Steel, delivering the soft, responsive feel that defines the M.CRAFT City Series. A copper underlay further enriches that signature feedback by smoothing vibrations for an even more refined impact sensation. Its deep face‑milling pattern promotes a truer roll and consistent pace across different green speeds, while the thin topline alignment line offers a clean, intuitive aiming reference. For personalized tuning,(more...)",Mizuno
12/5/2025 1:21 pm,M CRAFT OSAKA P PUT,Mizuno M Craft Osaka P Putter,M Craft Osaka P,No,Putter,2026,,,"<p><strong>Who’s It For?</strong></p> <p><span style=""font-weight: 400;"">Designed for golfers who want a stable, confidence‑boosting blade option with a modern profile, the Mizuno M Craft Osaka P Putter is ideal for players who prefer the traditional look and predictable flow of a plumber’s‑neck hosel paired with the added forgiveness of a wide, square‑back design. Its shorter heel‑toe length appeals to those seeking enhanced control and tighter dispersion, while the alignment‑friendly shape supports golfers who value precision, consistency, and a clean visual setup at address.</span></p> <p><strong>The Tech Story</strong></p> <p><span style=""font-weight: 400;"">Engineered to combine Mizuno’s heritage of precision forging with modern roll‑enhancing technologies, the Mizuno M Craft Osaka P Putter is forged in Japan from Pure Select 1025E Mild Carbon Steel to deliver the brand’s signature soft, responsive feel. A copper underlay further enriches that feedback by smoothing and refining vibrations for an even more satisfying impact sensation. Its deep‑milled face design promotes a truer, more consistent roll and dependable speed control across varying green conditions, while a thin topline alignment line provides a clean, intuitive aiming reference. To accommodate individual stroke(more...)",Mizuno
12/5/2025 1:20 pm,M CRAFT NAGOYA S PUT,Mizuno M Craft Nagoya S Putter,M Craft Nagoya S,No,Putter,2026,,,"<p><strong>Who’s It For?</strong></p> <p><span style=""font-weight: 400;"">Designed for golfers who want a balanced, confidence‑inspiring mid‑mallet with a clean, modern‑classic profile, the Mizuno M Craft Nagoya S Putter is ideal for players who prefer the natural flow and subtle toe hang of a slant‑neck hosel. It suits those seeking enhanced stability and forgiveness without moving into a full mallet shape, offering a look and feel that blends tradition with contemporary performance for consistent alignment and smooth, controlled strokes.</span></p> <p><strong>The Tech Story</strong></p> <p><span style=""font-weight: 400;"">Engineered to merge Mizuno’s renowned forging heritage with modern performance technologies, the Mizuno M Craft Nagoya S Putter is forged in Japan from Pure Select 1025E Mild Carbon Steel, delivering the exceptionally soft, responsive feel that defines the M.CRAFT City Series. A copper underlay enhances that signature feedback by refining vibrations for a smoother, more rewarding sensation at impact, while the deep‑milled face promotes a truer roll and consistent speed control across varying green conditions. A thin topline alignment line provides a clean, intuitive visual cue to support precise aim, and dual weight ports allow golfers to fine‑tune head weigh(more...)",Mizuno
12/5/2025 1:19 pm,M CRAFT NAGOYA B PUT,Mizuno M Craft Nagoya B Putter,M Craft Nagoya B,No,Putter,2026,,,"<p><strong>Who’s It For?</strong></p> <p><span style=""font-weight: 400;"">Designed for golfers who want a stable, confidence‑building mid‑mallet with a smooth, face‑balanced feel, the Mizuno M Craft Nagoya B Putter is ideal for players who prefer a straight‑back‑and‑through stroke supported by a double‑bend hosel. Its blend of classic and modern shaping appeals to those who want forgiveness without switching to a full‑size mallet, offering a balanced look, excellent alignment support, and the soft, responsive feel Mizuno is known for.</span></p> <p><strong>The Tech Story</strong></p> <p><span style=""font-weight: 400;"">Engineered to unite Mizuno’s legendary forging expertise with modern roll‑enhancing technology, the Mizuno M Craft Nagoya B Putter is forged in Japan from Pure Select 1025E Mild Carbon Steel, delivering the exceptionally soft and responsive feel that defines the M.CRAFT City Series. A copper underlay further enriches this feedback by smoothing and refining vibrations for a more satisfying impact sensation, while the deep face‑milling pattern promotes a truer roll and consistent speed control across a wide range of green conditions. A thin topline alignment line provides a clean, intuitive setup for improved accuracy, and dual weight ports allow golfers to fine‑tun(more...)",Mizuno
12/5/2025 1:19 pm,M CRAFT KYOTO S PUT,Mizuno M Craft Kyoto S Putter,M Craft Kyoto S,No,Putter,2026,,,"<p><strong>Who’s It For?</strong></p> <p><span style=""font-weight: 400;"">Designed for golfers who appreciate a traditional, tour‑inspired blade with clean lines and exceptional feel, the Mizuno M Craft Kyoto S Putter is ideal for players who prefer the subtle toe hang and natural arc offered by a slant‑neck hosel. Its classic shaping suits those who value precision and control over maximum forgiveness, while the balanced profile and elegant aesthetic make it a strong match for golfers who want timeless craftsmanship paired with smooth, consistent performance on the greens.</span></p> <p><strong>The Tech Story</strong></p> <p><span style=""font-weight: 400;"">Engineered to blend Mizuno’s timeless forging heritage with modern roll‑enhancing precision, the Mizuno M Craft Kyoto S Putter is forged in Japan from Pure Select 1025E Mild Carbon Steel to deliver the exceptionally soft, responsive feel that defines the M.CRAFT City Series. A copper underlay further elevates that signature sensation by smoothing vibrations for a richer, more rewarding impact, while the deep‑milled face promotes a truer roll and reliable speed control across all green types. A thin topline alignment line provides a clean, intuitive reference at address, supporting pinpoint accuracy. To accommodate individual(more...)",Mizuno
12/5/2025 10:06 am,JPX ONE TS FWG,Mizuno JPX One Tour Spoon Fairway Wood,JPX One Tour Spoon,No,Fairway Wood,2026,,,"<p><strong>Who’s It For?</strong></p> <p><span style=""font-weight: 400;""> Building on decades of Mizuno innovation, The Mizuno JPX One Tour Spoon Fairway Wood retains the speed, feel, and forgiveness of the JPX One line but packages it into a tour‑preferred profile featuring a taller face for added control and shot‑shaping ability. Ideal for golfers who demand precision from the fairway or off the tee, the Tour Spoon offers the perfect blend of power, finesse, and unmistakable Mizuno feedback.</span></p> <p><strong>The Tech Story</strong></p> <p><span style=""font-weight: 400;""> The Mizuno JPX One Tour Spoon Fairway Wood packs all the advanced engineering of the JPX One line into a more compact, tour‑preferred profile built for confident ball‑strikers. Its re‑engineered CORTECH Chamber varies the internal gap between the sole and chamber wall, boosting face flexion toward the toe and heel to enhance energy transfer across the entire hitting surface while preserving maximum performance on center strikes. A wrap‑around composite crown removes weight from the upper structure, lowering the center of gravity for easier launch and controlled spin, and the multi‑thickness MAS1C steel face maximizes COR efficiency for explosive speed. Adding to its versatility, the all‑new Speed Bevel (more...)",Mizuno
12/4/2025 3:39 pm,ORIGIN TS ER10 PUT,Evnroll Origin 38 Tour Spec ER10 Putter,Origin 38 Tour Spec ER10,No,Putter,2025,,,"<p><strong>Who’s It For?</strong></p>   <p><span style=""font-weight: 400;"">The Evnroll Origin 38 Tour Spec ER10 Putter is designed for golfers who want maximum stability and forgiveness in their putting stroke. Its high-MOI mallet construction minimizes twisting on off-center hits, delivering a smoother and more consistent roll. The single-bend, black ski-pole shaft provides slight toe-hang while offering a clean, confident setup at address. This makes it ideal for golfers seeking precision and control without sacrificing forgiveness.</span></p>   <p><strong>The Tech Story</strong></p>   <p><span style=""font-weight: 400;"">The Evnroll Origin 38 Tour Spec ER10 Putter combines advanced materials and precision engineering for exceptional performance. Its 100% milled 6061 aluminum body is paired with 303 stainless steel weight wings to enhance stability, while strategically placed tungsten and steel weights in the extreme heel and toe optimize balance and feel across all lengths. The single-bend KBS CT Tour shaft introduces slight toe-hang for players with a moderate arc stroke. Featuring Evnroll’s SweetFace 2.0 technology, the parabolic groove pattern ensures consistent ball speeds and even roll distance on center and off-center strikes, while reducing dispersion and eliminatin(more...)",Evnroll
12/4/2025 3:37 pm,ORIGIN TS ER2 PUT,Evnroll Origin 38 Tour Spec ER2 Putter,Origin 38 Tour Spec ER2,No,Putter,2025,,,"<p><strong>Who’s It For?</strong></p>   <p><span style=""font-weight: 400;"">The Evnroll Origin 38 Tour Spec ER2 Putter is designed for golfers who appreciate a classic blade look but want modern enhancements for improved performance. Inspired by the award-winning ER2, this refined mid-blade features a wider footprint for added stability, an elegant satin finish for a premium look, and a single-bend ski-pole shaft that introduces slight toe-hang—perfect for players with a moderate arc who prefer a smooth, pendulum-like stroke. It’s ideal for golfers seeking traditional aesthetics combined with advanced design for consistency and confidence on the greens.</span></p>   <p><strong>The Tech Story</strong></p>   <p><span style=""font-weight: 400;"">The Evnroll Origin 38 Tour Spec ER2 Putter is crafted from one-piece, 100% milled 303 stainless steel for exceptional feel and durability, featuring a wider front-to-back profile than the original ER2 and an elegant satin finish with updated graphics. Its single-bend KBS CT Tour shaft introduces slight toe-hang, ideal for players with a moderate arc stroke. At the core is Evnroll’s SweetFace 2.0 technology—a parabolic groove pattern that delivers consistent, tour-preferred ball speeds and even roll distance across the face, while reducing(more...)",Evnroll
12/4/2025 3:31 pm,ORIGIN ER8 PUT,Evnroll Origin ER8 Putter,Origin ER8,No,Putter,2025,,,"<p><strong>Who’s It For?</strong></p>   <p><span style=""font-weight: 400;"">The Evnroll Origin ER8 Putter is designed for golfers who want the stability of a mallet with the precision of a compact design. Its square-back shape promotes clean alignment and confident control, making it ideal for players who prioritize accuracy on the greens. The single-bend KBS CT Tour shaft adds slight toe-hang, perfectly suited for golfers with a moderate arc who prefer a fluid, natural stroke. This putter is a great choice for those seeking a blend of modern alignment features and smooth, consistent performance.</span></p>   <p><strong>The Tech Story</strong></p>   <p><span style=""font-weight: 400;"">The Evnroll Origin ER8 Putter is precision-crafted from one-piece, 100% milled 303 stainless steel, delivering a solid, responsive feel with an elegant satin finish and updated graphics. Its single-bend KBS CT Tour shaft introduces slight toe-hang, making it ideal for players with a moderate arc stroke. At the heart of its performance is Evnroll’s SweetFace 2.0 technology, featuring parabolic face grooves that ensure consistent, tour-preferred ball speeds and even roll distance across the entire face, while reducing dispersion and eliminating dimple deflection. A rocker sole design guarantees th(more...)",Evnroll
12/4/2025 3:30 pm,ORIGIN ER5 PUT,Evnroll Origin ER5 Putter,Origin ER5,No,Putter,2025,,,"<p><strong>Who’s It For?</strong></p>   <p><span style=""font-weight: 400;"">The Evnroll Origin ER8 Putter is designed for golfers who want the stability of a mallet with the precision of a compact design. Its square-back shape promotes clean alignment and confident control, making it ideal for players who prioritize accuracy on the greens. The single-bend KBS CT Tour shaft adds slight toe-hang, perfectly suited for golfers with a moderate arc who prefer a fluid, natural stroke. This putter is a great choice for those seeking a blend of modern alignment features and smooth, consistent performance.</span></p>   <p><strong>The Tech Story</strong></p>   <p><span style=""font-weight: 400;"">The Evnroll Origin ER5 Putter is precision-engineered from one-piece, 100% milled 303 stainless steel, offering a solid, premium feel complemented by an elegant satin finish and updated graphics. Its elongated winged mallet design is paired with a single-bend KBS CT Tour shaft for slight toe-hang, making it ideal for golfers with a moderate arc stroke. At its core is Evnroll’s SweetFace 2.0 technology, featuring parabolic grooves that deliver consistent, tour-preferred ball speeds and even roll distance across the face, while reducing dispersion and eliminating dimple deflection. A rocker sole e(more...)",Evnroll
12/4/2025 3:26 pm,ORIGIN ER2 PUT,Evnroll Origin ER2 Putter,Origin ER2,No,Putter,2025,,,"<p><strong>Who’s It For?</strong></p>   <p><span style=""font-weight: 400;"">The Evnroll Origin ER8 Putter is designed for golfers who want the stability of a mallet with the precision of a compact design. Its square-back shape promotes clean alignment and confident control, making it ideal for players who prioritize accuracy on the greens. The single-bend KBS CT Tour shaft adds slight toe-hang, perfectly suited for golfers with a moderate arc who prefer a fluid, natural stroke. This putter is a great choice for those seeking a blend of modern alignment features and smooth, consistent performance.</span></p>   <p><strong>The Tech Story</strong></p>   <p><span style=""font-weight: 400;"">The Evnroll Origin ER2 Putter is designed for golfers who want a classic blade-style look with modern performance enhancements. Crafted from one-piece, 100% milled 303 stainless steel, it features a slightly wider profile than the original ER2 for added stability and confidence at address. The single-bend KBS CT Tour shaft introduces slight toe-hang, making it ideal for players with a moderate arc stroke who prefer a smooth, pendulum-like motion. Combined with advanced technologies like SweetFace 2.0 grooves for consistent speed and roll, optimized heel-to-toe weighting for balance, and a rocker(more...)",Evnroll
12/4/2025 2:20 pm,SM11 RAW WGS,Titleist Vokey SM11 Raw Wedge,Vokey SM11 Raw,No,Wedge,2026,,,"<p><strong>Who’s It For?</strong></p> <p><span style=""font-weight: 400;""> Designed for golfers of any skill level who want cleaner contact, controlled flight, and precise spin, the Titleist Vokey SM11 Raw Wedge is ideal for players who want equipment that works naturally with their own technique rather than requiring adjustments. Its extensive selection of lofts, bounces, and grinds ensures every golfer can build a setup tailored to their swing and short‑game style. The raw, uncoated finish appeals especially to golfers who value enhanced feel and a more direct connection to the clubhead, making it a popular choice for players seeking maximum feedback and performance around the greens.</span></p> <p><strong>The Tech Story</strong></p> <p><span style=""font-weight: 400;"">The Titleist Vokey SM11 Raw Wedge is engineered with a full suite of SM11 technologies designed to deliver maximum precision, versatility, and spin performance, all in the game’s most complete lineup of 27 tour‑proven loft, bounce, and grind combinations. Its design promotes cleaner, more consistent contact—especially between grooves 2–5—by offering grind options tailored to every swing type and turf condition, giving players the confidence to take on any shot. A consistent CG position within each loft produces (more...)",Titleist
12/4/2025 2:19 pm,SM11 NICKEL WGS,Titleist Vokey SM11 Nickel Wedge,Vokey SM11 Nickel,No,Wedge,2026,,,"<p><strong>Who’s It For?</strong></p> <p><span style=""font-weight: 400;""> Designed for golfers of all skill levels who want cleaner contact, controlled flight, and reliable spin, the Titleist Vokey SM11 Nickel Wedge is built for players seeking precision and predictability in every short‑game situation. With the game’s most complete lineup of lofts, bounces, and grinds, it’s ideal for anyone who wants equipment that adapts to their natural technique rather than forcing changes to their swing. The popular Nickel finish, enhanced with an FPP treatment for increased luster and consistent color, also appeals to golfers who want both performance and a refined, durable look at address.</span></p> <p><strong>The Tech Story</strong></p> <p><span style=""font-weight: 400;""> The Titleist Vokey SM11 Nickel Wedge is built around a suite of advanced technologies engineered to deliver exceptional precision, consistency, and versatility across the short game. With 27 tour‑proven loft, bounce, and grind combinations—the most complete lineup available—it offers every golfer a perfectly matched setup for cleaner, more predictable contact between grooves 2–5. A unified CG position within each loft ensures a controlled, repeatable launch window across all grind options, allowing players to select (more...)",Titleist
12/4/2025 2:18 pm,SM11 JB WGS,Titleist Vokey SM11 Jet Black Wedge,Vokey SM11 Jet Black,No,Wedge,2026,,,"<p><strong>Who’s It For?</strong></p> <p><span style=""font-weight: 400;"">Designed for golfers of any style or skill level who want cleaner contact, controlled flight, and precisely tuned spin, the Titleist Vokey SM11 Jet Black Wedge is built for players seeking predictable, high‑performance shot‑making with a look that inspires confidence. Its extensive lineup of loft, bounce, and grind combinations ensures every golfer can find a setup that naturally complements their technique rather than forcing adjustments, while the refined Jet Black finish—treated for greater luster and color consistency—adds a premium, tour‑inspired aesthetic for those who prefer a stealthier look at address.</span></p> <p><strong>The Tech Story</strong></p> <p><span style=""font-weight: 400;"">The Titleist Vokey SM11 Jet Black Wedge delivers a comprehensive package of performance‑driven technologies designed to elevate precision, control, and versatility across the short game. With 27 tour‑proven loft, bounce, and grind combinations, it offers the game’s most complete lineup, ensuring every golfer can find configurations that promote clean, consistent contact between grooves 2–5 for predictable performance on any shot. A unified CG location within each loft maintains a controlled, repeatable launch windo(more...)",Titleist
12/4/2025 1:50 pm,SM11 TC WGS,Titleist Vokey SM11 Tour Chrome Wedge,Vokey SM11 Tour Chrome,No,Wedge,2026,,,"<p><strong>Who’s It For?</strong></p> <p><span style=""font-weight: 400;"">Designed for golfers of any style or skill level who want greater precision and consistency in their short game, the Titleist Vokey SM11 Tour Chrome Wedge is built for players seeking cleaner contact, controlled flight, and reliable spin to execute the exact shots they picture. Its comprehensive range of lofts, bounces, and grinds is crafted to match a golfer’s natural technique—rather than forcing them to adapt—ensuring every player can find a setup that truly fits their game.</span></p> <p><strong>The Tech Story</strong></p> <p><span style=""font-weight: 400;"">The Titleist Vokey SM11 Tour Chrome Wedge is engineered with a complete suite of performance technologies designed to elevate precision, consistency, and versatility in the short game. Its expanded lineup of 27 tour‑proven loft, bounce, and grind combinations allows every golfer to fine‑tune clean, confident contact, with each option optimized to promote solid strikes between grooves 2–5. A consistent CG location within each loft ensures controlled, repeatable launch angles across all grind choices, freeing players to select the sole design that fits their swing and conditions without sacrificing trajectory reliability. The new Vokey Spin System en(more...)",Titleist
12/3/2025 3:27 pm,QUANTUM MAX FAST STS,Callaway Quantum Max Fast Iron Set,Quantum Max Fast,No,Iron Set,2026,,,"<p><strong>Who’s It For?</strong></p> <p><span style=""font-weight: 400;"">Designed for golfers with moderate swing speeds who benefit from lightweight, easy‑to‑launch equipment, the Callaway Quantum Max Fast Irons are built to deliver higher ball flight, faster speed, and greater overall distance with minimal effort. They’re especially well‑suited for players who need extra help getting the ball airborne and appreciate a design that prioritizes forgiveness and smooth, confident contact.</span></p> <p><strong>The Tech Story</strong></p> <p><span style=""font-weight: 400;""> The Callaway Quantum Max Fast Irons are engineered with a suite of technologies designed to help moderate swing speed golfers launch the ball higher and carry it farther with effortless speed. A Modern 360° Undercut Cavity leverages a two‑piece construction with extreme perimeter weighting and a fully exposed undercut to increase face flex, promote faster ball speeds, and enhance forgiveness across more of the hitting area. The Progressive Tri‑Sole Design refines sole geometry throughout the set—adapting from long irons to wedges—to create cleaner, more consistent turf interaction and maintain speed even when contact isn’t perfect. Callaway’s Next Generation AI‑Optimized Face further boosts performance by shapi(more...)",Callaway
12/3/2025 3:25 pm,QUANTUM MAX OS STS,Callaway Quantum Max OS Iron Set,Quantum Max OS,No,Iron Set,2026,,,"<p><strong>Who’s It For?</strong></p> <p><span style=""font-weight: 400;"">Designed for golfers who want maximum forgiveness and confidence at address, these irons are ideal for players who benefit from an oversized shape that makes solid contact easier across the entire face. They’re built for those seeking powerful speed, dependable carry distances, and help tightening dispersion, especially if consistent ball striking is a challenge or if extra stability and ease of use inspire more trust in every swing.</span></p> <p><strong>The Tech Story</strong></p> <p><span style=""font-weight: 400;"">The Callaway Quantum Max OS Irons combine a powerful suite of technologies engineered for higher launch, maximum forgiveness, and confidence‑driven performance. A Modern 360° Undercut Cavity utilizes a two‑piece construction with extreme perimeter weighting and a fully exposed undercut, creating greater face flex for faster ball speeds, higher trajectories, and enhanced forgiveness across the entire face. The Progressive Tri‑Sole Design refines turf interaction by tailoring sole geometry from long irons through wedges, helping players achieve cleaner, more consistent strikes and maintain speed even when contact is heavy. Callaway’s Next Generation AI‑Optimized Face further elevates performanc(more...)",Callaway
12/3/2025 3:17 pm,QUANTUM MAX STS,Callaway Quantum Max Iron Set,Quantum Max,No,Iron Set,2026,,,"<p><strong>Who’s It For?</strong></p> <p><span style=""font-weight: 400;"">Designed for golfers who want confidence‑boosting performance, the Callaway Quantum Max Irons cater to players seeking powerful ball speed, consistent carry distances, and forgiveness across the face. The clean, modern shaping appeals to those who prefer a sleek look at address while still enjoying help on off‑center strikes, making them a strong fit for mid‑ to high‑handicap golfers aiming to hit more solid shots and improve scoring control.</span></p> <p><strong>The Tech Story</strong></p> <p><span style=""font-weight: 400;"">Engineered to maximize speed, launch, and consistency, the Callaway Quantum Max Irons integrate a suite of advanced technologies that work together throughout the set. A Modern 360° Undercut Cavity uses an innovative two‑piece construction with extreme perimeter weighting and a fully exposed undercut to promote faster ball speeds, higher launch, and added face flex for forgiveness where players impact the ball most. The Progressive Tri‑Sole Design refines turf interaction by tailoring sole geometry from long irons to wedges, helping golfers maintain cleaner contact and efficient speed retention even on heavier strikes. Callaway’s Next Generation AI‑Optimized Face further boosts perfo(more...)",Callaway
12/3/2025 3:07 pm,MIM CAMINO PUT,Cobra MIM Camino Putter,MIM Camino,No,Putter,2026,,,"<p><strong>Who’s It For?</strong></p> <p><span style=""font-weight: 400;"">Designed for golfers with a neutral putting path who want modern stability in a compact mallet shape, the Cobra MIM Camino Putter is ideal for players seeking forgiveness and confidence at address. The hollow construction with deep perimeter weighting enhances MOI for improved stability and consistency on off‑center strikes, while the balanced design promotes a smooth, repeatable stroke. Crafted using Metal Injection Molding (MIM®) from premium 304 stainless steel, it appeals to golfers who value clean alignment, a modern visual cue, and dependable performance on the greens.</span></p> <p><strong>The Tech Story</strong></p> <p><span style=""font-weight: 400;"">The Cobra MIM Camino Putter blends advanced face technology, precision materials, and modern construction to deliver consistent roll, stability, and refined feel. At the face, LA GOLF™’s patented Descending Loft Technology™ utilizes four precisely milled lofts—4°, 3°, 2°, and 1°—to optimize launch conditions regardless of shaft lean or head position at impact, ensuring a consistent launch angle and promoting a true end‑over‑end roll. A precision‑tuned Pebax® insert enhances performance with a soft yet responsive feel, using low‑compression properties (more...)",Cobra
12/3/2025 3:03 pm,MIM NOVA 30 PUT,Cobra MIM Nova-30 Putter,MIM Nova-30,No,Putter,2026,,,"<p><strong>Who’s It For?</strong></p> <p><span style=""font-weight: 400;"">Designed for golfers with a slight arc putting stroke who want the forgiveness of a mallet with added face rotation, the Cobra MIM Nova-30 Putter is ideal for players seeking a smooth, controlled release. The compact fang‑style shape delivers perimeter‑weighted stability in a refined profile, while the short slant hosel provides toe hang to complement a naturally arcing stroke. Crafted using Metal Injection Molding (MIM®) from premium 304 stainless steel, it suits golfers who value precise shaping, modern stability, and a clean, confidence‑inspiring look at address.</span></p> <p><strong>The Tech Story</strong></p> <p><span style=""font-weight: 400;"">The Cobra MIM Nova-30 Putter combines advanced face technology, premium materials, and precise manufacturing to deliver consistent roll, refined feel, and customizable performance in a compact mallet design. At the face, LA GOLF™’s patented Descending Loft Technology™ features four precisely milled lofts—4°, 3°, 2°, and 1°—that optimize launch conditions regardless of shaft lean or head position at impact, ensuring a consistent launch angle and promoting a true end‑over‑end roll. A precision‑tuned Pebax® insert enhances feel by delivering a soft yet responsive(more...)",Cobra
12/3/2025 3:02 pm,MIM NOVA PUT,Cobra MIM Nova Putter,MIM Nova,No,Putter,2026,,,"<p><strong>Who’s It For?</strong></p> <p><span style=""font-weight: 400;"">Designed for golfers with a neutral putting path who want forgiveness and stability in a compact, confidence‑inspiring shape, the Cobra MIM Nova Putter is ideal for players seeking consistency and alignment at address. The fang‑style mallet design provides perimeter‑weighted stability to resist twisting on off‑center strikes, while the balanced, symmetrical profile promotes a smooth, repeatable stroke. Crafted using Metal Injection Molding (MIM®) from premium 304 stainless steel, it suits golfers who prefer a square look at address with modern forgiveness in a streamlined mallet design.</span></p> <p><strong>The Tech Story</strong></p> <p><span style=""font-weight: 400;"">The Cobra MIM Nova Putter integrates advanced face technology, premium materials, and precision manufacturing to deliver consistent roll and refined feel in a compact mallet design. At the face, LA GOLF™’s patented Descending Loft Technology™ features four precisely milled lofts—4°, 3°, 2°, and 1°—that optimize launch conditions regardless of shaft lean or head position at impact, ensuring a consistent launch angle and promoting a true end‑over‑end roll. A precision‑tuned Pebax® insert provides a soft yet responsive feel, with low‑compress(more...)",Cobra
12/3/2025 3:01 pm,MIM STINGRAY 20 PUT,Cobra MIM Stingray-20 Putter,MIM Stingray-20,No,Putter,2026,,,"<p><strong>Who’s It For?</strong></p> <p><span style=""font-weight: 400;"">Designed for golfers with a slight arc putting stroke who prefer a classic look with added stability, the Cobra MIM Stingray-20 Putter is ideal for players seeking a smooth, controlled release through impact. The rounded mallet shape provides forgiveness and balance, while the traditional plumber’s neck delivers moderate toe hang to complement a naturally arcing stroke. Crafted using Metal Injection Molding (MIM®) from premium 304 stainless steel, it appeals to golfers who value a stable, confidence‑inspiring feel paired with timeless aesthetics at address.</span></p> <p><strong>The Tech Story</strong></p> <p><span style=""font-weight: 400;"">The Cobra MIM Stingray-20 Putter blends advanced face technology, premium materials, and precise construction to deliver consistent roll and refined feel with added stability. At the face, LA GOLF™’s patented Descending Loft Technology™ incorporates four precisely milled lofts—4°, 3°, 2°, and 1°—to optimize launch conditions regardless of shaft lean or head position at impact, ensuring a consistent launch angle and promoting a true end‑over‑end roll. A precision‑tuned Pebax® insert enhances performance by providing a soft yet responsive feel, with low‑compression prope(more...)",Cobra
12/3/2025 3:00 pm,MIM STINGRAY PUT,Cobra MIM Stingray Putter,MIM Stingray,No,Putter,2026,,,"<p><strong>Who’s It For?</strong></p> <p><span style=""font-weight: 400;"">Designed for golfers with a neutral putting path who want added stability and forgiveness without sacrificing a clean, classic look, the Cobra MIM Stingray Putter is ideal for players seeking confidence at address and consistency through the stroke. The rounded mallet shape features a balanced, symmetrical design that promotes a smooth, repeatable motion, while optimized perimeter weighting enhances MOI for improved stability on off‑center hits. Crafted using Metal Injection Molding (MIM®) from premium 304 stainless steel, it appeals to golfers who value modern forgiveness paired with a refined, confidence‑inspiring appearance.</span></p> <p><strong>The Tech Story</strong></p> <p><span style=""font-weight: 400;"">The Cobra MIM Stingray Putter pairs advanced face technology with precision materials and tunable performance features to deliver consistent roll and enhanced stability. At the face, LA GOLF™’s patented Descending Loft Technology™ utilizes four precisely milled lofts—4°, 3°, 2°, and 1°—to optimize launch conditions regardless of shaft lean or head position at impact, ensuring a consistent launch angle and promoting a true end‑over‑end roll. A precision‑tuned Pebax® insert provides a soft yet respon(more...)",Cobra
12/3/2025 2:57 pm,MIM BLAZER PUT,Cobra MIM Blazer Putter,MIM Blazer,No,Putter,2026,,,"<p><strong>Who’s It For?</strong></p> <p><span style=""font-weight: 400;"">Designed for golfers with a neutral putting path who appreciate classic aesthetics paired with dependable stability, the Cobra MIM Blazer Putter is ideal for players seeking consistency and confidence on the greens. The traditional half‑moon mallet shape offers a timeless, rounded look with balanced weighting that promotes a smooth, repeatable stroke. Crafted using Metal Injection Molding (MIM®) from premium 304 stainless steel, it appeals to golfers who want the familiar feel of a classic mallet enhanced by modern construction and stability benefits.</span></p> <p><strong>The Tech Story</strong></p> <p><span style=""font-weight: 400;"">The Cobra MIM Blazer Putter combines advanced face engineering, premium materials, and precise manufacturing to deliver consistent roll and refined feel in a classic mallet design. At the face, LA GOLF™’s patented Descending Loft Technology™ incorporates four precisely milled lofts—4°, 3°, 2°, and 1°—to optimize launch conditions regardless of shaft lean or head position at impact, ensuring a consistent launch angle and promoting a true end‑over‑end roll. A precision‑tuned Pebax® insert enhances performance by delivering a soft yet responsive feel, with low‑compression prope(more...)",Cobra
12/3/2025 2:12 pm,MIM SPORT 40 PUT,Cobra MIM Sport-40 Putter,MIM Sport-40,No,Putter,2026,,,"<p><strong>Who’s It For?</strong></p> <p><span style=""font-weight: 400;"">Designed for golfers with a slight arc putting stroke who appreciate classic looks and precision control, the Cobra MIM Sport-40 Putter is ideal for players who value traditional blade performance. The plumber’s neck design provides moderate toe hang to complement a naturally arcing stroke, while the compact head shape, clean topline, and refined proportions appeal to purists. Crafted using Metal Injection Molding (MIM®) from premium 304 stainless steel, it suits golfers seeking a crisp feel, consistent feedback, and timeless blade aesthetics on the greens.</span></p> <p><strong>The Tech Story</strong></p> <p><span style=""font-weight: 400;"">The Cobra MIM Sport-40 Putter blends advanced face technology, premium materials, and precise manufacturing to deliver consistent roll and refined feel. At the face, LA GOLF™’s patented Descending Loft Technology™ features four face lofts—4°, 3°, 2°, and 1°—engineered to optimize launch conditions regardless of shaft lean or head position at impact, ensuring a consistent launch angle and promoting a true end‑over‑end roll. A precision‑tuned Pebax® insert enhances feel and performance by providing a soft yet responsive impact sensation, while its low‑compression design (more...)",Cobra
12/3/2025 2:09 pm,MIM SPORT 60 PUT,Cobra MIM Sport-60 Putter,MIM Sport-60,No,Putter,2026,,,"<p><strong>Who’s It For?</strong></p> <p><span style=""font-weight: 400;"">Designed for golfers with a strong arc putting stroke who prefer a compact, traditional blade, the Cobra MIM Sport-60 Putter is ideal for players who naturally release the head through impact. The flow neck design provides increased toe hang to complement an arcing motion, while the precise shaping and refined profile appeal to purists who value control and feedback. Crafted using Metal Injection Molding (MIM®) from premium 304 stainless steel, it suits confident putters seeking consistent performance, clean aesthetics, and a responsive feel on the greens.</span></p> <p><strong>The Tech Story</strong></p> <p><span style=""font-weight: 400;"">The Cobra MIM Sport-60 Putter combines advanced face technology, refined materials, and precise construction to deliver exceptional feel and consistent roll. At the face, LA GOLF™’s patented Descending Loft Technology™ incorporates four precisely milled lofts—4°, 3°, 2°, and 1°—to optimize launch conditions regardless of shaft lean or head position at impact, ensuring a consistent launch angle and promoting a true end‑over‑end roll. A precision‑tuned Pebax® insert further enhances performance, providing a soft yet responsive feel while its low‑compression properties del(more...)",Cobra
12/3/2025 2:07 pm,3DP TOUR GSPORT 35 PUT,Cobra 3DP Tour Grandsport-35 Putter,3DP Tour Grandsport-35,No,Putter,2026,,,"<p><strong>Who’s It For?</strong></p> <p><span style=""font-weight: 400;"">Crafted for golfers with a moderate in‑to‑in putting stroke who prefer the look and feel of a classic blade, the Cobra 3DP Tour Grandsport-35 Putter is ideal for players seeking a smooth release with added stability. The modern blade shape paired with a traditional plumber’s neck supports natural toe flow and suits an arcing stroke, while the lightweight 3D‑printed lattice construction saves weight and redistributes it to increase MOI. This added stability helps improve consistency and forgiveness without sacrificing the precision and control blade‑style players value.</span></p> <p><strong>The Tech Story</strong></p> <p><span style=""font-weight: 400;"">The Cobra 3DP Tour Grandsport-35 Putter blends tour‑proven materials with advanced internal engineering to deliver consistent roll, stability, and precision. At the face, LA GOLF™’s patented Descending Loft Technology™ features four precisely milled lofts—4°, 3°, 2°, and 1°—that optimize launch conditions regardless of shaft lean or head position at impact, ensuring a consistent launch angle and promoting a true end‑over‑end roll. The 100% milled MIM® 304 stainless steel face provides a refined, tour‑inspired appearance while delivering a crisp, responsive (more...)",Cobra
12/3/2025 2:06 pm,3DP TOUR SPRNOVA 30 PUT,Cobra 3DP Tour SuperNova-30 Putter,3DP Tour SuperNova-30,No,Putter,2026,,,"<p><strong>Who’s It For?</strong></p> <p><span style=""font-weight: 400;"">Designed for golfers with a moderate in‑to‑in putting path who prefer added toe flow with maximum stability, the Cobra 3DP Tour SuperNova-30 Putter is ideal for players seeking a smooth release and consistent performance. The oversized fang‑style mallet shape provides high forgiveness and confidence at address, while the small slant neck complements a naturally arcing stroke. A lightweight 3D‑printed lattice construction saves mass and redistributes it around the perimeter, increasing MOI to enhance stability and maintain consistency on off‑center strikes.</span></p> <p><strong>The Tech Story</strong></p> <p><span style=""font-weight: 400;"">The Cobra 3DP Tour SuperNova-30 Putter combines advanced face engineering, innovative internal construction, and customizable weighting to deliver exceptional roll, stability, and control. At the face, LA GOLF™’s patented Descending Loft Technology™ features four precisely milled lofts—4°, 3°, 2°, and 1°—designed to optimize launch conditions regardless of shaft lean or head position at impact, ensuring a consistent launch angle and promoting a true end‑over‑end roll. The 100% milled MIM® 304 stainless steel face provides a refined, tour‑inspired appearance while delive(more...)",Cobra
12/3/2025 2:02 pm,3DP TOUR SPRNOVA PUT,Cobra 3DP Tour SuperNova Putter,3DP Tour SuperNova,No,Putter,2026,,,"<p><strong>Who’s It For?</strong></p> <p><span style=""font-weight: 400;"">Designed for golfers with a neutral putting path who want maximum stability and forgiveness, the Cobra 3DP Tour SuperNova Putter is ideal for players seeking consistency and confidence on the greens. The oversized fang‑style mallet shape provides a high‑MOI profile that resists twisting and promotes stability through impact, while the single bend shaft supports a smooth, repeatable stroke. A lightweight 3D‑printed lattice construction saves mass and redistributes it around the perimeter, increasing MOI to enhance forgiveness and deliver more reliable performance on off‑center strikes.</span></p> <p><strong>The Tech Story</strong></p> <p><span style=""font-weight: 400;"">The Cobra 3DP Tour SuperNova Putter incorporates advanced face technology, innovative internal construction, and customizable weighting to deliver consistent roll and exceptional stability. At the face, LA GOLF™’s patented Descending Loft Technology™ features four precisely milled lofts—4°, 3°, 2°, and 1°—that work together to optimize launch conditions regardless of shaft lean or head position at impact, producing a consistent launch angle and a true end‑over‑end roll. The 100% milled MIM® 304 stainless steel face delivers a refined, tour‑i(more...)",Cobra
12/3/2025 2:00 pm,3DP TOUR AGERA RS 30 PUT,Cobra 3DP Tour Agera RS-30 Putter,3DP Tour Agera RS-30,No,Putter,2026,,,"<p><strong>Who’s It For?</strong></p> <p><span style=""font-weight: 400;"">Designed for golfers with a moderate in‑to‑in putting path who prefer a traditional mallet profile with added toe flow, the Cobra 3DP Tour Agera RS-30 Putter suits players looking for a smoother release and improved stability. The small slant neck design complements a naturally arcing stroke, while the classic mallet shape provides confidence and forgiveness at address. A lightweight 3D‑printed lattice construction saves mass and redistributes it around the perimeter, increasing MOI to enhance stability and consistency on off‑center strikes.</span></p> <p><strong>The Tech Story</strong></p> <p><span style=""font-weight: 400;"">The Cobra 3DP Tour Agera RS-30 Putter combines precision face engineering, advanced materials, and optimized internal weighting to deliver consistent roll and exceptional stability. At the face, LA GOLF™’s patented Descending Loft Technology™ utilizes four precisely milled lofts—4°, 3°, 2°, and 1°—to optimize launch conditions regardless of shaft lean or head position at impact, producing a consistent launch angle and a true end‑over‑end roll. The 100% milled MIM® 304 stainless steel face provides a refined, tour‑inspired look while delivering a crisp, responsive feel that enhances fe(more...)",Cobra
12/3/2025 1:58 pm,3DP TOUR AGERA RS PUT,Cobra 3DP Tour Agera RS Putter,3DP Tour Agera RS,No,Putter,2026,,,"<p><strong>Who’s It For?</strong></p> <p><span style=""font-weight: 400;"">Designed for golfers with a neutral putting path who prefer a classic mallet profile with modern stability benefits, the Cobra 3DP Tour Agera RS Putter is ideal for players seeking consistency and control on the greens. The traditional mallet shape paired with a single bend shaft supports a smooth, repeatable stroke, while the lightweight 3D‑printed lattice construction saves mass and redistributes it around the perimeter. This increase in MOI enhances stability and forgiveness, helping golfers maintain performance on off‑center strikes.</span></p> <p><strong>The Tech Story</strong></p> <p><span style=""font-weight: 400;"">The Cobra 3DP Tour Agera RS Putter combines advanced face technology with innovative internal construction to deliver consistent roll, enhanced stability, and customizable feel. At the face, LA GOLF™’s patented Descending Loft Technology™ incorporates four precisely milled lofts—4°, 3°, 2°, and 1°—to optimize launch conditions regardless of shaft lean or head position at impact, ensuring a consistent launch angle and a true end‑over‑end roll. The 100% milled MIM® 304 stainless steel face provides a refined, tour‑inspired appearance while producing a crisp, responsive feel that improves fe(more...)",Cobra
12/3/2025 1:56 pm,3DP TOUR AGERA PUT,Cobra 3DP Tour Agera Putter,3DP Tour Agera,No,Putter,2026,,,"<p><strong>Who’s It For?</strong></p> <p><span style=""font-weight: 400;"">Designed for golfers with a neutral putting path who want maximum stability and forgiveness, the Cobra 3DP Tour Agera Putter is ideal for players seeking consistency and confidence on the greens. The oversized mallet shape provides a high‑MOI profile that resists twisting on off‑center strikes, while the single bend shaft supports a smooth, repeatable stroke. A lightweight 3D‑printed lattice structure saves weight and redistributes it around the perimeter, increasing MOI and enhancing overall stability for more reliable performance.</span></p> <p><strong>The Tech Story</strong></p> <p><span style=""font-weight: 400;"">The Cobra 3DP Tour Agera Putter integrates advanced face engineering, innovative internal construction, and tunable weighting to deliver consistent roll and exceptional stability. At the face, LA GOLF™’s patented Descending Loft Technology™ features four precisely milled lofts—4°, 3°, 2°, and 1°—that work together to optimize launch conditions regardless of shaft lean or impact position, ensuring a consistent launch angle and a true end‑over‑end roll. The 100% milled MIM® 304 stainless steel face provides a refined, tour‑inspired appearance while producing a crisp, responsive feel that enhance(more...)",Cobra
12/3/2025 1:50 pm,3DP TOUR SPRNOVA CB PUT,Cobra 3DP Tour SuperNova Counterbalance Putter,3DP Tour SuperNova Counterbalance,No,Putter,2026,,,"<p><strong>Who’s It For?</strong></p> <p><span style=""font-weight: 400;"">Designed for golfers with a neutral putting path who want maximum stability and forgiveness, the Cobra 3DP Tour SuperNova Counterbalance Putter is ideal for players seeking a smoother, more repeatable stroke. The oversized fang‑style mallet shape boosts confidence at address and enhances stability through impact, while the single bend shaft supports a consistent, straight‑back, straight‑through motion. With a longer 38‑inch shaft and added counterbalanced weight, it suits golfers who benefit from improved tempo, control, and overall consistency on the greens.</span></p> <p><strong>The Tech Story</strong></p> <p><span style=""font-weight: 400;"">The Cobra 3DP Tour SuperNova Counterbalance Putter combines advanced face technology, innovative internal construction, and customizable weighting to deliver exceptional roll and stability. At the face, LA GOLF™’s patented Descending Loft Technology™ uses four precisely milled lofts—4°, 3°, 2°, and 1°—to optimize launch conditions regardless of shaft lean or impact position, ensuring a consistent launch angle and promoting a true end‑over‑end roll. The 100% milled MIM® 304 stainless steel face provides a clean, tour‑inspired look while delivering a crisp, responsive (more...)",Cobra
12/3/2025 1:48 pm,3DP TOUR AGERA RS CB PUT,Cobra 3DP Tour Agera RS Counterbalance Putter,3DP Tour Agera RS Counterbalance,No,Putter,2026,,,"<p><strong>Who’s It For?</strong></p> <p><span style=""font-weight: 400;"">Designed for golfers with a neutral putting path who prefer a classic mallet look paired with added stability, the Cobra 3DP Tour Agera RS Counterbalance Putter suits players seeking a smoother, more repeatable stroke. The traditional mallet shape offers confidence and forgiveness at address, while the single bend shaft supports a consistent stroke arc. With a longer 38-inch shaft and added counterbalanced weight, it is ideal for golfers who benefit from enhanced control, improved tempo, and greater stability throughout the putting motion.</span></p> <p><strong>The Tech Story</strong></p> <p><span style=""font-weight: 400;"">The Cobra 3DP Tour Agera RS Counterbalance Putter leverages advanced construction and precision milling to deliver consistent roll, enhanced stability, and customizable feel. At the face, LA GOLF™’s patented Descending Loft Technology™ utilizes four precisely milled lofts—4°, 3°, 2°, and 1°—to optimize launch conditions regardless of shaft lean or head position at impact, producing a reliable launch angle and a true end‑over‑end roll. The 100% milled MIM® 304 stainless steel face provides a clean, tour‑inspired appearance while delivering a crisp, responsive feel that improves feedback (more...)",Cobra
12/3/2025 1:46 pm,3DP TOUR AGERA CB PUT,Cobra 3DP Tour Agera Counterbalance Putter,3DP Tour Agera Counterbalance,No,Putter,2026,,,"<p><strong>Who’s It For?</strong></p> <p><span style=""font-weight: 400;"">Designed for golfers who favor a neutral putting path and want maximum stability through the stroke, the Cobra 3DP Tour Agera Counterbalance Putter is ideal for players seeking improved consistency on the greens. The oversized head shape inspires confidence at address, while the single bend shaft suits a straight‑back, straight‑through motion. With a longer 38-inch shaft and added weight, it appeals to golfers who benefit from a smoother, more controlled, and highly repeatable putting stroke.</span></p> <p><strong>The Tech Story</strong></p> <p><span style=""font-weight: 400;"">The Cobra 3DP Tour Agera Counterbalance Putter blends advanced materials and precision engineering to deliver tour‑level performance and consistency on the greens. At the face, LA GOLF™’s patented Descending Loft Technology™ incorporates four precisely milled lofts (4°, 3°, 2°, and 1°) that work together to optimize launch conditions regardless of shaft lean or head position at impact, ensuring a consistent launch angle and a true end‑over‑end roll. The face itself is 100% milled from MIM® 304 stainless steel, providing a refined, tour‑inspired look at address along with a crisp, responsive feel that enhances feedback and distance co(more...)",Cobra
12/2/2025 2:46 pm,QUANTUM MAX FAST HYG,Callaway Quantum Max Fast Hybrid,Quantum Max Fast,No,Hybrid,2026,,,"<p><strong>Who’s It For?</strong></p> <p><span style=""font-weight: 400;"">Designed for golfers who benefit from an overall lighter hybrid setup, the Callaway Quantum Max Fast Hybrid is ideal for players who want to swing more easily while generating higher launch, more height, and more consistent contact. Its lightweight construction from head to grip helps increase clubhead speed with less effort, and the high‑MOI, shallow‑face profile makes it especially well‑suited for those seeking an easy‑to‑hit option that delivers confidence, forgiveness, and reliable performance from a variety of lies.</span></p> <p><strong>The Tech Story</strong></p> <p><span style=""font-weight: 400;"">Engineered to help moderate swing‑speed players generate effortless speed and higher launch, the Callaway Quantum Max Fast Hybrid combines advanced materials with an ultra‑lightweight construction to maximize carry with less effort. Its Speed Wave 2.0 design positions tungsten low and forward to boost ball speed and maintain a strong, consistent launch, while freeing up more face flex to enhance energy transfer—especially on low‑face strikes. The new Step Sole Design minimizes turf interaction for cleaner, more reliable contact, and a reshaped heel increases stability through impact to help keep the face (more...)",Callaway
12/2/2025 2:40 pm,QUANTUM MAX OS HYG,Callaway Quantum Max OS Hybrid,Quantum Max OS,No,Hybrid,2026,,,"<p><strong>Who’s It For?</strong></p> <p><span style=""font-weight: 400;"">Designed for golfers who need help correcting a right‑miss or getting the ball airborne more easily, the Callaway Quantum Max OS Hybrid is ideal for players who benefit from maximum forgiveness and stability in a user‑friendly shape. Its oversized, draw‑biased profile and high‑MOI construction make it especially well‑suited for those seeking easier launch, straighter ball flight, and greater confidence from a hybrid that’s built to provide consistent performance even on off‑center strikes.</span></p> <p><strong>The Tech Story</strong></p> <p><span style=""font-weight: 400;"">Featuring an oversized, high‑MOI profile engineered for maximum stability, the Callaway Quantum Max OS Hybrid integrates advanced speed and forgiveness technologies to help players launch the ball higher and eliminate right‑miss tendencies. Its Speed Wave 2.0 design positions tungsten low and forward to increase ball speed while freeing up additional face flex for stronger energy transfer—particularly on low‑face strikes where hybrids often lose performance. The new Step Sole Design reduces turf interaction for cleaner, more efficient contact, and a reshaped heel enhances stability through impact to help keep the face square for improve(more...)",Callaway
12/2/2025 2:28 pm,QUANTUM MAX HYG,Callaway Quantum Max Hybrid,Quantum Max,No,Hybrid,2026,,,"<p><strong>Who’s It For?</strong></p> <p><span style=""font-weight: 400;"">Designed for golfers who want balanced, reliable performance from the top end of their bag, the Callaway Quantum Max Hybrid is ideal for players who prefer a clean, midsized profile that offers a blend of easy launch, dependable forgiveness, and controllable shot‑making. With its neutral CG and moderate face height, it suits a wide range of swing types—especially those seeking a versatile option they can trust from the tee, fairway, or rough without sacrificing confidence or playability.</span></p> <p><strong>The Tech Story</strong></p> <p><span style=""font-weight: 400;"">Built for balanced, all‑around performance, the Callaway Quantum Max Hybrid combines advanced speed technologies with a clean, midsized profile to create a reliable option at the top of the bag. Its Speed Wave 2.0 design positions tungsten low and forward to amplify ball speed and maintain a consistent, powerful launch, while freeing additional face flex to boost energy transfer—especially on low‑face strikes where hybrids are commonly tested. The new Step Sole Design reduces turf interaction for cleaner, more efficient contact, and its reshaped heel improves stability through impact to help keep the face square for greater control. Next‑(more...)",Callaway
12/2/2025 2:11 pm,QUANTUM MAX FAST FWG,Callaway Quantum Max Fast Fairway Wood,Quantum Max Fast,No,Fairway Wood,2026,,,"<p><strong>Who’s It For?</strong></p> <p><span style=""font-weight: 400;"">Designed for golfers who benefit from an overall lighter club setup, the Callaway Quantum Max Fast Fairway Wood is ideal for players who want to swing more easily while generating higher launch and more consistent contact. Its lightweight construction from head to grip helps increase clubhead speed with less effort, while the high‑MOI design and shallow face profile make it easier to get the ball airborne. It’s especially well‑suited for those seeking a user‑friendly fairway wood that promotes confidence, forgiveness, and effortless performance across a wide range of lies.</span></p> <p><strong>The Tech Story</strong></p> <p><span style=""font-weight: 400;"">Featuring a lightweight, easy‑to‑swing construction built specifically for moderate swing‑speed players, the Callaway Quantum Max Fast Fairway Wood combines advanced materials and intelligent design to make higher launch and effortless speed more attainable. Its Speed Wave 2.0 structure positions up to 40 grams of tungsten low and forward to increase ball speed and promote a consistent, fast launch, while freeing additional face flex that boosts energy transfer—especially on low‑face impacts where fairway woods typically lose efficiency. The new Step So(more...)",Callaway
12/2/2025 2:07 pm,QUANTUM TD FWG,Callaway Quantum Triple Diamond Fairway Wood,Quantum Triple Diamond,No,Fairway Wood,2026,,,"<p><strong>Who’s It For?</strong></p> <p><span style=""font-weight: 400;"">Designed for skilled golfers who prefer a compact, tour‑validated fairway wood shape, the Callaway Quantum Triple Diamond Fairway Wood is built for players who demand workability, lower spin, and a penetrating launch. Its deeper face and neutral CG make it ideal for better players who want precision and control off the tee or from the turf, offering the ability to shape shots confidently while maintaining optimized spin for consistent, high‑performance ball flight.</span></p> <p><strong>The Tech Story</strong></p> <p><span style=""font-weight: 400;"">Powered by a redesigned Speed Wave 2.0 system that concentrates up to 40 grams of tungsten low and forward, the Callaway Quantum Triple Diamond Fairway Wood delivers faster ball speeds, more efficient energy transfer, and a consistent, penetrating launch—particularly on low‑face strikes where better players often make contact. Its new Step Sole Design reduces turf interaction for smoother, more consistent strikes, while a reshaped heel adds stability through impact to help keep the face square for greater control and accuracy. The next‑generation AI‑optimized face design precisely tunes every part of the hitting surface to optimize speed, spin, launch, and accu(more...)",Callaway
12/2/2025 2:03 pm,QUANTUM MAX D FWG,Callaway Quantum Max D Fairway Wood,Quantum Max D,No,Fairway Wood,2026,,,"<p><strong>Who’s It For?</strong></p> <p><span style=""font-weight: 400;"">Designed for golfers who want the easiest possible fairway wood to launch, the Callaway Quantum Max D Fairway Wood is ideal for players who benefit from maximum forgiveness and a slight draw bias to help keep shots straighter. Its larger footprint and shallower face promote effortless launch and a natural, square delivery at impact, making it especially well‑suited for those seeking a confidence‑inspiring fairway wood that feels easy to hit from both the tee and the turf.</span></p> <p><strong>The Tech Story</strong></p> <p><span style=""font-weight: 400;"">Driven by a redesigned Speed Wave 2.0 system that positions up to 40 grams of tungsten low and forward, the Callaway Quantum Max D Fairway Wood produces faster ball speeds, improved energy transfer, and a consistently high launch—especially on low‑face strikes where fairway woods are most vulnerable. Its new Step Sole Design reduces turf interaction for smoother, more efficient contact, while a reshaped heel increases stability through impact to help keep the face square for better accuracy. Next‑generation AI‑optimized face mapping precisely tunes every section of the hitting surface to optimize speed, spin, launch, and accuracy based on real fairway‑wo(more...)",Callaway
12/2/2025 12:07 pm,QUANTUM MAX FWG,Callaway Quantum Max Fairway Wood,Quantum Max,No,Fairway Wood,2026,,,"<p><strong>Who’s It For?</strong></p> <p><span style=""font-weight: 400;"">Designed for golfers who want an easy, confidence‑boosting launch and plenty of built‑in forgiveness, the Callaway Quantum Max Fairway Wood is ideal for players who value consistency and versatility across a wide range of lies and swing types. Its shallow‑face design helps make clean contact more repeatable, making it a strong choice for those seeking a fairway wood that feels effortless to hit while offering reliable performance for a broad spectrum of skill levels.</span></p> <p><strong>The Tech Story</strong></p> <p><span style=""font-weight: 400;""> Powered by a redesigned Speed Wave 2.0 system that positions up to 40 grams of tungsten low and forward, the Callaway Quantum Max Fairway Wood generates faster ball speeds, more efficient energy transfer, and a consistently high launch—especially on low‑face strikes where fairway woods are often challenged. The new Step Sole Design minimizes turf interaction to help maintain clean, centered contact, while a reshaped heel adds stability through impact to keep the face square for improved accuracy. Its next‑generation AI‑optimized face design precisely tunes every section of the hitting surface to optimize speed, spin, launch, and accuracy based on real fairwa(more...)",Callaway
12/1/2025 3:03 pm,QI MAX HL STS,TaylorMade Qi Max HL Iron Set,Qi Max HL,No,Iron Set,2026,,,"<p><strong>Who’s It For?</strong></p> <p><span style=""font-weight: 400;"">The TaylorMade Qi Max HL Irons are built for golfers who want to launch it higher, swing it faster, and carry it farther—without working harder. Designed with an ultralight components package and higher lofts, these irons are made to boost clubhead speed and deliver towering, distance‑packed shots for players with moderate swing speeds. If you’re looking for easy height, more spin, and effortless speed to unlock greater carry distance and accuracy, the Qi Max HL Irons are ready to elevate every swing.</span></p> <p><strong>The Tech Story</strong></p> <p><span style=""font-weight: 400;""> The TaylorMade Qi Max HL Irons are engineered to deliver higher launch, faster clubhead speeds, and maximum forgiveness through a blend of advanced shaping and finely tuned performance technologies. A new internal stability bar combined with strategically placed ECHO® Damping material supports the top line and face—key areas that influence sound and feel—reducing vibrations and creating a premium, satisfying sensation at impact. TaylorMade’s patented face technology helps control face flexibility to minimize unwanted “cut” spin, promoting straighter distance throughout the entire set. Each iron is individually optimized wit(more...)",TaylorMade
12/1/2025 3:00 pm,QI MAX STS,TaylorMade Qi Max Iron Set,Qi Max,No,Iron Set,2026,,,"<p><strong>Who’s It For?</strong></p> <p><span style=""font-weight: 400;"">The TaylorMade Qi Max Irons are crafted for golfers who want the game to feel smoother, easier, and a whole lot more enjoyable. Tailored for mid‑ to high‑handicap players, these irons offer effortless launch, impressive forgiveness, and a confidence‑boosting feel from the very first swing. If you’re looking for reliable height, consistent distance, and steady performance even on off‑center hits, the Qi Max Irons are the game‑improvement upgrade that delivers it all.</span></p> <p><strong>The Tech Story</strong></p> <p><span style=""font-weight: 400;"">The TaylorMade Qi Max Irons are engineered with a full suite of advanced technologies designed to elevate feel, distance, and consistency for game‑improvement golfers. A new internal stability bar paired with ECHO® Damper material enhances both sound and feel by supporting key impact zones, minimizing unwanted vibrations, and delivering a premium, more responsive sensation through the strike. These irons also feature TaylorMade’s proven face technology, designed to control face flexibility and reduce unwanted “cut” spin—helping golfers hit straighter, more accurate shots throughout the set. Each iron is individually optimized with a tailored face design to pro(more...)",TaylorMade
12/1/2025 2:39 pm,QI4D MAX LITE RESCUE W HYG,TaylorMade Qi4D Max Lite Women's Rescue Hybrid,Qi4D Max Lite Women's Rescue,No,Hybrid,2026,,,"<p><strong>Who’s It For?</strong></p> <p><span style=""font-weight: 400;"">The TaylorMade Qi4D Max Lite Women’s Rescue Hybrid is built for women who want effortless launch, big forgiveness, and serious speed. Its advanced multi‑material design and ultra‑lightweight build—up to 18 grams lighter than the standard Qi4D Max Rescue—help generate faster swings and longer shots with ease. If you’re looking for a lightweight hybrid that boosts distance, maximizes forgiveness, and inspires confidence on every swing, this club is made for you.</span></p> <p><strong>The Tech Story</strong></p> <p><span style=""font-weight: 400;"">The TaylorMade Qi4D Max Lite Women’s Rescue Hybrid is packed with advanced technology designed to deliver easy launch, forgiveness, and optimized performance. It features a single 4g Trajectory Adjustment System (TAS) weight that gives golfers a more efficient way to fine‑tune flight, spin, and swing weight. Engineers positioned this weight deep and back in the head to enhance forgiveness, while the ultralight carbon crown and larger head shape work together to promote towering peak trajectories and added stability through impact. The club is equipped with premium REAX™ shafts from Mitsubishi Chemical, leveraging industry‑leading materials and craftsmanship to provi(more...)",TaylorMade
12/1/2025 2:15 pm,QI4D MAX LITE RESCUE HYG,TaylorMade Qi4D Max Lite Rescue Hybrid,Qi4D Max Lite Rescue,No,Hybrid,2026,,,"<p><strong>Who’s It For?</strong></p> <p><span style=""font-weight: 400;"">Designed to make every swing feel easier and more explosive, the TaylorMade Qi4D Max Lite Rescue Hybrid is perfect for golfers who want a high‑launching, ultra‑forgiving replacement for hard‑to‑hit long irons. Its advanced multi‑material construction delivers towering flight and maximum forgiveness, while a lightweight build—up to 18 grams lighter than the Qi4D Max Rescue—helps players generate faster clubhead speed without extra effort. If you’re looking to unlock more distance, boost consistency, and enjoy a smoother, more effortless swing, the Qi4D Max Lite Rescue takes performance to the next level.</span></p> <p><strong>The Tech Story</strong></p> <p><span style=""font-weight: 400;"">The TaylorMade Qi4D Max Lite Rescue Hybrid is engineered to deliver effortless launch and maximum forgiveness through a finely tuned, ultra‑lightweight design that elevates long‑game performance. Its adjustable performance system utilizes a single 4g Trajectory Adjustment System (TAS) weight, offering an efficient way to fine‑tune ball flight, spin, and swing weight, while engineers strategically positioned this weight deep and rearward to increase MOI and promote higher peak trajectory. This rearward CG placement works in(more...)",TaylorMade
12/1/2025 2:12 pm,QI4D MAX RESCUE HYG,TaylorMade Qi4D Max Rescue Hybrid,Qi4D Max Rescue,No,Hybrid,2026,,,"<p><strong>Who’s It For?</strong></p> <p><span style=""font-weight: 400;"">Designed for golfers who want effortless launch, powerful distance, and exceptional forgiveness, the TaylorMade Qi4D Max Rescue Hybrid offers a confidence‑inspiring alternative to long irons. Its larger, more stable profile and advanced construction make it a great fit for players who benefit from extra help getting the ball airborne or prefer a hybrid that produces high, straight, and reliable shots with minimal effort. As the most forgiving model in the Qi4D family, the Qi4D Max Rescue is built to deliver consistent long‑game performance from virtually any lie on the course.</span></p> <p><strong>The Tech Story</strong></p> <p><span style=""font-weight: 400;"">The TaylorMade Qi4D Max Rescue Hybrid elevates hybrid performance through an advanced multi‑material construction that delivers exceptionally high launch and maximum forgiveness, making it the ultimate iron‑replacement option for players needing help in the long game. Its adjustable design uses a single 8g Trajectory Adjustment System (TAS) weight to efficiently fine‑tune flight, spin, and swing weight, while engineers positioned this weight deep and rearward—working in tandem with an ultralight carbon crown and an enlarged head shape—to create a hi(more...)",TaylorMade
12/1/2025 1:59 pm,QI4D RESCUE HYG,TaylorMade Qi4D Rescue Hybrid,Qi4D Rescue,No,Hybrid,2026,,,"<p><strong>Who’s It For?</strong></p> <p><span style=""font-weight: 400;"">Built for golfers who demand precision with every swing, the TaylorMade Qi4D Rescue Hybrid delivers dependable carry yardages and a steep, green‑holding landing angle—making it a true scoring weapon from anywhere on the course. With its perfect mix of forgiveness and playability, it shines whether you’re attacking a long par‑3, threading a tight fairway, or escaping deep rough. If you want a hybrid that launches high, lands soft, and performs flawlessly from any lie, the Qi4D Rescue is ready to elevate your game.</span></p> <p><strong>The Tech Story</strong></p> <p><span style=""font-weight: 400;"">The TaylorMade Qi4D Rescue Hybrid is engineered as the ultimate iron‑replacement tool, featuring an advanced multi‑material construction that pairs strong 450 stainless steel with an ultralight carbon crown to deliver high launch, easy speed, and versatile performance from any lie. Its adjustable design incorporates an 8g Trajectory Adjustment System weight for efficient tuning of spin, flight, and swing weight, while a 3° loft sleeve allows golfers to precisely adjust loft, lie, and face angle for dialed‑in trajectory control. Engineers optimized the center of gravity by leveraging the lightweight crown and stra(more...)",TaylorMade
12/1/2025 1:55 pm,QI4D MAX LITE W FWG,TaylorMade Qi4D Max Lite Women's Fairway Wood,Qi4D Max Lite Women's,No,Fairway Wood,2026,,,"<p><strong>Who’s It For?</strong></p> <p><span style=""font-weight: 400;"">The TaylorMade Qi4D Max Lite Women’s Fairway Wood is designed for women golfers who want an easy‑launching, highly forgiving fairway wood that feels effortless to swing. Its shallow face and ultra‑lightweight design—featuring the lightest head, shaft, and grip in the Qi4D lineup—help players generate more clubhead speed without additional effort. Ideal for those seeking higher launch, straighter shots, and maximum confidence from both the tee and the turf, this model is built to boost performance for women who value forgiveness and speed in a lightweight package.</span></p> <p><strong>The Tech Story</strong></p> <p><span style=""font-weight: 400;"">The TaylorMade Qi4D Max Lite Women’s Fairway Wood delivers exceptional forgiveness and effortless speed through an ultra‑lightweight, confidence‑inspiring design that features a massive 200cc head—17% larger than the Tour model and 5% larger than the standard version—creating a true “mini‑mini driver” profile at address. Each head in the Qi4D Max family is engineered to its maximum size to push weight to the perimeter for enhanced stability, allowing off‑center strikes to fly straighter and farther, while a rear‑placed 4g Trajectory Adjustment System weight drive(more...)",TaylorMade
12/1/2025 1:54 pm,QI4D MAX LITE FWG,TaylorMade Qi4D Max Lite Fairway Wood,Qi4D Max Lite,No,Fairway Wood,2026,,,"<p><strong>Who’s It For?</strong></p> <p><span style=""font-weight: 400;"">Designed for golfers who want effortless launch, maximum forgiveness, and more speed with less effort, the TaylorMade Qi4D Max Lite Fairway Wood makes every swing feel easier. A shallower face and a head that’s up to 21 grams lighter than the Qi4D Max help players generate faster clubhead speed and produce higher, straighter shots with total confidence. If you need a fairway wood that’s incredibly easy to swing yet delivers powerful, reliable performance, the Qi4D Max Lite is built to elevate your game.</span></p> <p><strong>The Tech Story</strong></p> <p><span style=""font-weight: 400;"">The TaylorMade Qi4D Max Lite Fairway Wood combines ultra‑lightweight engineering with oversized forgiveness technology, featuring a massive 200cc head—17% larger than the Tour model and 5% larger than the standard version—for a confidence‑boosting, “mini‑mini driver” look at address. Each head in the Qi4D Max family is stretched to its size limits to push weight to the perimeter, enhancing stability so off‑center strikes fly farther and straighter, while the rear‑placed 4g Trajectory Adjustment System weight drives the center of gravity as far back as possible to maximize MOI. This lightweight adjustability system allows g(more...)",TaylorMade
12/1/2025 1:30 pm,QI4D MAX FWG,TaylorMade Qi4D Max Fairway Wood,Qi4D Max,No,Fairway Wood,2026,,,"<p><strong>Who’s It For?</strong></p> <p><span style=""font-weight: 400;"">Engineered for golfers who crave effortless launch and maximum forgiveness, the TaylorMade Qi4D Max Fairway Wood delivers confidence from the very first swing. Its oversized, ultra‑stable head—the largest in the Qi4D lineup—makes it incredibly easy to hit whether you’re attacking from the turf or teeing off on a tight fairway. With a shallow face and a design built to straighten shots and boost height, the Qi4D Max is the go‑to choice for anyone who wants higher launch, steadier ball flight, and unmatched confidence standing over every shot.</span></p> <p><strong>The Tech Story</strong></p> <p><span style=""font-weight: 400;"">The TaylorMade Qi4D Max Fairway Wood is engineered for unparalleled forgiveness and effortless speed, featuring a massive 200cc head—17% larger than the Tour model and 5% larger than the standard version—to inspire confidence and deliver a “mini‑mini driver” feel. Every head in the Qi4D Max lineup is pushed to the upper limits of size to drive weight to the perimeter, boosting stability and maintaining ball speed on off‑center hits, while the rear‑positioned 8g Trajectory Adjustment System weight increases MOI for even more forgiveness. This adjustable design allows players to fine‑tu(more...)",TaylorMade
12/1/2025 1:25 pm,QI4D FWG,TaylorMade Qi4D Fairway Wood,Qi4D,No,Fairway Wood,2026,,,"<p><strong>Who’s It For?</strong></p> <p><span style=""font-weight: 400;""> Built to elevate nearly any golfer’s game, the TaylorMade Qi4D Fairway Wood delivers effortless distance and unmatched versatility in one confidence‑boosting design. Its shallower profile launches shots high and long with ease, while the sleek head shape performs beautifully both off the tee and straight from the turf. Whether you’re newer to the game and craving forgiveness or a seasoned player looking for a reliable, go‑anywhere fairway option, the Qi4D is engineered to fit—and elevate—almost every swing.</span></p> <p><strong>The Tech Story</strong></p> <p><span style=""font-weight: 400;"">The TaylorMade Qi4D Fairway Wood builds on over a decade of Tour‑proven success, combining the brand’s signature multi‑material construction with refined performance attributes to deliver maximum distance, versatility, and control for a wide range of golfers. Its adjustable design features an efficient 8g Trajectory Adjustment System weight and a 4° loft sleeve, allowing players to fine‑tune spin, launch, lie, and face angle for a fully optimized ball flight. Engineers re‑evaluated every key attribute—sit position, lie angle, address profile, and CG placement—using Tour feedback and insights from top fitters worldwide(more...)",TaylorMade
12/1/2025 1:20 pm,QI4D TOUR FWG,TaylorMade Qi4D Tour Fairway Wood,Qi4D Tour,No,Fairway Wood,2026,,,"<p><strong>Who’s It For?</strong></p> <p><span style=""font-weight: 400;"">Perfect for golfers who demand tour‑level shot‑making, the TaylorMade Qi4D Tour Fairway Wood delivers a compact, confidence‑inspiring profile with unmatched control and adjustability. Built for players who love to shape their shots and fine‑tune every detail, it offers the precision and workability needed to attack any fairway or tee box. With its elevated adjustability and refined Tour‑inspired design, the Qi4D Tour is the go‑to choice for skilled players chasing versatility, power, and elite‑level performance.</span></p> <p><strong>The Tech Story</strong></p> <p><span style=""font-weight: 400;"">The TaylorMade Qi4D Tour Fairway Wood leverages an advanced multi‑material construction—combining premium titanium with strategically engineered components—to create one of TaylorMade’s longest and most adjustable fairway designs, built for golfers seeking a powerful tool for attacking long par 5s or navigating tight tee shots. Its adjustable performance system uses three Trajectory Adjustment System weights (one 15g and two 4g) to fine‑tune spin and shot shape, while a 4° loft sleeve allows precise loft, lie, and face‑angle customization. Engineers optimized CG placement using an ultralight titanium body and adva(more...)",TaylorMade
12/1/2025 1:16 pm,QI4D MAX LITE W DVR,TaylorMade Qi4D Max Lite Women's Driver,Qi4D Max Lite Women's,No,Driver,2026,,,"<p><strong>Who’s It For?</strong></p> <p><span style=""font-weight: 400;"">Designed for women golfers who want to swing faster with less effort the TaylorMade Qi4D Max Lite Women's Driver combines the Qi4D line’s lightest head, shaft, and grip to deliver easy speed right out of the gate. Its oversized head shape adds stability and high inertia, turning mishits into forgiving, confidence‑boosting results without slowing you down. Backed by distance‑driven face technology, adjustable tuning options, tour‑proven performance features, and premium shaft offerings, it’s an excellent choice for players who want an effortless, consistent, and powerful driver that’s built to perform swing after swing.</span></p> <p><strong>The Tech Story</strong></p> <p><span style=""font-weight: 400;""> The TaylorMade Qi4D Max Lite Women's Driver is engineered for effortless speed and stability, featuring TaylorMade’s first modern non‑titanium construction with a precisely machined 7075 aircraft‑grade aluminum collar that enables full adjustability in a max‑MOI design without sacrificing clubhead speed. Its face technology is built for distance, combining an enhanced roll radius for more consistent spin across vertical impact locations with the ultra‑light 60X Carbon Twist Face™, which delivers exceptiona(more...)",TaylorMade
12/1/2025 1:02 pm,QI4D MAX LITE DVR,TaylorMade Qi4D Max Lite Driver,Qi4D Max Lite,No,Driver,2026,,,"<p><strong>Who’s It For?</strong></p> <p><span style=""font-weight: 400;"">Designed for players who want to swing faster with less effort, the TaylorMade Qi4D Max Lite Driver packs the Qi4D family’s lightest head, shaft, and grip into a speed‑boosting package. Its streamlined shape helps generate effortless acceleration, while the distance‑focused face design keeps performance strong across the hitting area. Combined with adjustable tuning, tour‑proven technologies, and premium shaft options, it’s an ideal choice for golfers who want a driver that’s easy to swing yet powerful, stable, and reliably long.</span></p> <p><strong>The Tech Story</strong></p> <p><span style=""font-weight: 400;"">The TaylorMade Qi4D Max Lite Driver is engineered for effortless speed through a lightweight design that replaces traditional titanium with a precisely machined, aircraft‑grade 7075 aluminum collar—allowing full adjustability in a max‑MOI head without sacrificing performance. Its oversized head shape boosts inertia and stability, delivering maximum forgiveness while maintaining clubhead speed. Distance is enhanced by an improved roll radius for more consistent spin across vertical strike locations and the ultra‑lightweight 60X Carbon Twist Face™, which promotes faster ball speeds and greater cons(more...)",TaylorMade
12/1/2025 1:00 pm,QI4D MAX DVR,TaylorMade Qi4D Max Driver,Qi4D Max,No,Driver,2026,,,"<p><strong>Who’s It For?</strong></p> <p><span style=""font-weight: 400;"">Designed for golfers who want maximum stability and effortless power, the TaylorMade Qi4D Max Driver delivers standout forgiveness while still producing impressive distance. Its low‑CG design helps generate strong ball speed from more areas of the face, turning mishits into playable shots. Paired with a speed‑enhancing shape, distance‑driven face technology, adjustable tuning options, tour‑proven innovations, and premium shaft selections, it’s a go‑to choice for players who want confidence, consistency, and reliable long‑game performance.</span></p> <p><strong>The Tech Story</strong></p> <p><span style=""font-weight: 400;"">The TaylorMade Qi4D Max Driver is engineered for unmatched forgiveness and speed through a modern design that replaces traditional titanium with a lightweight, aircraft‑grade 7075 aluminum collar, allowing for full adjustability in a high‑MOI head without sacrificing clubhead speed. Its new oversized profile boosts inertia and stability, helping golfers maintain performance even on off‑center strikes. Distance is driven by an improved roll radius for more consistent spin and the ultra‑light 60X Carbon Twist Face™, which enhances ball speed and forgiveness across vertical impact locations(more...)",TaylorMade
12/1/2025 12:58 pm,QI4D LS DVR,TaylorMade Qi4D LS Driver,Qi4D LS,No,Driver,2026,,,"<p><strong>Who’s It For?</strong></p> <p><span style=""font-weight: 400;"">Perfect for golfers who want to take full command of their ball flight, the low‑spin, low‑CG design of the TaylorMade Qi4D LS Driver delivers a more penetrating trajectory and precise launch control. Its aerodynamic shaping helps unlock faster swing speeds, while advanced face technology ensures strong, consistent distance across the entire hitting area. With adjustable weighting, loft options, tour‑proven performance features, and premium shaft offerings, it’s a powerful choice for players—especially faster swingers—looking to optimize every drive with maximum control and efficiency.</span></p> <p><strong>The Tech Story</strong></p> <p><span style=""font-weight: 400;"">The TaylorMade Qi4D LS Driver is engineered for low‑spin performance through a re‑designed, aerodynamically optimized head shape that increases speed and offers a traditional, tour‑inspired look at address. As the lowest‑spinning model in the Qi4D lineup, it pairs its streamlined profile with a new roll radius and the lightweight 60X Carbon Twist Face™, delivering faster ball speeds and more consistent spin across vertical impact locations. Players can further dial in launch and spin using two Trajectory Adjustment System weights (15g and 4g(more...)",TaylorMade
12/1/2025 9:47 am,QI4D DVR,TaylorMade Qi4D Driver,Qi4D,No,Driver,2026,,,"<p><strong>Who’s It For?</strong></p> <p><span style=""font-weight: 400;"">For golfers seeking instant speed, explosive distance, and reliable forgiveness—without giving up a clean, confidence‑boosting look at address—the TaylorMade Qi4D Driver delivers. Its aerodynamic shaping promotes faster swings, and advanced face technology helps maintain strong ball speed even on off‑center hits. Combined with adjustable performance settings, tour‑proven engineering, and premium shaft options, it offers a finely tuned, high‑performance option for players across a wide range of skill levels.</span></p> <p><strong>The Tech Story</strong></p> <p><span style=""font-weight: 400;"">The TaylorMade Qi4D Driver is engineered with a speed‑focused head shape refined through advanced aerodynamics to boost ball speed while maintaining the ideal balance of inertia and control at address. Its 60X Carbon Twist Face™ and improved roll radius work together to deliver faster ball speeds, more consistent spin, and better performance across all vertical impact locations, with optional reflective fitting markers available for precision data tracking. Adjustability is a core feature, using four strategically placed Trajectory Adjustment System weights and a 4° loft sleeve to fine‑tune spin, flight, lie, and face (more...)",TaylorMade
11/25/2025 3:09 pm,2026 KING MAX W STS,Cobra 2026 King Max Women's Iron Set,2026 King Max Women's,No,Iron Set,2026,,,"<p><strong>Who’s It For?</strong></p> <p><span style=""font-weight: 400;"">Designed for women with average to moderate swing speeds and a shallower attack angle, the Cobra 2026 King Max Women's Irons best suit players who want help launching the ball higher and carrying it farther with ease. Their oversized shaping and slightly weaker lofts provide the added forgiveness and effortless lift needed to maximize distance, making them ideal for golfers seeking confidence‑boosting performance on every swing.</span></p> <p><strong>The Tech Story</strong></p> <p><span style=""font-weight: 400;"">Engineered for maximum forgiveness and consistency, the Cobra 2026 King Max Women's Irons combine a larger, confidence‑boosting profile—featuring 2‑degree weaker lofts, added offset, and a thicker topline—with advanced technologies that make every swing more predictable. A 3D‑printed internal structure lowers the center of gravity and fine‑tunes weight distribution to promote longer, straighter approaches and improved scoring potential. The 360 SPEEDSHELL paired with H.O.T. Face Technology boosts ball speed and accuracy across the entire hitting area, helping golfers attack more pins with confidence. Feel is elevated through a polymer‑filled hollow body that enhances sound and softness at impact, (more...)",Cobra
11/25/2025 3:07 pm,2026 KING MAX STS,Cobra 2026 King Max Iron Set,2026 King Max,No,Iron Set,2026,,,"<p><strong>Who’s It For?</strong></p> <p><span style=""font-weight: 400;"">Designed for golfers with average to moderate swing speeds and a shallower attack angle, the Cobra 2026 King Max Irons cater to players who need help launching the ball higher and carrying it farther. Their oversized shaping and slightly weaker lofts make them especially appealing to those who want maximum forgiveness and easy, confident ball‑striking without sacrificing distance.</span></p> <p><strong>The Tech Story</strong></p> <p><span style=""font-weight: 400;"">The 2026 Cobra KING MAX irons pack a suite of advanced technologies designed to deliver higher launch, straighter shots, and exceptional forgiveness through every swing. A larger, confidence‑inspiring profile with 2‑degree weaker lofts and added offset promotes easy launch with natural draw‑bias, while 3D‑printed internal structures lower the center of gravity and optimize weight distribution for longer, more consistent approaches. Distance and control are further boosted by the 360 SPEEDSHELL and H.O.T. Face Technology, which maintain ball speed and accuracy across the entire face. To elevate feel, the hollow body is filled with a tuned polymer that enhances sound and softness at impact, and the new SKID SOLE design—with added leading‑edge boun(more...)",Cobra
11/25/2025 3:06 pm,2026 KING STS,Cobra 2026 King Iron Set,2026 King,No,Iron Set,2026,,,"<p><strong>Who’s It For?</strong></p> <p><span style=""font-weight: 400;"">Designed for golfers with average to fast swing speeds who deliver a steeper attack angle, the Cobra 2026 King Irons are built for players who want to maximize distance without sacrificing a traditional look at address. Their strong lofts and classic shaping cater to those who generate enough speed to take advantage of a powerful, penetrating ball flight and are seeking irons that help them hit farther while maintaining confidence‑inspiring visuals.</span></p> <p><strong>The Tech Story</strong></p> <p><span style=""font-weight: 400;"">The 2026 King Irons leverage a suite of advanced technologies to deliver powerful distance, enhanced forgiveness, and exceptional feel for players seeking more consistent performance. Their 3D‑printed internal structure strategically lowers the center of gravity and redistributes weight to promote higher launch, improved stability, and significantly better accuracy — resulting in 9.5% more greens in regulation and 1.4 strokes gained per round compared to last year’s DS‑ADAPT model. A 360 SPEEDSHELL paired with H.O.T. Face Technology boosts ball speed and maintains strong performance across the entire face, helping golfers hit longer and straighter shots even on mishits. To ele(more...)",Cobra
11/25/2025 3:00 pm,3DP X STS,Cobra 3DP X Iron Set,3DP X,No,Iron Set,2025,,,"<p><strong>Who’s It For?</strong></p>   <p><span style=""font-weight: 400;"">Experience game‑changing confidence with the Cobra 3DP X irons—built for golfers who want super–game‑improvement power wrapped in a sleek, player‑inspired profile. These irons pack incredible forgiveness and explosive launch into a refined shape that looks anything but bulky, delivering a surprisingly soft feel and rock‑solid stability that help you swing boldly and play your best. Perfect for anyone who wants maximum help without sacrificing style.</span></p>   <p><strong>The Tech Story</strong></p>   <p><span style=""font-weight: 400;""> The Cobra 3DP X irons use a fully 3D‑printed 316 stainless steel construction that unlocks design freedoms far beyond traditional casting or forging, allowing Cobra to engineer a players‑inspired shape with super–game‑improvement performance hidden inside. By transforming the interior into an advanced 3D‑printed lattice, Cobra dramatically reduces weight and reallocates it to create an ultra‑low CG and exceptionally high MOI, all while maintaining a sleek, traditional profile. This internal lattice not only drives massive forgiveness but also reinforces the face to fine‑tune acoustics for a remarkably soft, satisfying feel at impact. The saved mass enables up to 55 g(more...)",Cobra
11/25/2025 2:59 pm,3DP MB STS,Cobra 3DP MB Iron Set,3DP MB,No,Iron Set,2025,,,"<p><strong>Who’s It For?</strong></p>   <p><span style=""font-weight: 400;"">Unleash your best ball‑striking with the Cobra 3DP MB irons—blades built for players who crave that pure, traditional forged feel but refuse to sacrifice forgiveness. Engineered to be the most forgiving muscle‑back on the market, they deliver Tour‑level looks and buttery feedback with surprising stability when you don’t hit it perfect. Perfect for golfers who want blade swagger with game‑changing confidence.</span></p>   <p><strong>The Tech Story</strong></p>   <p><span style=""font-weight: 400;"">The Cobra 3DP MB irons feature a fully 3D‑printed 316 stainless steel construction that unlocks design freedoms impossible with traditional forging, allowing Cobra to engineer a compact muscle‑back blade with game‑changing performance benefits. Inside each head, a meticulously crafted 3D‑printed lattice structure reduces overall weight by 33%, enabling strategic repositioning of up to 55 grams of tungsten low in the heel, toe, and hosel to optimize CG placement, boost MOI, and enhance stability. Inspired by feedback from PGA Tour player Max Homa, the refined blade shape includes a thinner topline and increased offset, while the centered, lower CG promotes higher launch without sacrificing control. The interna(more...)",Cobra
11/25/2025 2:52 pm,OPTM W HYG,Cobra OPTM Women's Hybrid,OPTM Women's,No,Hybrid,2026,,,"<p><strong>Who’s It For?</strong></p> <p><span style=""font-weight: 400;""> Built to boost confidence and performance for every swing, the Cobra OPTM Women's Hybrid delivers explosive speed and effortless launch from both the tee and the fairway. Featuring a slightly larger head shape for maximum forgiveness, it’s perfect for female golfers who want dependable distance and accuracy across any lie.</span></p> <p><strong>The Tech Story</strong></p> <p><span style=""font-weight: 400;""> The Cobra OPTM Women’s Hybrid is engineered with advanced forgiveness and precision-tuning technologies to elevate performance from any lie. Its reshaped profile features a slightly larger, shallower head and extended blade length, with internal mass strategically positioned in the heel and toe to maximize MOI for unmatched stability and accuracy. A fixed back weight drives the center of gravity low and deep, promoting higher launch and steeper landing angles for better green-holding power. The FutureFit33™ adjustable hosel offers 33 unique loft and lie settings, allowing golfers to fine-tune ball flight and distance while the SMARTPAD® design keeps the face square at every adjustment. Together, these innovations deliver confidence, consistency, and control swing after swing.</span></p> <p><strong>Fa(more...)",Cobra
11/25/2025 2:22 pm,OPTM HYG,Cobra OPTM Hybrid,OPTM,No,Hybrid,2026,,,"<p><strong>Who’s It For?</strong></p> <p><span style=""font-weight: 400;"">Designed for golfers who want a perfect balance of speed, forgiveness, and versatility, the Cobra OPTM Hybrid brings it all in a confidence-inspiring design. Its slightly larger head shape enhances stability and forgiveness, making it easier to hit consistently from both the tee and the fairway. Ideal for players seeking dependable performance and effortless launch, this hybrid helps deliver reliable distance and accuracy across a variety of lies.</span></p> <p><strong>The Tech Story</strong></p> <p><span style=""font-weight: 400;"">The Cobra OPTM Hybrid is packed with advanced engineering to deliver maximum forgiveness, precision, and versatility. Its reshaped profile features a slightly larger, shallower head and extended blade length, with internal mass strategically positioned in the heel and toe to optimize MOI for unmatched stability and accuracy. A fixed back weight drives the center of gravity low and deep, promoting higher launch and steeper landing angles for improved green-holding performance. The FutureFit33™ adjustable hosel offers 33 unique loft and lie settings for ultimate customization, while the SMARTPAD® design ensures the face remains square at every adjustment.</span></p> <p><strong>Fa(more...)",Cobra
11/25/2025 11:32 am,OPTM MAX W FWG,Cobra OPTM MAX Women's Fairway Wood,OPTM MAX Women's,No,Fairway Wood,2026,,,"<p><strong>Who’s It For?</strong></p> <p><span style=""font-weight: 400;""> For female golfers who struggle with a slice and want straighter, higher shots, the Cobra OPTM MAX Women’s Fairway Wood is the perfect solution. Its left-bias design uses strategic weight placement to shift the center of gravity closer to the hosel, making it easier to square the clubface and launch the ball higher. This helps promote a more leftward ball flight for improved accuracy and consistency from both the tee and the fairway.</span></p> <p><strong>The Tech Story</strong></p> <p><span style=""font-weight: 400;""> The Cobra OPTM MAX Women’s Fairway Wood introduces groundbreaking performance by optimizing both MOI and POI for unmatched forgiveness and straighter miss-hits. While MOI measures resistance to twisting, POI accounts for rotation across all three axes—horizontal, vertical, and diagonal—making this the first fairway wood engineered to minimize gear effect and deliver tighter dispersion on off-center strikes. Using A.I.-driven simulations, Cobra strategically positioned mass symmetrically around the CG to reduce diagonal resistance and enhance stability. The FutureFit33™ adjustable hosel offers 33 loft and lie settings for ultimate customization, with SMARTPAD® technology ensuring the face st(more...)",Cobra
11/25/2025 11:18 am,OPTM MAX FWG,Cobra OPTM MAX Fairway Wood,OPTM MAX,No,Fairway Wood,2026,,,"<p><strong>Who’s It For?</strong></p> <p><span style=""font-weight: 400;"">Designed for golfers who struggle with a slice and want help straightening their ball flight, the Cobra OPTM MAX Fairway Wood features a left-bias setup achieved through strategic weight placement, moving the center of gravity closer to the hosel. This design makes it easier to launch the ball higher and square the clubface more quickly, promoting a draw or reducing a slice for a more controlled, left-leaning trajectory.</span></p> <p><strong>The Tech Story</strong></p> <p><span style=""font-weight: 400;"">The Cobra OPTM MAX Fairway Wood introduces groundbreaking technology as the first fairway to optimize both MOI (Moment of Inertia) and POI (Point of Inertia) for straighter miss-hits. While MOI has traditionally been the benchmark for stability and forgiveness, POI accounts for rotation across all three axes—horizontal, vertical, and diagonal—during off-center strikes. By strategically reshaping and redistributing mass symmetrically around the center of gravity, Cobra minimizes diagonal resistance and gear effect, delivering tighter dispersion and longer, straighter shots even on mishits. Leveraging A.I.-driven simulations of millions of impact points, engineers perfected weight placement and shaping for (more...)",Cobra
11/25/2025 11:12 am,OPTM X FWG,Cobra OPTM X Fairway Wood,OPTM X,No,Fairway Wood,2026,,,"<p><strong>Who’s It For?</strong></p> <p><span style=""font-weight: 400;"">Designed for golfers seeking the ideal combination of speed and forgiveness in a classic, confidence-inspiring shape. The Cobra OPTM X Fairway Wood is perfect for players who want versatility, delivering exceptional performance both off the tee and from the fairway, and providing added forgiveness on mishits while maintaining powerful distance and consistency.</span></p> <p><strong>The Tech Story</strong></p> <p><span style=""font-weight: 400;"">The Cobra OPTM X Fairway Wood is engineered as one of the first fairways to optimize both MOI (Moment of Inertia) and POI (Point of Inertia) for unmatched forgiveness and straighter miss-hits. While MOI has long been the standard for stability, POI measures rotation across all three axes—horizontal, vertical, and diagonal—during off-center strikes. By strategically reshaping and redistributing mass symmetrically around the center of gravity, Cobra minimizes diagonal resistance and gear effect, resulting in tighter dispersion and longer, straighter shots. Using A.I.-driven simulations of millions of impact points, engineers perfected weight placement for maximum performance. The FutureFit33™ adjustable hosel offers 33 loft and lie settings for ultimate customization (more...)",Cobra
11/25/2025 11:08 am,OPTM LS TI FWG,Cobra OPTM LS Titanium Fairway Wood,OPTM LS Titanium,No,Fairway Wood,2026,,,"<p><strong>Who’s It For?</strong></p> <p><span style=""font-weight: 400;"">Designed for skilled, faster-swing players, the Cobra OPTM LS Titanium Fairway Wood is built for those who want maximum speed and control in a compact, low-spin clubhead. It combines advanced engineering with optimized MOI and POI—two critical stability measurements—to deliver Cobra’s most forgiving and accurate LS model ever. This design provides all the low-spin performance and workability aggressive players demand, while adding enhanced stability for tighter dispersion and greater consistency on every shot.</span></p> <p><strong>The Tech Story</strong></p> <p><span style=""font-weight: 400;"">The Cobra OPTM LS Titanium Fairway Wood is a breakthrough in performance, combining advanced multi-material construction with cutting-edge stability optimization. As the first fairway to optimize both MOI (Moment of Inertia) and POI (Point of Inertia), it minimizes rotation across all three axes—horizontal, vertical, and diagonal—during off-center hits, dramatically reducing gear effect for tighter dispersion and straighter shots. Cobra engineers used A.I.-driven simulations of millions of impact points to perfect weight distribution, positioning mass symmetrically around the CG for maximum forgiveness. Its lightwei(more...)",Cobra
11/24/2025 3:49 pm,OPTM MAX K JR DVR,Cobra OPTM MAX-K Junior Driver,OPTM MAX-K Junior,No,Driver,2026,,,"<p><strong>Who’s It For?</strong></p> <p><span style=""font-weight: 400;"">Built for young golfers who want maximum forgiveness and accuracy in a highly stable clubhead. Featuring an industry-first combined 3-axis MOI of 13K, the Cobra OPTM MAX-K Junior Driver delivers exceptional stability while reducing POI to minimize twisting on off-center hits. The result is a driver that offers incredible forgiveness and rotational consistency, helping junior players hit straighter, more accurate shots with confidence.</span></p> <p><strong>The Tech Story</strong></p> <p><span style=""font-weight: 400;""> The Cobra OPTM MAX-K Junior Driver is the first driver to optimize both MOI (Moment of Inertia) and POI (Point of Inertia) for unmatched stability and straighter miss-hits. Traditionally, MOI has been the key metric for forgiveness, but POI measures rotation across all three axes—horizontal, vertical, and diagonal—to reduce twisting on off-center strikes. By combining a groundbreaking 13K MOI value with a 50% reduction in POI, Cobra engineers have created the most stable driver in golf, dramatically reducing gear effect and side spin for up to 23% tighter dispersion and more accurate drives. Using A.I.-driven simulations of millions of impact points, mass has been redistributed symmetricall(more...)",Cobra
11/24/2025 3:24 pm,OPTM MAX D W DVR,Cobra OPTM MAX-D Women's Driver,OPTM MAX-D Women's,No,Driver,2026,,,"<p><strong>Who’s It For?</strong></p> <p><span style=""font-weight: 400;"">Designed for female golfers who struggle with a slice, the Cobra OPTM MAX-D Women's Driver will help find fairways more consistently. Featuring a left-bias design, it uses strategic weight placement to move the center of gravity closer to the hosel, making it easier to launch the ball higher and square the clubface faster. This promotes a ball flight that goes more left, reducing slices and improving accuracy for a more confident, controlled game.</span></p> <p><strong>The Tech Story</strong></p> <p><span style=""font-weight: 400;"">The Cobra OPTM MAX-D Women’s Driver is engineered to deliver ultimate slice correction and fairway-finding performance through advanced MOI and POI optimization. Traditionally, MOI has been the benchmark for forgiveness, but POI measures rotation across all three axes—horizontal, vertical, and diagonal—to reduce twisting on off-center hits. By combining high MOI with a 50% reduction in POI and a heel-biased center of gravity, Cobra has created its most stable, draw-biased driver ever, dramatically reducing gear effect for up to 23% tighter dispersion and straighter shots. Using A.I.-driven simulations of millions of impact points, engineers reshaped and redistributed mass symmet(more...)",Cobra
11/24/2025 3:09 pm,OPTM MAX K W DVR,Cobra OPTM MAX-K Women's Driver,OPTM MAX-K Women's,No,Driver,2026,,,"<p><strong>Who’s It For?</strong></p> <p><span style=""font-weight: 400;"">The Cobra OPTM MAX-K Women’s Driver is designed for female golfers who want maximum forgiveness and accuracy in the most stable driver available. Featuring an industry-first combined 3-axis MOI of 13K, this driver dramatically reduces twisting on off-center hits by pairing ultra-high MOI with a lower POI for superior rotational consistency. The result is a club that delivers exceptional stability, straighter ball flights, and greater confidence off the tee, helping players hit longer and more accurate drives with ease.</span></p> <p><strong>The Tech Story</strong></p> <p><span style=""font-weight: 400;""> The Cobra OPTM MAX-K Women’s Driver is the first to achieve a groundbreaking combination of ultra-high MOI and optimized POI for unmatched stability and straighter miss-hits. Traditionally, MOI has been the key measure of forgiveness, but POI accounts for rotation across all three axes—horizontal, vertical, and diagonal—to reduce twisting on off-center strikes. By achieving a combined 13K MOI and reducing POI by over 50%, Cobra engineers have created the most stable driver in golf, delivering up to 23% tighter dispersion and straighter drives that start and finish closer to your target line. Using A.I.-dri(more...)",Cobra
11/24/2025 3:06 pm,OPTM MAX D LITE DVR,Cobra OPTM MAX-D Lite Driver,OPTM MAX-D Lite,No,Driver,2026,,,"<p><strong>Who’s It For?</strong></p> <p><span style=""font-weight: 400;""> The Cobra OPTM MAX-D Lite Driver is designed for golfers who struggle with a slice and want a lightweight, easy-to-swing driver that helps them find the fairway more consistently. Featuring a left-bias design, it uses strategic weight placement to move the center of gravity closer to the hosel, making it easier to launch the ball higher and square the clubface faster. This promotes a ball flight that goes more left, reducing slices and improving accuracy for greater confidence off the tee.</span></p> <p><strong>The Tech Story</strong></p> <p><span style=""font-weight: 400;"">The Cobra OPTM MAX-D Lite Driver is engineered to deliver ultimate slice correction and effortless performance through advanced MOI and POI optimization. Traditionally, MOI has been the key measure of forgiveness, but POI accounts for rotation across all three axes—horizontal, vertical, and diagonal—to reduce twisting on off-center hits. By combining high MOI with a 50% reduction in POI and a heel-biased center of gravity, Cobra has created its most stable, draw-biased driver for players who fight a slice. This design dramatically reduces gear effect for up to 23% tighter dispersion and straighter shots, while its lightweight construct(more...)",Cobra
11/24/2025 3:03 pm,OPTM MAX D DVR,Cobra OPTM MAX-D Driver,OPTM MAX-D,No,Driver,2026,,,"<p><strong>Who’s It For?</strong></p> <p><span style=""font-weight: 400;"">The Cobra OPTM MAX-D Driver is built for golfers who want to eliminate their slice and hit straighter, more consistent drives. Designed with a left-bias, it strategically positions the center of gravity closer to the hosel, making it easier to launch the ball higher and square the clubface quickly. This promotes a draw-biased ball flight that reduces slices and improves accuracy, giving players greater confidence and distance off the tee.</span></p> <p><strong>The Tech Story</strong></p> <p><span style=""font-weight: 400;"">The Cobra OPTM MAX-D Driver is engineered to deliver ultimate slice correction and fairway-finding performance through advanced MOI and POI optimization. Traditionally, MOI has been the benchmark for forgiveness, but POI measures rotation across all three axes—horizontal, vertical, and diagonal—to reduce twisting on off-center hits. By combining high MOI with a 50% reduction in POI and a heel-biased center of gravity, Cobra has created its most stable, draw-biased driver ever, dramatically reducing gear effect for up to 23% tighter dispersion and straighter shots. Using A.I.-driven simulations of millions of impact points, engineers reshaped and redistributed mass symmetrically around th(more...)",Cobra
11/24/2025 3:02 pm,OPTM MAX K DVR,Cobra OPTM MAX-K Driver,OPTM MAX-K,No,Driver,2026,,,"<p><strong>Who’s It For?</strong></p> <p><span style=""font-weight: 400;"">The Cobra OPTM MAX-K Driver is designed for golfers who want the ultimate in stability, forgiveness, and accuracy off the tee. As the first driver to achieve a combined 3-axis MOI of 13K, it delivers unmatched resistance to twisting on off-center hits. By pairing this ultra-high MOI with a reduced POI, Cobra engineers have created a driver that minimizes rotational inconsistencies across all three axes, resulting in straighter ball flights and tighter dispersion. This makes the MAX-K ideal for players seeking confidence, consistency, and maximum performance on every drive.</span></p> <p><strong>The Tech Story</strong></p> <p><span style=""font-weight: 400;""> The Cobra OPTM MAX-K Driver combines ultra-high MOI and optimized POI for unmatched stability and straighter miss-hits. Traditionally, MOI has been the key measure of forgiveness, but POI accounts for rotation across all three axes—horizontal, vertical, and diagonal—to reduce twisting on off-center strikes. By achieving a groundbreaking 13K MOI and reducing POI by over 50%, Cobra engineers have created the most stable driver in golf, delivering up to 23% tighter dispersion and straighter drives that start and finish closer to your target line. Using A.(more...)",Cobra
11/24/2025 2:57 pm,OPTM X DVR,Cobra OPTM X Driver,OPTM X,No,Driver,2026,,,"<p><strong>Who’s It For?</strong></p> <p><span style=""font-weight: 400;"">The Cobra OPTM X Driver is designed for golfers who want a perfect balance of speed, accuracy, and stability in a confidence-inspiring design. Featuring a slightly larger footprint than the LS model, it provides added forgiveness while maintaining powerful performance, making it ideal for players seeking consistent distance and control off the tee without sacrificing workability.</span></p> <p><strong>The Tech Story</strong></p> <p><span style=""font-weight: 400;"">The Cobra OPTM X Driver is engineered to deliver the perfect balance of speed, forgiveness, and accuracy through advanced MOI and POI optimization. Traditionally, MOI has been the key measure of stability, but POI accounts for rotation across all three axes—horizontal, vertical, and diagonal—to reduce twisting on off-center hits. By combining high MOI with a 50% reduction in POI, Cobra has created a driver that dramatically reduces gear effect for up to 23% tighter dispersion and straighter drives. Using A.I.-driven simulations of millions of impact points, engineers reshaped and redistributed mass symmetrically around the center of gravity for maximum forgiveness. The FutureFit33™ adjustable hosel offers 33 loft and lie settings for ultimate cus(more...)",Cobra
11/24/2025 2:53 pm,OPTM LS DVR,Cobra OPTM LS Driver,OPTM LS,No,Driver,2026,,,"<p><strong>Who’s It For?</strong></p> <p><span style=""font-weight: 400;"">The Cobra OPTM LS Driver is designed for skilled, faster-swing players who want maximum speed, control, and workability in a compact, low-spin clubhead. It combines advanced engineering with optimized MOI and POI—two critical stability measurements—to deliver Cobra’s most forgiving and accurate LS model ever. This design provides all the low-spin performance and precision aggressive players demand, while adding enhanced stability for tighter dispersion and greater consistency off the tee.</span></p> <p><strong>The Tech Story</strong></p> <p><span style=""font-weight: 400;""> The Cobra OPTM LS Driver is engineered for faster-swing players who demand speed, control, and low spin in a compact, tour-inspired head shape. As one of the first drivers to optimize both MOI (Moment of Inertia) and POI (Point of Inertia), it minimizes twisting across all three axes—horizontal, vertical, and diagonal—dramatically reducing gear effect for up to 23% tighter dispersion and straighter shots. Using A.I.-driven simulations of millions of impact points, Cobra engineers redistributed mass symmetrically around the center of gravity to enhance forgiveness without sacrificing workability. The FutureFit33™ adjustable hosel provide(more...)",Cobra
11/20/2025 11:18 am,HOT LAUNCH CHP,Tour Edge Hot Launch Chipper,Hot Launch,No,Chipper,2025,,,"<p><strong>Who’s It For?</strong></p>   <p><span style=""font-weight: 400;"">The Tour Edge Hot Launch Chipper is designed for golfers who struggle with consistency around the greens and want a simple, reliable solution for short-game shots. Featuring a heavy, super-wide sole that glides through rough for clean, predictable contact, this chipper makes it easier to execute bump-and-run shots from tricky lies. Its heel and toe weighting helps reduce miss-hits, providing added forgiveness and confidence for players looking to improve their chipping without relying on complex wedge techniques.</span></p>   <p><strong>The Tech Story</strong></p>   <p><span style=""font-weight: 400;"">The Tour Edge Hot Launch Chipper is built with advanced design elements to deliver maximum responsiveness and forgiveness around the green. Its 431 stainless steel head provides a soft feel and delicate touch for precise control, while the Houdini sole minimizes turf interaction for cleaner contact. A slender neck design prevents snagging in longer grass, ensuring smooth playability from various lies. The 37° loft offers versatile shot-making and excellent speed control, making bump-and-run shots easier to execute. For added flexibility, the extended-length chipper grip allows golfers to choke up for imp(more...)",Tour Edge
11/20/2025 11:01 am,HL HL 06 PUT,Tour Edge Hot Launch HL-06 Putter,Hot Launch HL-06,No,Putter,2025,,,"<p><strong>Who’s It For?</strong></p>   <p><span style=""font-weight: 400;"">The Tour Edge Hot Launch HL-06 putter is designed for golfers who prefer a full-bodied mallet with maximum stability and visual alignment support. Engineered with circular geometry and an integrated rear alignment circle, it enhances precision and consistency for players seeking confidence on the greens. Featuring a single bend hosel for face-balanced performance, the HL-06 is ideal for golfers with a square-to-square putting stroke who want a clean setup and smooth, repeatable motion.</span></p>   <p><strong>The Tech Story</strong></p>   <p><span style=""font-weight: 400;"">The Tour Edge Hot Launch HL-06 putter is packed with technology to deliver exceptional feel, alignment, and stroke stability. Its precision CNC-milled face provides a soft yet solid impact, ensuring consistent contact and a smooth, true roll for improved distance control. The innovative Triple Alignment System offers clear visual cues to help golfers lock onto their target line, boosting confidence and accuracy on every putt. A premium midsize paddle grip enhances comfort and steadies the wrists for a repeatable stroke, while the full-bodied mallet head design and face-balanced weighting make it ideal for players with a straight-ba(more...)",Tour Edge
11/20/2025 10:59 am,HL HL 05 PUT,Tour Edge Hot Launch HL-05 Putter,Hot Launch HL-05,No,Putter,2025,,,"<p><strong>Who’s It For?</strong></p>   <p><span style=""font-weight: 400;"">The Tour Edge Hot Launch HL-05 putter is designed for golfers who prefer the stability and forgiveness of a full-bodied mallet while maintaining a clean, confident setup. Featuring a plumber neck hosel and circular geometry, it is optimized for players with a slight arc or straight-back-straight-through stroke, delivering consistency and feel on every putt. Its refined contours and intuitive sightlines make it ideal for golfers seeking reliable alignment and a modern mallet design that inspires confidence.</span></p>   <p><strong>The Tech Story</strong></p>   <p><span style=""font-weight: 400;"">The Tour Edge Hot Launch HL-05 putter integrates advanced technology to deliver exceptional feel, alignment, and stroke stability. Its precision CNC-milled face provides a soft yet solid impact, ensuring consistent contact and a smooth, true roll for improved distance control. A single black alignment stripe offers a clean, high-contrast visual aid to help golfers lock onto their target line and boost accuracy. The premium midsize paddle grip enhances comfort and steadies the wrists, promoting a smooth, repeatable stroke. Featuring a full-bodied mallet head with mid toe hang, the HL-05 is ideal for players with(more...)",Tour Edge
11/20/2025 10:56 am,HL HL 04 PUT,Tour Edge Hot Launch HL-04 Putter,Hot Launch HL-04,No,Putter,2025,,,"<p><strong>Who’s It For?</strong></p>   <p><span style=""font-weight: 400;"">The Tour Edge Hot Launch HL-04 putter is designed for golfers who want a modern, confidence-inspiring look paired with stability and forgiveness. Its wing-shaped, mid-tech mallet design offers a bold, angular setup that promotes balance and control throughout the stroke. Featuring a plumber neck hosel, the HL-04 suits players with a slight arc or straight-back-straight-through motion, while refined contours and intuitive sightlines ensure a clean, accurate setup putt after putt.</span></p>   <p><strong>The Tech Story</strong></p>   <p><span style=""font-weight: 400;"">The Tour Edge Hot Launch HL-04 putter is engineered with advanced features to deliver superior feel, alignment, and stroke stability. Its precision CNC-milled face ensures a soft yet solid impact, promoting consistent contact and a smooth, true roll for better distance control. A bold contrast alignment aid with black stripes helps golfers lock onto their target line, enhancing focus and accuracy on every putt. The premium midsize paddle grip provides a comfortable, secure hold that steadies the wrists and encourages a repeatable stroke. Designed with a mid-tech mallet head and mid toe hang, the HL-04 suits players with a slight arc or st(more...)",Tour Edge
11/20/2025 10:55 am,HL HL 03 PUT,Tour Edge Hot Launch HL-03 Putter,Hot Launch HL-03,No,Putter,2025,,,"<p><strong>Who’s It For?</strong></p>   <p><span style=""font-weight: 400;"">The Tour Edge Hot Launch HL-03 putter is designed for golfers who want maximum stability and forgiveness in their putting stroke. Its contemporary mallet design delivers high MOI (Moment of Inertia), ensuring consistent balance and control through impact for improved accuracy. Featuring a plumber neck hosel, the HL-03 suits players with a slight arc or straight-back-straight-through stroke, while its refined contours and intuitive sightlines provide a clean, confident setup on every putt.</span></p>   <p><strong>The Tech Story</strong></p>   <p><span style=""font-weight: 400;"">The Tour Edge Hot Launch HL-03 putter combines advanced technology and design to deliver exceptional stability, feel, and alignment. Its precision CNC-milled face creates a soft yet solid impact, ensuring consistent contact and a smooth, controlled roll for improved distance accuracy. The Triple Alignment System provides clear visual guides to help golfers lock onto their target line, boosting confidence and precision on every stroke. A premium midsize paddle grip stabilizes the wrists and promotes a repeatable motion, while the mallet-style head with mid toe hang offers maximum MOI for forgiveness and balance through the stroke(more...)",Tour Edge
11/20/2025 10:53 am,HL HL 02 PUT,Tour Edge Hot Launch HL-02 Putter,Hot Launch HL-02,No,Putter,2025,,,"<p><strong>Who’s It For?</strong></p>   <p><span style=""font-weight: 400;"">The Tour Edge Hot Launch HL-02 putter is designed for golfers who want a blend of stability and forgiveness in their short game. Its half-moon, half-mallet shape provides a balanced feel and added confidence at impact, making it ideal for players seeking consistent performance on the greens. Featuring a plumber neck hosel, the HL-02 suits strokes with a slight arc or a straight-back-straight-through motion, while its refined contours and intuitive sightlines ensure a clean, accurate setup putt after putt.</span></p>   <p><strong>The Tech Story</strong></p>   <p><span style=""font-weight: 400;"">The Tour Edge Hot Launch HL-02 putter integrates advanced design and technology to deliver superior feel, alignment, and consistency. Its precision CNC-milled face ensures a soft yet solid impact, promoting uniform contact and a smooth, controlled roll for better distance management. The Triple Alignment System provides clear visual cues to help golfers lock onto their target line, enhancing focus and accuracy on every putt. A premium midsize paddle grip stabilizes the wrists and encourages a repeatable stroke, while the half-mallet head shape with mid toe hang offers a balanced, forgiving feel for players with (more...)",Tour Edge
11/20/2025 10:46 am,HL HL 01 PUT,Tour Edge Hot Launch HL-01 Putter,Hot Launch HL-01,No,Putter,2025,,,"<p><strong>Who’s It For?</strong></p>   <p><span style=""font-weight: 400;"">The Tour Edge Hot Launch HL-01 putter is designed for golfers who prefer a classic blade-style putter and have a stroke that follows a slight arc or a straight-back-straight-through path. Featuring a plumbers neck hosel for optimal alignment and refined contours with intuitive sightlines, it offers a clean, confident setup on every putt. Its timeless silhouette and modern design elements make it ideal for players seeking both traditional aesthetics and reliable performance.</span></p>   <p><strong>The Tech Story</strong></p>   <p><span style=""font-weight: 400;""> The Tour Edge Hot Launch HL-01 putter incorporates advanced technology to enhance feel, alignment, and consistency on the greens. Its precision CNC-milled face delivers a solid yet soft and responsive impact, promoting consistent contact and a smooth roll for improved distance control. A contrast alignment aid with bold black stripes helps golfers lock in on their target line, boosting accuracy and confidence. The premium midsize paddle grip is designed to steady the wrists and encourage a repeatable stroke, while the blade-style head with mid toe hang suits players with a slight arc or straight-back-straight-through motion. Completing the pa(more...)",Tour Edge
11/20/2025 9:42 am,SPDR 5K ZT BLACK CB PUT,TaylorMade Spider 5K-ZT Black Counter Balance Putter,Spider 5K-ZT Black Counter Balance,No,Putter,2026,,,"<p><strong>Who’s It For?</strong></p>   <p><span style=""font-weight: 400;"">Featuring a slightly longer shaft and heavier head for increased MOI, the TaylorMade Spider 5K-ZT Black Counter Balance Putter helps smooth out the putting motion and reduces unwanted wrist action. Combined with a low-torque shaft and high-MOI construction, it minimizes face rotation and promotes consistent alignment. Its unique sole shaping accommodates different ball positions, while the milled True Path™ alignment system provides clear visual cues for accurate setup. Ideal for players seeking enhanced stability, reliable alignment, and improved accuracy on the greens.</span></p>   <p><strong>The Tech Story</strong></p>   <p><span style=""font-weight: 400;"">The TaylorMade Spider 5K-ZT Black Counter Balance Putter integrates cutting-edge technology to deliver unmatched stability and precision. Its low-torque design features a KBS shaft bored toe-ward near the center of gravity with a 1° lean and 25mm onset, creating a unique toe-up configuration that minimizes face rotation. Complementing this is innovative sole shaping, engineered to optimize accuracy and accommodate various ball positions for a repeatable stroke. The Spider Stability frame combines high-density stainless steel with aerospace-grade (more...)",TaylorMade
11/20/2025 9:41 am,SPDR 5K ZT BLACK PUT,TaylorMade Spider 5K-ZT	Black Putter,Spider 5K-ZT	Black,No,Putter,2026,,,"<p><strong>Who’s It For?</strong></p>   <p><span style=""font-weight: 400;""> Zero-torque putters have taken the golf industry by storm, and the Spider 5K-ZT Black Putter is TaylorMades update on their popular and premium offering. Specifically designed for golfers who prioritize exceptional stability and precise alignment in their putting stroke, Its low torque shaft design and high MOI construction cater to players seeking to minimize face rotation and maintain a consistent stroke path. The unique sole shaping accommodates various putting styles and ball positions, while the milled True Path™ alignment aids those who value clear visual cues for accurate setup. Ultimately, this putter is ideal for golfers looking for enhanced forgiveness, a stable feel, and reliable alignment to improve their putting accuracy. </span></p>   <p><strong>The Tech Story</strong></p>   <p><span style=""font-weight: 400;"">The TaylorMade Spider 5K-ZT Black Putter integrates cutting-edge technology to deliver unmatched stability and precision. Its low-torque design features a KBS shaft bored toe-ward near the center of gravity with a 1° lean and 25mm onset, creating a unique toe-up configuration that minimizes face rotation. Complementing this is innovative sole shaping, engineered to optimize accura(more...)",TaylorMade
11/19/2025 2:48 pm,XXIO 14 W STS,XXIO 14 Ladies Iron Set,14 Ladies,No,Iron Set,2025,,,"<p><strong>Who’s It For?</strong></p>   <p><span style=""font-weight: 400;"">The XXIO 14 Ladies Irons are designed for women golfers who want a premium, lightweight set that enhances both distance and control. Engineered specifically for a woman’s swing, these irons feature precise tungsten weighting to promote higher launch angles, longer carry, and straighter shots, all while ensuring softer landings with minimal effort. Perfect for players seeking an easy, confidence-boosting experience on the course, they combine advanced technology with elegant design for smooth, consistent performance.</span></p>   <p><strong>The Tech Story</strong></p>   <p><span style=""font-weight: 400;"">The XXIO 14 Ladies Irons combine cutting-edge materials and engineering to deliver exceptional speed, forgiveness, and feel for women golfers. At the core is VR-Titanium, a revolutionary alloy infused with silicon that dramatically increases design flexibility, allowing the face and body to flex more for heightened initial ball speed. This innovation enables a thinner toe section, freeing discretionary mass for optimized weighting. Complementing this is Weight Plus, a proprietary counterbalance system that places mass in the butt-end of the shaft for smoother takeaways, better swing positioning, and e(more...)",XXIO
11/19/2025 2:41 pm,XXIO 14 W HYG,XXIO 14 Ladies Hybrid,14 Ladies,No,Hybrid,2025,,,"<p><strong>Who’s It For?</strong></p>   <p><span style=""font-weight: 400;"">The XXIO 14 Ladies Hybrid is designed for women golfers who want a lightweight, premium club that makes every shot easier and more consistent. Specifically engineered for a woman’s swing, this hybrid delivers faster ball speeds, exceptional forgiveness, and reliable contact from tee to green. Perfect for players seeking effortless performance and confidence in challenging lies, it combines advanced technology with elegant design to help maximize distance and accuracy with minimal effort.</span></p>   <p><strong>The Tech Story</strong></p>   <p><span style=""font-weight: 400;"">The XXIO 14 Ladies Hybrid is packed with advanced engineering to deliver effortless speed, stability, and launch for women golfers. ActivWing technology uses refined crown steps and a larger sole step to harness aerodynamic forces, stabilizing the clubhead during the downswing and guiding the face into an optimal strike position for improved ball speed and consistency. A High Grip Milled Pattern on the toe and heel enhances gear effect and directional control, even on off-center hits or in wet conditions. The Wing Cannon Sole positions the CG perfectly for high launch and long carry, using a floating weight pad and unique cannon (more...)",XXIO
11/19/2025 2:33 pm,XXIO 14 W FWG,XXIO 14 Ladies Fairway Wood,14 Ladies,No,Fairway Wood,2025,,,"<p><strong>Who’s It For?</strong></p>   <p><span style=""font-weight: 400;"">The XXIO 14 Ladies Fairway Wood is designed for women golfers who want a lightweight, premium club that makes the game easier and more enjoyable. Specifically engineered for a woman’s swing, it delivers faster ball speeds, greater forgiveness, and consistent contact from tee to green. Perfect for players seeking effortless performance and confidence on every shot, this fairway wood combines advanced technology with elegant design for smooth, reliable results.</span></p>   <p><strong>The Tech Story</strong></p>   <p><span style=""font-weight: 400;"">The XXIO 14 Ladies Fairway Wood integrates advanced aerodynamic and structural innovations to maximize speed, stability, and forgiveness for women golfers. ActivWing technology uses refined crown steps and a larger sole step to harness aerodynamic forces, stabilizing the clubhead during the downswing and guiding the face into an optimal strike position for improved ball speed and consistency. A High Grip Milled Pattern on the toe and heel enhances gear effect and directional control, even on off-center hits or in wet conditions. The Cannon Sole features a floating weight pad that positions the CG for ideal launch and distance, while its unique shape preserve(more...)",XXIO
11/19/2025 2:31 pm,XXIO 14 W DVR,XXIO 14 Ladies Driver,14 Ladies,No,Driver,2025,,,"<p><strong>Who’s It For?</strong></p>   <p><span style=""font-weight: 400;"">The XXIO 14 Ladies Driver is designed for women golfers who want a lightweight, premium club tailored to their swing for maximum performance. Featuring VR-Titanium construction, this driver delivers faster ball speeds, greater forgiveness, and consistent contact, making it ideal for players seeking effortless distance and accuracy from the tee.</span></p>   <p><strong>The Tech Story</strong></p>   <p><span style=""font-weight: 400;"">The XXIO 14 Ladies Driver combines cutting-edge materials and aerodynamic innovations to maximize speed, stability, and forgiveness. At its core is VR-Titanium, a revolutionary alloy that incorporates silicon for greater design flexibility, enabling enhanced face-to-body flex and faster ball speeds. The ULTiFLEX structure optimizes thickness and curvature across the head, expanding both the high-speed perimeter and central zones for consistent performance. ActivWing technology refines crown and sole shaping to harness aerodynamic forces, stabilizing the clubhead during the downswing and guiding it into an ideal strike position for improved accuracy. A high-grip milled pattern on the toe and heel ensures directional control and gear effect even on off-center hits or in wet (more...)",XXIO
11/19/2025 2:24 pm,XXIO 14 PLUS STS,XXIO 14+ Iron Set,14+,No,Iron Set,2025,,,"<p><strong>Who’s It For?</strong></p>   <p><span style=""font-weight: 400;"">The XXIO 14+ Irons are designed for golfers with swing speeds between 90–100 mph who want a premium, lightweight set that delivers effortless performance. Engineered to help players hit higher, longer, and straighter shots with ease, these irons feature precise tungsten weighting for optimal launch, extended carry distance, and softer landings. Perfect for golfers seeking advanced technology and consistent results without sacrificing feel, XXIO 14+ Irons combine speed, forgiveness, and control in a sleek, confidence-inspiring design.</span></p>   <p><strong>The Tech Story</strong></p>   <p><span style=""font-weight: 400;"">The XXIO 14+ Irons utilize advanced materials and engineering to deliver exceptional speed, launch, and control for golfers with swing speeds between 90–100 mph. At the core is VR-Titanium, a groundbreaking titanium alloy infused with silicon that dramatically increases design flexibility, enabling greater face and body flex for heightened initial ball speed. This innovation allows the toe side of the face to be significantly thinner, freeing discretionary mass for optimized weighting. A refined Cavity Structure removes excess weight from the heel and neck to lower and center the CG,(more...)",XXIO
11/19/2025 2:22 pm,XXIO 14 PLUS HYG,XXIO 14+ Hybrid,14+,No,Hybrid,2025,,,"<p><strong>Who’s It For?</strong></p>   <p><span style=""font-weight: 400;"">The XXIO 14+ Hybrid is designed for golfers with swing speeds between 90–100 mph who want a lightweight, premium club that delivers effortless performance. Built to provide faster ball speeds, greater forgiveness, and consistent contact from tee to green, this hybrid is perfect for players seeking advanced technology and reliable results without sacrificing feel. It combines speed, stability, and control in a sleek design that inspires confidence on every shot.</span></p>   <p><strong>The Tech Story</strong></p>   <p><span style=""font-weight: 400;"">The XXIO 14+ Hybrid combines aerodynamic innovation and advanced face technology to deliver explosive speed, high launch, and forgiveness for golfers with swing speeds between 90–100 mph. ActivWing uses refined crown steps and a larger sole step to harness aerodynamic forces, stabilizing the clubhead during the downswing and guiding the face into an optimal strike position for consistent ball speed. A High Grip Milled Pattern on the toe and heel improves gear effect and directional control, even on off-center hits or in wet conditions. The Wing Cannon Sole positions the CG perfectly for high launch and long carry, using a floating weight pad and unique can(more...)",XXIO
11/19/2025 2:20 pm,XXIO 14 PLUS FWG,XXIO 14+ Fairway Wood,14+,No,Fairway Wood,2025,,,"<p><strong>Who’s It For?</strong></p>   <p><span style=""font-weight: 400;"">The XXIO 14+ Fairway Wood is designed for golfers with swing speeds between 90–100 mph who want a lightweight, premium club that delivers effortless distance and control. Engineered to provide faster ball speeds, greater forgiveness, and consistent contact from tee to green, this fairway wood is ideal for players seeking advanced technology and reliable performance without sacrificing feel. It combines speed, stability, and precision in a sleek design that inspires confidence on every shot.</span></p>   <p><strong>The Tech Story</strong></p>   <p><span style=""font-weight: 400;"">The XXIO 14+ Fairway Wood is engineered for golfers with swing speeds between 90–100 mph, combining aerodynamic innovation and advanced face design to deliver explosive speed, forgiveness, and consistency. ActivWing technology uses refined crown steps and a larger sole step to stabilize the clubhead during the downswing, guiding the face into an optimal strike position for improved ball speed and accuracy. A High Grip Milled Pattern on the toe and heel enhances gear effect and directional control, even on off-center hits or in wet conditions. The Cannon Sole positions the CG perfectly for high launch and long carry, using a fl(more...)",XXIO
11/19/2025 2:18 pm,XXIO 14 PLUS DVR,XXIO 14+ Driver,14+,No,Driver,2025,,,"<p><strong>Who’s It For?</strong></p>   <p><span style=""font-weight: 400;"">The XXIO 14+ Driver is designed for golfers with swing speeds between 90–100 mph who want a lightweight, premium club that delivers effortless power and control. Engineered to provide faster ball speeds, greater forgiveness, and consistent contact from tee to green, this driver is ideal for players seeking advanced technology and reliable performance without sacrificing feel. It combines speed, stability, and precision in a sleek design that inspires confidence on every drive.</span></p>   <p><strong>The Tech Story</strong></p>   <p><span style=""font-weight: 400;"">The XXIO 14+ Driver is packed with cutting-edge innovations to deliver maximum speed, forgiveness, and control for golfers with swing speeds between 90–100 mph. At its core is VR-Titanium, a world-first titanium alloy infused with silicon that dramatically increases design flexibility, enabling greater face and body flex for explosive ball speeds. Complementing this is ULTiFLEX, which optimizes face and body thickness and roundness to expand both the high-speed perimeter and central zones, ensuring faster speeds across the entire face. ActivWing technology stabilizes the clubhead during the downswing by harnessing aerodynamic forces, guidin(more...)",XXIO
11/19/2025 1:38 pm,XXIO 14 STS,XXIO 14 Iron Set,14,No,Iron Set,2025,,,"<p><strong>Who’s It For?</strong></p>   <p><span style=""font-weight: 400;"">The XXIO 14 Irons are designed for moderate swing speed golfers who want a premium, lightweight set that makes the game easier and more enjoyable. Built to help players hit higher, longer, and straighter shots with minimal effort, these irons feature precise tungsten weighting that promotes higher launch angles, longer carry distances, and softer landings. Perfect for golfers seeking effortless performance and improved consistency, XXIO 14 Irons combine advanced technology with elegant design for confidence on every swing.</span></p>   <p><strong>The Tech Story</strong></p>   <p><span style=""font-weight: 400;"">The XXIO 14 Irons feature a suite of advanced technologies engineered to maximize speed, launch, and forgiveness for moderate swing speed golfers. At the core is VR-Titanium, a groundbreaking titanium alloy infused with silicon that increases design flexibility, allowing the face and body to flex more for higher initial ball speeds. This innovation enables a thinner toe section, freeing discretionary mass for optimized weighting. The irons also incorporate a refined Cavity Structure, removing excess weight from the heel and neck to lower and center the CG for higher launch and softer landings. (more...)",XXIO
11/19/2025 1:31 pm,XXIO 14 HYG,XXIO 14 Hybrid,14,No,Hybrid,2025,,,"<p><strong>Who’s It For?</strong></p>   <p><span style=""font-weight: 400;"">The XXIO 14 Fairway Wood is designed for golfers with moderate swing speeds who want to make the game easier and more enjoyable. This lightweight, premium club helps players hit higher, longer, and straighter shots with minimal effort, making it ideal for those seeking improved distance and forgiveness without sacrificing feel or control.</span></p>   <p><strong>The Tech Story</strong></p>   <p><span style=""font-weight: 400;"">The XXIO 14 Hybrid is engineered with advanced technologies to deliver effortless speed, stability, and launch for golfers with moderate swing speeds. Its ActivWing design uses refined crown steps and a larger sole step to harness aerodynamic forces, stabilizing the clubhead during the downswing and guiding the face into an optimal strike position for consistent sweet-spot contact and faster ball speeds. The High Grip Milled Pattern on the toe and heel enhances gear effect and directional control, even on off-center hits or in wet conditions. The innovative Wing Cannon Sole positions a floating weight pad for ideal CG placement, creating high launch and long carry while maintaining face flexibility for added speed on low-face strikes. The Edge Cup Face combines a stiffened edge,(more...)",XXIO
11/19/2025 1:26 pm,XXIO 14 FWG,XXIO 14 Fairway Wood,14,No,Fairway Wood,2025,,,"<p><strong>Who’s It For?</strong></p>   <p><span style=""font-weight: 400;"">The XXIO 14 Fairway Wood is designed for golfers with moderate swing speeds who want to maximize distance and accuracy without sacrificing ease of play. Its lightweight, premium construction helps players generate faster clubhead speed for higher launch and longer, straighter shots, making it ideal for those seeking effortless performance and improved consistency from the fairway or off the tee.</span></p>   <p><strong>The Tech Story</strong></p>   <p><span style=""font-weight: 400;"">The XXIO 14 Fairway Wood combines cutting-edge technologies to maximize speed, stability, and forgiveness for effortless performance. Its ActivWing design uses refined crown steps and a larger sole step to harness aerodynamic forces, stabilizing the clubhead during the downswing and guiding the face into an optimal strike position for consistent sweet-spot contact and faster ball speeds. The High Grip Milled Pattern on the toe and heel delivers superior gear effect and directional control, even on off-center hits or in wet conditions. The innovative CANNON Sole features a floating weight pad that optimizes CG placement for high launch and long carry, while maintaining face flexibility for added speed on low-face strikes. (more...)",XXIO
11/17/2025 3:29 pm,XXIO 14 DVR,XXIO 14 Driver,14,No,Driver,2025,,,"<p><strong>Who’s It For?</strong></p>   <p><span style=""font-weight: 400;"">The XXIO 14 Driver is designed for golfers with moderate swing speeds who want to hit higher, longer, and straighter shots with ease. Featuring a lightweight, premium construction and powered by VR-Titanium, this driver delivers faster ball speeds, exceptional forgiveness, and consistent contact from tee to green—making it ideal for players seeking effortless distance and improved accuracy without sacrificing feel.</span></p>   <p><strong>The Tech Story</strong></p>   <p><span style=""font-weight: 400;"">The XXIO 14 Driver integrates cutting-edge innovations to maximize speed, stability, and forgiveness for effortless performance. At its core is VR-Titanium, a revolutionary alloy infused with silicon that dramatically increases design flexibility, enabling greater face-to-body flex for explosive ball speeds. Complementing this is ULTiFLEX, which optimizes face and body thickness and curvature to expand both the high-speed perimeter and ultra-fast center zone for consistent distance. Aerodynamics are refined with ActivWing, featuring crown and sole steps that stabilize the clubhead during the downswing and guide the face into an ideal strike position for improved accuracy. A High Grip Milled Pattern on (more...)",XXIO
11/14/2025 11:44 am,QUANTUM MINI DVR,Callaway Quantum Mini Driver,Quantum Mini,No,Driver,2026,,,"<p><strong>Who’s It For?</strong></p> <p><span style=""font-weight: 400;""> Designed for golfers who want a more forgiving and versatile option off the tee, the Callaway Quantum Mini Driver is ideal for players who struggle with driver consistency or prefer a reliable fairway‑finder alternative. It’s also a great fit for those who like the idea of replacing or complementing a 3‑wood with something easier to launch, offering confidence‑inspiring control in a compact shape. With the added Step Sole improving turf interaction and making it more playable from the fairway, the Quantum Mini suits anyone looking for a tee‑box weapon that can also be used effectively off the deck.</span></p> <p><strong>The Tech Story</strong></p> <p><span style=""font-weight: 400;"">Powered by a groundbreaking Tri‑Force Face that integrates ultra‑thin titanium, poly mesh, and carbon fiber into a single high‑speed striking platform, the Callaway Quantum Mini Driver delivers exceptional ball speed and distance across a wider portion of the face—even on mis‑hits—using a material combination never before applied in driver design. Its next‑generation AI‑optimized face mapping further refines performance by precisely tuning face flex and energy transfer in every zone, optimizing speed, spin, launch, and accurac(more...)",Callaway
11/14/2025 11:40 am,QUANTUM MAX FAST DVR,Callaway Quantum Max Fast Driver,Quantum Max Fast,No,Driver,2026,,,"<p><strong>Who’s It For?</strong></p> <p><span style=""font-weight: 400;"">Designed for players who benefit from a lighter overall club and want to make speed and launch as effortless as possible, the Callaway Quantum Max Fast Driver is ideal for those seeking a high‑MOI, easy‑to‑swing design that helps generate additional clubhead speed. It’s a great fit for golfers who prefer a shallower face profile for improved launch while still wanting powerful, reliable performance across more of the face through the combination of Tri‑Force Face technology and next‑generation AI‑optimized face mapping.</span></p> <p><strong>The Tech Story</strong></p> <p><span style=""font-weight: 400;"">Driven by a breakthrough Tri‑Force Face that fuses ultra‑thin titanium, poly mesh, and carbon fiber into a single integrated speed system, the Callaway Quantum Max Fast Driver delivers exceptional ball speed and distance—even when strikes drift away from center. Its next‑generation AI‑optimized face design intelligently tunes every impact zone to refine speed, spin, launch, and accuracy based on real swing patterns, ensuring consistent performance across more of the face. The ultra‑light 360° Carbon Chassis further enhances speed potential by freeing additional mass for improved stability, tighter dispersi(more...)",Callaway
11/14/2025 11:37 am,QUANTUM TD MAX DVR,Callaway Quantum Triple Diamond Max Driver,Quantum Triple Diamond Max,No,Driver,2026,,,"<p><strong>Who’s It For?</strong></p> <p><span style=""font-weight: 400;"">Designed for skilled golfers who want tour‑inspired performance with a bit more built‑in forgiveness, the Callaway Quantum Triple Diamond Max Driver best suits players seeking high speed and lower spin in a full‑size 460cc profile. It’s ideal for those who prefer a stable, confidence‑boosting head shape but still demand the precision, workability, and control supported by the Tri‑Force Face and next‑generation AI face mapping.</span></p> <p><strong>The Tech Story</strong></p> <p><span style=""font-weight: 400;"">Powered by the breakthrough Tri‑Force Face—an industry‑first integration of ultra‑thin titanium, poly mesh, and carbon fiber—the Callaway Quantum Triple Diamond Max Driver delivers exceptional ball speed and distance across more of the face, even on off‑center strikes. Its next‑generation AI‑optimized face design intelligently tunes every impact zone to refine speed, spin, launch, and accuracy based on real swing data, ensuring consistent performance and improved stability. A refined 10g Adjustable Perimeter Weighting system allows players to dial in a neutral or fade‑biased setup for personalized shot‑shape control, while the ultra‑light 360° Carbon Chassis frees discretionary mass for tighter disp(more...)",Callaway
11/14/2025 11:26 am,QUANTUM TD DVR,Callaway Quantum Triple Diamond Driver,Quantum Triple Diamond,No,Driver,2026,,,"<p><strong>Who’s It For?</strong></p> <p><span style=""font-weight: 400;"">Designed for skilled golfers who prefer a compact, tour‑inspired driver shape, the Callaway Quantum Triple Diamond Driver is built for players seeking lower spin, enhanced workability, and a penetrating ball flight. It’s ideal for those who want precise speed and control from advanced face technologies and who favor a driver that rewards confident ball striking and the ability to shape shots on demand.</span></p> <p><strong>The Tech Story</strong></p> <p><span style=""font-weight: 400;"">Powered by a groundbreaking Tri‑Force Face that fuses ultra‑thin titanium, poly mesh, and carbon fiber into a single high‑speed structure, the Callaway Quantum Triple Diamond Driver generates exceptional ball speed and stability—even when impact strays from center. Its next‑generation AI‑optimized face design uses advanced modeling to precisely tune every region of the face for ideal speed, spin, launch, and accuracy based on real player impact patterns, delivering consistent performance across the entire hitting surface. A refined 10g weight system allows players to choose neutral or fade-biased settings, perfectly complementing the more compact head shape for shot‑shaping control and confident tee‑box play. The lightweigh(more...)",Callaway
11/14/2025 11:19 am,QUANTUM MAX D DVR,Callaway Quantum Max D Driver,Quantum Max D,No,Driver,2026,,,"<p><strong>Who’s It For?</strong></p> <p><span style=""font-weight: 400;""> Designed for golfers who want effortless launch, maximum forgiveness, and help reducing a slice, the Callaway Quantum Max D Driver is ideal for players seeking a high‑launching, slightly draw‑biased option that boosts speed without giving up control. It best suits those who benefit from added stability and consistency, using technology that works to keep drives straighter while still delivering powerful distance.</span></p> <p><strong>The Tech Story</strong></p> <p><span style=""font-weight: 400;"">Powered by a groundbreaking Tri‑Force Face that layers ultra‑thin titanium, poly mesh, and carbon fiber into a single integrated structure, the Quantum Max D Driver delivers exceptional ball speed and distance even on off‑center strikes—an innovation never before used in driver face design. Its next‑generation AI‑optimized face mapping precisely tunes every section of the face to optimize speed, spin, launch, and accuracy based on real impact data, ensuring consistent performance across the entire hitting surface. To help players reduce slices and promote a more controlled draw, internal heel weighting introduces a subtle draw bias while maintaining high forgiveness. The refined, confidence‑inspiring shape is en(more...)",Callaway
11/14/2025 10:53 am,QUANTUM MAX DVR,Callaway Quantum Max Driver,Quantum Max,No,Driver,2026,,,"<p><strong>Who’s It For?</strong></p> <p><span style=""font-weight: 400;""> Built for players who demand both blistering speed and rock‑solid consistency, the Callaway Quantum Max Driver is ideal for golfers who want complete command off the tee. Featuring a Tri‑Force Face and next‑gen AI‑optimized face mapping, which work together to deliver fast, reliable ball speeds, while built‑in adjustability and a confidence‑inspiring profile help players fine‑tune their performance and take control of every drive.</span></p> <p><strong>The Tech Story</strong></p> <p><span style=""font-weight: 400;"">The Quantum Max Driver packs a full suite of advanced technologies engineered to deliver explosive speed, consistent performance, and personalized control off the tee. Its breakthrough Tri‑Force Face combines ultra‑thin, high‑strength titanium, Poly Mesh, and carbon fiber into a fully integrated speed system—an industry‑first construction that produces exceptional ball speed and distance, even on mis‑hits. Next‑generation AI‑optimized face design takes this further by analyzing how these materials interact, precisely tuning every section of the face to optimize speed, spin, launch, and accuracy based on real impact patterns. A refined 10g APW weight system allows players to dial in neutral or d(more...)",Callaway
11/11/2025 11:59 am,ZXIR HL STS,Srixon ZXiR HL Iron Set,ZXiR HL,No,Iron Set,2026,,,"<p><strong>Who’s It For?</strong></p>   <p><span style=""font-weight: 400;"">The Srixon ZXiR HL Irons are designed for golfers with higher handicaps or slower swing speeds who need help maximizing launch, forgiveness, and stopping power. These irons are built to make it easier to get the ball airborne and land softly on the green, providing confidence and consistency for players who prioritize distance and playability over workability.</span></p>   <p><strong>The Tech Story</strong></p>   <p><span style=""font-weight: 400;"">The Srixon ZXiR HL Irons are engineered to deliver unmatched feel and high-launch performance for game-improvement players. At the core is i-ALLOY, a proprietary material that’s 10% softer than 431 steel, providing exceptional feedback, quieter vibration, and a remarkably soft feel. Leveraging this innovation, Srixon’s MainFrame milling redistributes mass across the face to boost ball speed and forgiveness, with a sweet spot positioned lower to match real impact data for slower swing speeds. Combined with lofts tuned for higher launch and optimized specs, these irons produce towering trajectories, more spin, and softer landings—making them the highest-launching iron in their class. Additional technologies include the Tour V.T. Sole for smooth turf interacti(more...)",Srixon
11/11/2025 11:57 am,ZXIR STS,Srixon ZXiR Iron Set,ZXiR,No,Iron Set,2026,,,"<p><strong>Who’s It For?</strong></p>   <p><span style=""font-weight: 400;"">The Srixon ZXiR irons are designed for mid-to-high handicap golfers who want the perfect blend of forgiveness, distance, and soft feel without sacrificing style. These irons deliver a sleek, performance-driven look while providing the playability and confidence needed to improve consistency and maximize results on the course.</span></p>   <p><strong>The Tech Story</strong></p>   <p><span style=""font-weight: 400;"">The Srixon ZXiR Irons are engineered to deliver an unmatched blend of feel, forgiveness, and confidence through cutting-edge materials and design. At the core is i-ALLOY, a proprietary material that’s 10% softer than 431 steel, providing exceptional feedback, quieter vibration, and a remarkably soft feel unique to the game-improvement category. Leveraging this innovation, Srixon’s MainFrame milling redistributes mass across the face for explosive ball speeds and enhanced forgiveness, with a sweet spot positioned lower to match real-world impact patterns. The irons feature a longer blade length, wider sole, and increased offset for added confidence, while maintaining a sleek cavity-back profile. Performance is further refined by the Tour V.T. Sole for smooth turf interaction, progressive groo(more...)",Srixon
11/5/2025 1:47 pm,M CRAFT KYOTO PUT,Mizuno M Craft Kyoto P Putter,M Craft Kyoto P,No,Putter,2026,,,"<p><strong>Who’s It For?</strong></p> <p><span style=""font-weight: 400;"">Designed for golfers who favor a traditional, tour‑inspired blade with a clean and classic look, the Mizuno M Craft Kyoto P Putter is ideal for players who prefer the stability, square alignment, and familiar flow of a plumber’s‑neck hosel. Its elegant profile suits those who value precision and feel above maximum forgiveness, offering a balanced, responsive design that supports a controlled stroke and confident setup rooted in timeless craftsmanship.</span></p> <p><strong>The Tech Story</strong></p> <p><span style=""font-weight: 400;"">Engineered to unite Mizuno’s legendary forging precision with modern roll‑enhancing performance, the Mizuno M Craft Kyoto P Putter is forged in Japan from Pure Select 1025E Mild Carbon Steel, delivering the exceptionally soft, responsive feel that defines the M.CRAFT City Series. A copper underlay further elevates that signature feedback by refining vibration for a smoother, more satisfying impact sensation, while the deep‑milled face pattern promotes a truer roll and consistent speed control across a variety of green conditions. A thin topline alignment line provides a clean, intuitive aiming reference at address, supporting confident and accurate setup. To accommodate indi(more...)",Mizuno
11/5/2025 1:38 pm,PRO M15 STS,Mizuno Pro M-15 Iron Set,Pro M-15,No,Iron Set,2026,,,"<p><strong>Who’s It For?</strong></p> <p><span style=""font-weight: 400;""> Designed for golfers who want a smooth, confidence‑building progression from long iron to wedge, the Mizuno Pro M-15 Irons suit players seeking higher launch, added forgiveness, and a refined feel without giving up premium craftsmanship. The set is engineered so each section serves a specific purpose, creating seamless transitions in shape and performance, all while maintaining the forged heritage and precision that define the Mizuno Pro line.</span></p> <p><strong>The Tech Story</strong></p> <p><span style=""font-weight: 400;"">The Mizuno Pro M‑15 irons leverage a fully modernized forged design that blends speed, stability, and precision through an integrated multi‑material construction. A compact, tour‑inspired profile with a thin graduated top line delivers maneuverability and a consistent flight, while suspended tungsten weighting—51g in the long irons and 50.3g in the mids—enhances launch and forgiveness without sacrificing shape. The long and mid irons (4–8) feature a hollow body combining a Grain Flow Forged 4135+ Chromoly face with a stainless steel back to maximize rebound and ball speed, further boosted by the advanced Contoured Ellipse Face and CORTECH multi‑thickness geometry. In the scoring cl(more...)",Mizuno
11/5/2025 1:23 pm,JPX ONE HYG,Mizuno JPX One Hybrid,JPX One,No,Hybrid,2026,,,"<p><strong>Who’s It For?</strong></p> <p><span style=""font-weight: 400;""> By applying the same fast, forgiving engineering of the JPX One line to a more compact hybrid shape, the Mizuno JPX One Hybrid is ideal for players who need higher launch, controlled spin, and reliable distance gapping on longer approach shots. Golfers seeking a confidence‑boosting, easy‑launching replacement for their long irons will find the JPX One Hybrid delivers the perfect combination of accuracy and playability.</span></p> <p><strong>The Tech Story</strong></p> <p><span style=""font-weight: 400;"">The Mizuno JPX One Hybrid integrates a suite of advanced technologies to provide long‑iron precision with far greater launch and forgiveness. Its engineered Waffle Crown structure enhances overall face stability while freeing up discretionary mass that can be repositioned lower and deeper in the head—optimizing launch and spin for predictable, high‑flying approach shots. A uniform‑thickness 1.8mm MAS1C steel face works in combination with an improved CORTECH Chamber to generate explosive ball speed across the face, while the Speed Bevel sole ensures clean turf interaction and maintains speed even on low‑face strikes or challenging lies. Offered in 19°, 22°, 25°, and 28° lofts, the JPX One Hybrid delivers a(more...)",Mizuno
11/5/2025 1:17 pm,2026 PRO FLI HI UIR,Mizuno 2026 Pro Fli Hi Utility Iron,2026 Pro Fli Hi,No,Utility Iron,2026,,,"<p><strong>Who’s It For?</strong></p> <p><span style=""font-weight: 400;""> Designed for players who want an easy‑launching, powerful long‑iron replacement that blends naturally into their existing Mizuno Pro setup, the Mizuno 2026 Pro Fli Hi Utility Iron suits golfers seeking tour‑proven performance with added ball speed. It’s ideal for those who prefer a seamless transition into M13, M15, or full iron sets, benefiting from the upgraded 4335+ Nickel Chromoly construction that delivers faster speeds and dependable launch without sacrificing the feel and flow demanded by accomplished players.</span></p> <p><strong>The Tech Story</strong></p> <p><span style=""font-weight: 400;""> Engineered as a powerful, confidence‑building long‑iron replacement, the 2026 Mizuno Pro Fli Hi pairs a compact, tour‑inspired profile with advanced construction technologies to deliver higher launch, faster ball speeds, and cleaner turf interaction. Its hollow body is built from heat‑treated 4335+ Nickel Chromoly, providing ultra‑high strength for elevated speed while maintaining a more pliable body and bendable hosel for precise fitting. Internally, 26 grams of tungsten positioned low in the head significantly boosts launch and stability, while an offset face weld enables a thinner topline and increases f(more...)",Mizuno
11/5/2025 1:03 pm,JPX ONE FWG,Mizuno JPX One Fairway Wood,JPX One,No,Fairway Wood,2026,,,"<p><strong>Who’s It For?</strong></p> <p><span style=""font-weight: 400;"">Built for golfers who want fast, effortless distance paired with high forgiveness and a playable, confidence‑inspiring trajectory, the Mizuno JPX One Fairway Wood is crafted to elevate every swing. Built on decades of Mizuno engineering and innovation, it’s ideal for players seeking a fairway wood that launches easily, delivers strong ball speed across the face, and maintains the smooth, solid feel Mizuno is known for.</span></p> <p><strong>The Tech Story</strong></p> <p><span style=""font-weight: 400;"">The Mizuno JPX One Fairway Wood blends advanced materials and precision engineering to deliver faster ball speed, higher launch, and outstanding consistency from any lie. It’s re‑engineered CORTECH Chamber strategically varies the internal gap between the sole and chamber wall, increasing face flexion toward the toe and heel to boost energy transfer across the entire hitting surface without sacrificing center‑strike performance. A wrap‑around composite crown removes weight from high in the head, lowering the center of gravity for easier launch and reduced spin, while the multi‑thickness MAS1C steel face pushes COR performance to its peak. Rounding out the design, the Speed Bevel sole improves turf interacti(more...)",Mizuno
11/5/2025 11:42 am,JPX ONE SELECT DVR,Mizuno JPX One Select Driver,JPX One Select,No,Driver,2026,,,"<p><strong>Who’s It For?</strong></p> <p><span style=""font-weight: 400;"">Building on decades of innovation, the JPX One range represents a landmark in Mizuno’s engineering journey, the culmination of every breakthrough since the brand’s first metalwood in 1982. At the forefront is the JPX One Driver, the world’s first to feature NANOALLOY™ face technology. The JPX One Select delivers a more compact, tour-preferred shape with a neutral-to-fade bias, built for confident ball-strikers who want the power to shape shots and take dead aim.</span></p> <p><strong>The Tech Story</strong></p> <p><span style=""font-weight: 400;"">The Mizuno JPX One Select Driver integrates Mizuno’s most advanced face technologies into a compact, tour‑preferred head designed for precision players. Its groundbreaking NANOALLOY™ face—developed with materials leader Toray—uses microscopic polymer dispersion to dynamically adjust elasticity at impact, storing and releasing more energy than traditional titanium or composite faces to deliver exceptional ball speed across a wider hitting zone. This innovation pairs with a newly engineered CORTECH Face, now up to 0.35mm thinner and expanding the high‑speed CORAREA by over 15% compared to the ST‑MAX, producing faster, longer, and more consistent results in robotic t(more...)",Mizuno
11/3/2025 3:55 pm,JPX ONE DVR,Mizuno JPX One Driver,JPX One,No,Driver,2026,,,"<p><strong>Who’s It For?</strong></p> <p><span style=""font-weight: 400;""> Building on decades of innovation, the JPX One range represents a landmark in Mizuno’s engineering journey, the culmination of every breakthrough since the brand’s first metalwood in 1982. At the forefront is the JPX One Driver, the world’s first to feature NANOALLOY™ face technology. The JPX One Driver features a slightly larger footprint for higher stability and straighter ball flight, perfect for golfers who want the ultimate blend of power, stability, and effortless accuracy.</span></p> <p><strong>The Tech Story</strong></p> <p><span style=""font-weight: 400;"">The Mizuno JPX One Driver showcases a breakthrough fusion of advanced materials and precision engineering, highlighted by its revolutionary NANOALLOY™ face developed in partnership with Toray. This cutting‑edge material uses microscopic polymer dispersion to dynamically adjust elasticity at impact, storing and releasing significantly more energy than traditional titanium or composite faces to deliver exceptional ball speeds across a larger hitting area. Paired with a newly refined CORTECH Face—now up to 0.35mm thinner and expanding the CORAREA by more than 15% compared to the ST‑MAX—the JPX One achieves faster, longer, and more consistent perfor(more...)",Mizuno
11/3/2025 3:33 pm,ANTIDOTE SB5 PUT,Bettinardi Antidote SB5 Putter,Antidote SB5,No,Putter,2025,,,"<p><strong>Who’s It For?</strong></p>   <p><span style=""font-weight: 400;"">The Bettinardi Antidote SB5 Putter is designed for golfers who prioritize stability, control, and consistency on the greens. Its Simply Balanced™ “zero torque” technology ensures the putter face stays square throughout the stroke, regardless of swing path, making it ideal for players seeking a smooth, repeatable motion. By perfectly aligning the shaft with the Center of Gravity, the SB5 delivers dynamic balance and confidence for golfers who want precision and reliability in every putt.</span></p>   <p><strong>The Tech Story</strong></p>   <p><span style=""font-weight: 400;""> The Bettinardi Antidote SB5 Putter integrates advanced engineering and premium craftsmanship to deliver unmatched performance on the green. At its core is Simply Balanced™ Zero-Torque Technology, featuring a precisely milled 303 Stainless Steel body and face with the Center of Gravity perfectly aligned to create a zero-torque head. This design ensures the putter remains naturally square and on path throughout the stroke for superior stability and accuracy. The F.I.T. Face™ (Feel Impact Technology) milling removes 55% of the face material, producing a soft, responsive feel at impact, while the Diamond Blast Finish enhances durabil(more...)",Bettinardi
11/3/2025 3:31 pm,ANTIDOTE SB3 PUT,Bettinardi Antidote SB3 Putter,Antidote SB3,No,Putter,2025,,,"<p><strong>Who’s It For?</strong></p>  <p><span style=""font-weight: 400;"">The Bettinardi Antidote SB3 Putter is designed for golfers who prioritize stability, control, and consistency on the greens. Featuring Bettinardi’s first-generation Simply Balanced™ “zero torque” technology, this putter is ideal for players seeking a perfectly square face throughout the stroke, regardless of swing path. By aligning the shaft with the center of gravity, the SB3 maintains dynamic balance for a smooth, repeatable motion, making it a great choice for golfers who want ultimate confidence and precision in their putting game.</span></p>  <p><strong>The Tech Story</strong></p>  <p><span style=""font-weight: 400;"">The Bettinardi Antidote SB3 Putter is precision-engineered with Simply Balanced™ Zero-Torque Technology, featuring a 303 Stainless Steel body and face that perfectly centers the CoG for a naturally square, on-path stroke from start to finish. Its exclusive F.I.T. (Feel Impact Technology) Face™ milling removes 55% of the face material, delivering a remarkably soft and responsive feel at impact. A Diamond Blast finish on the face and striking Sapphire Blue body provide a premium aesthetic, while top-tier components—including a Chrome Tour Grade shaft, custom Lamkin grip, and Antidote serie(more...)",Bettinardi
10/30/2025 10:41 am,G440 MAX K DVR,Ping G440 K Driver,G440 K,No,Driver,2026,,,"<p><strong>Who’s It For?</strong></p> <p><span style=""font-weight: 400;"">Building on the proven success of the G440 lineup, the Ping G440 K Driver features Ping’s highest‑MOI adjustable design to help players keep the ball straighter, even when contact isn’t perfect. Its hotter face adds valuable ball speed for golfers seeking more distance without giving up forgiveness, making it an ideal choice for anyone who wants reliable power and maximum consistency swing after swing.</span></p> <p><strong>The Tech Story</strong></p> <p><span style=""font-weight: 400;"">The Ping G440 K Driver integrates a full suite of advanced technologies to deliver explosive speed, forgiveness, and optimized launch performance. Its Dual Carbonfly Wrap design replaces traditional materials in the crown and sole with lightweight carbon, shifting mass lower and deeper to promote higher launch and ideal spin. The forged T9S+ face is engineered for increased flexing, producing faster ball speeds and more forgiveness across the entire hitting area. A 32‑gram moveable backweight allows golfers to fine‑tune CG position for maximum stability and shot‑shape control, while carefully engineered sole ribs and a crown bridge create a muted, pleasing sound at impact. Built around a cast Ti 811 body and featuring a hea(more...)",Ping
10/30/2025 10:19 am,S259 MIDNIGHT WGS,Ping s259 Midnight Wedge,s259 Midnight,No,Wedge,2026,,,"<p><strong>Who’s It For?</strong></p> <p><span style=""font-weight: 400;"">With its Tour‑preferred look, sound, and feel, the Ping s259 Midnight Wedges are nothing short of elite. Building on the proven, high‑spin performance of the s159 series, the s259 takes control to the next level with refined grinds and expanded loft options that let players attack every lie and every shot with confidence. Its precision‑milled, wheel‑cut grooves—engineered uniquely for each loft—deliver maximized spin whether you’re taking a full swing, clipping a pitch, or finessing a tight‑lie breaker. Designed for golfers who demand sharper precision, aggressive spin, and tour‑level versatility in their short game.</span></p> <p><strong>The Tech Story</strong></p> <p><span style=""font-weight: 400;"">The Ping s259 Midnight Wedge blends precision‑engineered performance with a sleek, anti‑glare finish, offering golfers a finely tuned scoring tool for every shot around the green. Its wheel‑cut grooves are precision‑milled to loft‑specific dimensions: lower lofts (46°–52°) use wider 20‑degree sidewalls for maximum groove volume and control on full swings, while higher lofts (54°–62°) feature tightly spaced MicroMax grooves and a friction‑enhancing face blast to generate consistent launch and high spin on deli(more...)",Ping
10/29/2025 1:59 pm,S259 CHROME WGS,Ping s259 Chrome Wedge,s259 Chrome,No,Wedge,2026,,,"<p><strong>Who’s It For?</strong></p> <p><span style=""font-weight: 400;"">With its Tour‑preferred look, sound, and feel, the Ping s259 Chrome Wedges are nothing short of elite. Building on the proven, high‑spin performance of the s159 series, the s259 takes control to the next level with refined grinds and expanded loft options that let players attack every lie and every shot with confidence. Its precision‑milled, wheel‑cut grooves—engineered uniquely for each loft—deliver maximized spin whether you’re taking a full swing, clipping a pitch, or finessing a tight‑lie breaker. Designed for golfers who demand sharper precision, aggressive spin, and tour‑level versatility in their short game.</span></p> <p><strong>The Tech Story</strong></p> <p><span style=""font-weight: 400;""> The Ping s259 Chrome Wedge is packed with advanced short‑game engineering, starting with precision‑milled, wheel‑cut grooves that are uniquely optimized by loft to deliver maximum spin and control from any distance. Lower‑lofted models (46°–52°) feature wider 20‑degree sidewall grooves to increase volume for powerful, controlled full shots, while the higher lofts (54°–62°) use tightly spaced MicroMax grooves and a friction‑enhancing face blast for exceptional launch and spin precision on finesse shots. Ping fu(more...)",Ping
10/23/2025 3:51 pm,FASTBACK OC PUT,Titleist Scotty Cameron Studio Style Fastback OC Putter,Studio Style Fastback OC,No,Putter,2025,,,"<p><strong>Who’s It For?</strong></p> <p><span style=""font-weight: 400;"">The Titleist Scotty Cameron Studio Style Fastback OC Putter is designed for golfers seeking a mid-mallet putter that delivers low-torque performance and an exceptional feel. Its unique Onset Center (OC) shaft position—set back of the leading edge and in line with the center of gravity—is ideal for players who want to minimize torque and achieve a simplified putting stroke that promotes a square-to-the-path delivery. The putter's design, which includes a ring-weighted mid-mallet footprint, high-contrast alignment, and a precise alignment sight line, targets golfers looking for stability, enhanced alignment, and better feedback from a premium construction of stainless steel and aircraft aluminum with a carbon steel face insert.</span></p> <p><strong>The Tech Story</strong></p> <p><span style=""font-weight: 400;"">The Titleist Scotty Cameron Studio Style Fastback OC Putter incorporates a low-torque design achieved by positioning the shaft onset from the leading edge and aligning it with the putter head's front-to-back Center of Gravity (CG), a feature specifically engineered to minimize torque and provide a square feel for golfers who want to eliminate face rotation. For a traditional feel and feedback, the Fa(more...)",Titleist Scotty Cameron
10/23/2025 3:50 pm,PHANTOM 11R OC PUT,Titleist Scotty Cameron Phantom 11R OC Putter,Phantom 11R OC,No,Putter,2025,,,"<p><strong>Who’s It For?</strong></p> <p><span style=""font-weight: 400;"">The Titleist Scotty Cameron Phantom 11R OC Putter is specifically designed for golfers seeking a stable, high-Moment of Inertia (MOI) mallet that helps minimize face rotation and simplify the putting stroke. This putter is ideal for players who desire the low-torque performance achieved by the ""Onset Center"" shaft position—set back from the leading edge and in line with the Center of Gravity—to promote a square-to-the-path delivery. Built on the multi-material Phantom 11 platform, the 11R shape offers softer, rounded edges and a full chain-link milled face for exceptional feel and feedback, ultimately catering to those who prefer a tour-inspired, high-stability mallet with a clear, single alignment line that extends back to the shaft.</span></p> <p><strong>The Tech Story</strong></p> <p><span style=""font-weight: 400;"">The Titleist Scotty Cameron Phantom 11R OC Putter utilizes a key low-torque design feature where the shaft placement is set back from the leading edge (Onset) and aligns with the putter head's front-to-back Center of Gravity (Center), which is engineered to minimize torque and promote a square face at impact. To ensure a traditional feel and feedback, the Phantom 11R OC model employs Scotty (more...)",Titleist Scotty Cameron
10/16/2025 11:21 am,TRI HOT S2S JLBRD CRUISER PUT,Odyssey Tri-Hot Square 2 Square Jailbird Cruiser Putter,Tri-Hot Square 2 Square Jailbird Cruiser,No,Putter,2025,,,"<p><strong>Who’s It For?</strong></p> <p><span style=""font-weight: 400;"">The Odyssey Tri-Hot Square 2 Square Jailbird Cruiser Putter is designed for golfers who favor the Tour-validated, classic shaping of the Jailbird but require the added stability of a longer ""Cruiser"" configuration. It caters to players looking for a highly successful putter that offers enhanced control and an easier path to performance. By leveraging multi-material construction to move the Center of Gravity (CG) far forward, the putter allows the shaft to enter the head on the topline. This revolutionary technology eliminates the need for shaft lean, thereby making the benefits of the ""Zero Torque"" category accessible to players who prefer a longer, more stable putter setup.</span></p> <p><strong>The Tech Story</strong></p> <p><span style=""font-weight: 400;"">The Odyssey Tri-Hot Square 2 Square Jailbird Cruiser Putter is engineered for ""Zero Torque"" stability, particularly for players preferring a longer setup. Its foundation is a Multi-Material Construction using Aluminum, Steel, and over 140 grams of tungsten to position more than 80% of the weight below the topline, enabling a radical Forward Center of Gravity (CG). This forward CG allows the hosel spud to be placed on the topline, closer to the face, e(more...)",Odyssey
10/16/2025 11:16 am,TRI HOT S2S JAILBIRD PUT,Odyssey Tri-Hot Square 2 Square Jailbird Putter,Tri-Hot Square 2 Square Jailbird,No,Putter,2025,,,"<p><strong>Who’s It For?</strong></p> <p><span style=""font-weight: 400;"">The Odyssey Tri-Hot Square 2 Square Jailbird Putter is designed for golfers who desire the Tour-proven, classic shaping of the extremely popular Jailbird model while benefiting from a revolutionary approach to ""Zero Torque"" performance. By employing multi-material construction to move the Center of Gravity (CG) far forward, the design allows the shaft to enter the head on the topline. This key innovation removes the necessity for shaft lean, effectively eliminating a significant barrier to entry, and making the high performance of this style of putter accessible to a wider range of players.</span></p> <p><strong>The Tech Story</strong></p> <p><span style=""font-weight: 400;"">The Odyssey Tri-Hot Square 2 Square Jailbird Putter utilizes a comprehensive technology suite to revolutionize the ""Zero Torque"" category, starting with Multi-Material Construction that strategically uses Aluminum, Steel, and over 140 grams of tungsten. This strategic weighting ensures more than 80% of the mass resides under the topline, enabling a radical Forward Center of Gravity (CG) shift. This CG placement allows the hosel spud to be positioned on the topline, closer to the face than typical ""Zero Torque"" designs, resulting in a m(more...)",Odyssey
10/10/2025 11:08 am,2026 EXOTICS B TI UIR,Tour Edge 2026 Exotics Black Ti Utility Iron,2026 Exotics Black Ti,No,Utility Iron,2025,,,"<p><strong>Who’s It For?</strong></p> <p><span style=""font-weight: 400;"">The Tour Edge 2026 Exotics Black Ti Utility Iron is designed for skilled golfers who need a forgiving replacement for their traditional long irons, but still demand the control and precision associated with an iron. This club is perfect for players who want to blend the shot-shaping precision and accuracy of an iron with the explosive distance and ball speed typically found in a metalwood, offering a reliable and high-performance option off the tee or from the fairway, in a premium Black Pearl finish.</span></p> <p><strong>The Tech Story</strong></p> <p><span style=""font-weight: 400;"">The Tour Edge 2026 Exotics Black Ti Utility Iron is engineered for a powerful blend of distance and forgiveness, centered on its multi-material construction. The core technology is the Beta Titanium L-Cup Face, which is fused to a 431-steel body using Combo-Brazing Technology. This brazing process joins the titanium face to the steel body without welding, saving weight, optimizing the Center of Gravity (CG), and enhancing energy transfer for explosive ball speed and consistent power across the entire face. The L-Cup design itself creates a hinge-like effect at impact, boosting face flex. This assembly is built into a Hollow (more...)",Tour Edge
9/30/2025 10:52 am,ANTIDOTE SB2 LONG PUT,Bettinardi Antidote SB2 Long Putter,Antidote SB2 Long,No,Putter,2025,,,"<p><strong>Who’s It For?</strong></p> <p><span style=""font-weight: 400;"">The Bettinardi Antidote SB2 Long Putter is designed for golfers who favor a mallet-style head but prefer a moderate size to achieve an optimal blend of forgiveness and feel. Specifically, it targets players who utilize a straight-back-straight-through putting stroke, as its face-balanced design works to minimize face rotation. This makes it an ideal choice for golfers who tend to struggle with an arcing path or have inconsistent face rotation, providing a stable platform for a more reliable and consistent roll.</span></p> <p><strong>The Tech Story</strong></p> <p><span style=""font-weight: 400;"">The Bettinardi Antidote SB2 Long Putter is engineered with Simply Balanced™ Zero-Torque Technology, which precisely positions the Center of Gravity (CoG) at the dead center of the club head. This design creates a zero-torque head that is inherently stable, naturally staying on the correct path and remaining square through the entire stroke, ensuring consistency. The putter is milled from 303 Stainless Steel and features Bettinardi's exclusive F.I.T. Face™ (Feel Impact Technology) Face Milling, which removes 55% of the face material to deliver an exceptionally soft and responsive feel at impact. Aesthetically, it sh(more...)",Bettinardi
9/30/2025 9:03 am,MX SPEED METAL STS,Mizuno MX Speed Metal Iron Set,MX Speed Metal,No,Iron Set,2025,,,"<p><strong>Who’s It For?</strong></p> <p><span style=""font-weight: 400;"">The Mizuno MX Speed Metal Irons are designed for golfers looking to maximize their clubhead speed and achieve greater distance with confidence, without sacrificing the feel and control that comes with Mizuno's premium craftsmanship. They are suited for players who believe in the quality of their game and want a cutting-edge design, backed by a history of innovation, to deliver explosive results and precision on the course. The irons target those who value a blend of power and control in their game.</span></p> <p><strong>The Tech Story</strong></p> <p><span style=""font-weight: 400;"">The Mizuno MX Speed Metal Irons integrate several advanced technologies to optimize performance and feel. Key to its design is the Seamless Cup Face, which facilitates a deeper center of gravity for a higher, more controllable ball flight and allows the leading edge to act as a hinge, significantly boosting ball speed. This speed is further enhanced by the new CORTEC Face, engineered for maximum efficiency and ensuring consistent ball speed across the largest possible area of the clubface. For the signature Mizuno feel, the irons incorporate Harmonic Impact Technology (HIT) Design with Sound Ribs, utilizing sound ribs across th(more...)",Mizuno
9/29/2025 3:09 pm,2026 EXOTICS CB STS,Tour Edge 2026 Exotics CB Iron Set,2026 Exotics CB,No,Iron Set,2025,,,"<p><strong>Who’s It For?</strong></p> <p><span style=""font-weight: 400;"">The Tour Edge 2026 Exotics CB Irons are specifically designed for skilled ball strikers who appreciate the traditional feedback and workability of a classic forged feel, but also desire the benefit of added forgiveness to improve playability on off-center hits.</span></p> <p><strong>The Tech Story</strong></p> <p><span style=""font-weight: 400;"">The Tour Edge 2026 Exotics CB Irons are a masterful blend of classic forging and modern performance technology, starting with their foundation: a Forged Construction from a single billet of 1025 carbon steel, which is then CNC-Milled for precise consistency, a soft feel, and meticulously optimized face grooves and cavity geometry for superior spin control. This tour-inspired design features a Precision-Milled Cavity Back that, with a slightly thicker topline than the MB model, significantly enhances forgiveness on off-center strikes without sacrificing the workability and feel desired by ball strikers. Key to its performance is the proprietary VIBRCOR Technology, a high-grade TPU compound injected into the head that acts as a vibration-dampener for an incredibly soft yet solid feel, while simultaneously boosting ball speed and perimeter weighting. Specifically, the(more...)",Tour Edge
9/29/2025 3:05 pm,2026 EXOTICS MB STS,Tour Edge 2026 Exotics MB Iron Set,2026 Exotics MB,No,Iron Set,2025,,,"<p><strong>Who’s It For?</strong></p> <p><span style=""font-weight: 400;"">The Tour Edge 2026 Exotics MB Irons are specifically designed for elite ball strikers who prioritize total control and an exceptionally pure feel in their golf clubs. These irons are made for highly skilled players who demand the ability to precisely shape their shots and require immediate feedback from impact to execute demanding shots with precision.</span></p> <p><strong>The Tech Story</strong></p> <p><span style=""font-weight: 400;"">The Tour Edge 2026 Exotics MB Irons are a true player's club, built using forged construction & CNC-milled precision, where each head is crafted from a single billet of 1025 carbon steel to ensure precise consistency and a soft, responsive feel, with meticulously machined face grooves to optimize spin control. The tour-inspired muscleback shaping is a modern blade refined with direct tour input, offering elite-level workability, a compact profile at address, and a sharp leading edge to promote clean, ball-first contact. Crucially, the iron incorporates Vibrcor technology, a proprietary high-grade TPU compound, with the Vibrcor channel positioned close to the face to deliver a solid feel and excellent feedback at impact. This Vibrcor application dampens unwanted vibration, w(more...)",Tour Edge
9/29/2025 3:00 pm,2026 EXOTICS LITE FWG,Tour Edge 2026 Exotics Lite Fairway Wood,2026 Exotics Lite,No,Fairway Wood,2025,,,"<p><strong>Who’s It For?</strong></p> <p><span style=""font-weight: 400;"">The Tour Edge 2026 Exotics Lite Fairway Wood is designed for golfers seeking ease of use and maximum speed in a minimal effort package. It is an ideal choice for players with moderate to slower swing speeds who prioritize easy launch and effortless distance. The club's ultra-lightweight setup is specifically engineered to help these players generate higher clubhead speed, making it easier to get the ball airborne and achieve greater overall distance with less fatigue.</span></p> <p><strong>The Tech Story</strong></p> <p><span style=""font-weight: 400;"">The Tour Edge 2026 Exotics Lite Fairway Wood is engineered for maximum speed and effortless launch, featuring an Ultra-Lightweight Design with a head that is 5% lighter than standard, weighing only 205g for the 3-wood, and paired with a 40g shaft and a 42g grip to create a D-Zero swing weight that is optimized for dramatically increasing swing speed. The club employs Carbon Crown Construction to strategically place lightweight, high-strength carbon fiber low and deep, which is crucial for enhancing stability and launch consistency. Its MOI+ Design boasts an 8% larger profile than the Max model and a lower, more rearward Center of Gravity (CG) to maximize Mom(more...)",Tour Edge
9/29/2025 3:00 pm,2026 EXOTICS LITE DVR,Tour Edge 2026 Exotics Lite Driver,2026 Exotics Lite,No,Driver,2025,,,"<p><strong>Who’s It For?</strong></p> <p><span style=""font-weight: 400;"">The Tour Edge 2026 Exotics Lite Driver is specifically tailored for moderate swing speed players. It is designed for golfers seeking easy launch, a mid-spin profile, and effortless distance. This makes it an ideal choice for players who need assistance in getting the ball airborne easily and maximizing yardage without requiring high swing speeds.</span></p> <p><strong>The Tech Story</strong></p> <p><span style=""font-weight: 400;"">The Tour Edge 2026 Exotics Lite Driver is engineered for maximum speed and forgiveness, starting with an Ultra-Lightweight Design—the 195g head is 5% lighter than standard, and when paired with a 40g shaft and 42g grip, achieves a D-Zero swing weight engineered to dramatically increase swing speed for moderate players. Like the Max model, it features 10K MOI Forgiveness in its 460cc head, with a combined Moment of Inertia above 10,000g-cm² that ensures exceptional stability and straight, accurate drives. This forgiveness is built upon Full Carbon Construction for weight redistribution, Pyramid Face Technology for increased ball speed across the face, and 360º Ridgeback Technology (a titanium chassis) for structural support. To combat a common miss, Anti-Slice Technology uses extr(more...)",Tour Edge
9/29/2025 2:58 pm,2026 EXOTICS MAX FWG,Tour Edge 2026 Exotics Max Fairway Wood,2026 Exotics Max,No,Fairway Wood,2025,,,"<p><strong>Who’s It For?</strong></p> <p><span style=""font-weight: 400;"">The Tour Edge 2026 Exotics Max Fairway Wood is designed for golfers of all skill levels who are primarily looking for enhanced forgiveness and consistent distance across the entire clubface. This makes it an ideal choice for players who want to reduce the impact of off-center hits, ensuring their shots fly straighter and maintain similar distance even when they don't strike the ball perfectly, promoting more reliable and predictable results on the course.</span></p> <p><strong>The Tech Story</strong></p> <p><span style=""font-weight: 400;"">The Tour Edge 2026 Exotics Max Fairway Wood is engineered for maximum forgiveness and distance through a combination of sophisticated technologies. Its Carbon Crown Construction utilizes lightweight, high-strength carbon fiber to strategically redistribute mass low and deep, significantly boosting Moment of Inertia (MOI), stability, and launch consistency. The larger 450 stainless steel body paired with a high-strength 475 stainless steel face features new Pyramid Face Technology which selectively removes face weight to create a larger sweet spot and maximize ball speed, especially on off-center hits. The clubhead's perimeter is reinforced by the 360° Ridgeback Technolog(more...)",Tour Edge
9/29/2025 2:57 pm,2026 EXOTICS MAX DVR,Tour Edge 2026 Exotics Max Driver,2026 Exotics Max,No,Driver,2025,,,"<p><strong>Who’s It For?</strong></p> <p><span style=""font-weight: 400;"">The Tour Edge 2026 Exotics Max Driver is designed for golfers who prioritize maximum forgiveness and consistent distance, particularly on off-center strikes. With its confidence-inspiring design and 10K MOI, this driver is the perfect solution for players who need maximum accuracy across the entire face. It is the ideal choice for golfers who want a reliable and forgiving driver that minimizes the distance loss typically associated with mis-hits.</span></p> <p><strong>The Tech Story</strong></p> <p><span style=""font-weight: 400;"">The Tour Edge 2026 Exotics Max Driver achieves its exceptional forgiveness and distance through a suite of integrated technologies, built around an industry-leading 10K MOI Forgiveness platform, with a combined Moment of Inertia exceeding 10,000g-cm² in the 460cc head to severely reduce head twisting on off-center hits. Its construction features Full Carbon Construction, which increases the use of carbon fiber by up to 80% to strategically redistribute mass to the head's perimeter, maximizing forgiveness. This is reinforced by 360º Ridgeback Technology, a titanium chassis that fortifies the head's perimeter for power and structural integrity. Ball speed is enhanced by Pyramid Fac(more...)",Tour Edge
9/29/2025 2:50 pm,2026 EXOTICS MAX STS,Tour Edge 2026 Exotics Max Iron Set,2026 Exotics Max,No,Iron Set,2025,,,"<p><strong>Who’s It For?</strong></p> <p><span style=""font-weight: 400;"">The Tour Edge 2026 Exotics Max Irons are designed for game-improvement golfers whose primary goal is achieving maximum forgiveness and consistent distance across the entire club face. Featuring a clean, confidence-inspiring look, they are intended for players who prioritize ease of use and reliable yardage, especially on shots that miss the sweet spot. This design delivers higher launch, faster ball speeds, and the consistency and accuracy needed to help golfers hit more greens.</span></p> <p><strong>The Tech Story</strong></p> <p><span style=""font-weight: 400;"">The Tour Edge 2026 Exotics Max Irons are engineered for maximum distance and forgiveness, centering around the proprietary VIBRCOR Technology, a high-grade TPU compound injected into the head to dampen unwanted vibration, enhance feel, amplify ball speed, and increase perimeter weighting for a solid, powerful strike. Boosting this distance is the innovative Pyramid Face Technology, which utilizes over 100 interwoven pyramid shapes with three different 3D thicknesses to maximize ball speed and significantly expand the sweet spot, increasing forgiveness and speed, particularly on heel and toe strikes. The 360° Undercut Design in the one-piece steel (more...)",Tour Edge
9/29/2025 2:47 pm,2026 EXOTICS MAX HYG,Tour Edge 2026 Exotics Max Hybrid,2026 Exotics Max,No,Hybrid,2025,,,"<p><strong>Who’s It For?</strong></p> <p><span style=""font-weight: 400;"">The Tour Edge 2026 Exotics Max Hybrid is designed for golfers of all skill levels who are looking for a highly forgiving and reliable alternative to long irons. It is the ideal club for players who struggle to achieve consistent height and distance with their traditional long irons, as this hybrid is specifically engineered to deliver a high-launching ball flight and maximum forgiveness, making it an excellent, easy-to-hit long-iron replacement.</span></p> <p><strong>The Tech Story</strong></p> <p><span style=""font-weight: 400;"">The Tour Edge 2026 Exotics Max Hybrid is engineered for enhanced forgiveness and consistent launch, utilizing sophisticated mass management technologies. Key to its performance is the Carbon Crown Construction, which uses lightweight, high-strength carbon fiber to strategically shift mass low and deep within the head, thus improving stability, forgiveness, and launch consistency for greater distance. This design contributes to the MOI+ Design framework, where the hybrid's larger head shape is combined with a low, rearward Center of Gravity (CG) to maximize the Moment of Inertia (MOI), which significantly improves overall accuracy and tightens shot dispersion on off-center hits. Fi(more...)",Tour Edge
9/29/2025 2:45 pm,2026 EXOTICS LS FWG,Tour Edge 2026 Exotics LS Fairway Wood,2026 Exotics LS,No,Fairway Wood,2025,,,"<p><strong>Who’s It For?</strong></p> <p><span style=""font-weight: 400;"">The Tour Edge 2026 Exotics LS Fairway Wood is specifically designed for the skilled golfer with a higher swing speed. This player profile is looking for a club that offers elite workability, allowing them to intentionally shape their shots for strategic ball flight. Crucially, the LS model is engineered to provide low-spin control, which is essential for maximizing distance and penetrating ball flight for faster-swinging players.</span></p> <p><strong>The Tech Story</strong></p> <p><span style=""font-weight: 400;"">The Tour Edge 2026 Exotics LS Fairway Wood is engineered for high-speed players seeking low spin and maximum distance, employing a sophisticated Multi-Material Construction that includes a one-piece 6-4 titanium body and a strong 8-1-1 titanium face, along with a lightweight Carbon Crown to maximize energy transfer and ball speed. Key to its performance is the revolutionary RyzerSole Technology, which utilizes an 80g fixed tungsten weight to push mass low and forward, effectively minimizing turf drag and promoting an optimal combination of high launch and low spin. The club's perimeter is structurally supported by 360° Ridgeback Technology for explosive face flex, while Pyramid Face Technology fi(more...)",Tour Edge
9/29/2025 2:44 pm,2026 EXOTICS LS DVR,Tour Edge 2026 Exotics LS Driver,2026 Exotics LS,No,Driver,2025,,,"<p><strong>Who’s It For?</strong></p> <p><span style=""font-weight: 400;"">The Tour Edge 2026 Exotics LS Driver is designed for high-speed players who want to achieve maximum control and a penetrating ball flight. As the lowest spinning offering in the Exotics lineup, its construction is specifically tailored to meet the demanding requirements of faster swingers by minimizing spin. This design helps high-speed players achieve the ideal launch conditions, translating to both greater distance and enhanced accuracy.</span></p> <p><strong>The Tech Story</strong></p> <p><span style=""font-weight: 400;"">The Tour Edge 2026 Exotics LS Driver is engineered for high-speed players seeking low spin, maximum control, and a penetrating ball flight, delivering on the line's foundation of explosive distance and industry-leading forgiveness. This model features a compact, tour-style 440cc head with a deeper face, yet achieves best-in-class MOI by utilizing Full Carbon Construction, which increases carbon fiber content by 50–80% to strategically shift weight to the perimeter. Core to its power is the 360º Ridgeback Technology, a titanium chassis that reinforces the head for structural support and increased power, paired with Pyramid Face Technology to boost ball speed across the entire face, espec(more...)",Tour Edge
9/29/2025 2:42 pm,2026 EXOTICS TI UIR,Tour Edge 2026 Exotics Ti Utility Iron,2026 Exotics Ti,No,Utility Iron,2025,,,"<p><strong>Who’s It For?</strong></p> <p><span style=""font-weight: 400;"">The Tour Edge 2026 Exotics Ti Utility Iron is designed for skilled golfers who need a forgiving replacement for their traditional long irons, but still demand the control and precision associated with an iron. This club is perfect for players who want to blend the shot-shaping precision and accuracy of an iron with the explosive distance and ball speed typically found in a metalwood, offering a reliable, controllable, and high-performance option off the tee or from the fairway.</span></p> <p><strong>The Tech Story</strong></p> <p><span style=""font-weight: 400;"">The Tour Edge 2026 Exotics Ti Utility Iron is engineered for a powerful blend of distance and forgiveness, centered on its multi-material construction. The core technology is the Beta Titanium L-Cup Face, which is fused to a 431-steel body using Combo-Brazing Technology. This brazing process joins the titanium face to the steel body without welding, saving weight, optimizing the Center of Gravity (CG), and enhancing energy transfer for explosive ball speed and consistent power across the entire face. The L-Cup design itself creates a hinge-like effect at impact, boosting face flex. This assembly is built into a Hollow Body Design, which enables max(more...)",Tour Edge
9/5/2025 1:39 pm,SHOGUN RED DST,Accra Shogun Red Driver Shaft,Shogun Red,No,Driver Shaft,2024,,,"<p><strong>Who’s It For?</strong></p> <p><span style=""font-weight: 400;"">The Accra Shogun Red Driver Shaft is designed for golfers with aggressive swings who prioritize stability and a smooth feel. It lives up to the legacy of the ""GOAT"" ACCRA shaft, the SE 80, and is built for stability from top to bottom. This shaft is a great option for those seeking a highly stable shaft without sacrificing the signature smooth feel that ACCRA is known for.</span></p> <p><strong>The Tech Story</strong></p> <p><span style=""font-weight: 400;"">The 2024 Accra Shogun driver shaft series represents a significant leap in golf shaft technology, designed to optimize launch conditions, increase clubhead speed, and promote more consistent center strikes. The line features a constant taper design across three unique profiles, which allows for precise club fitting to optimize a golfer's low point for improved accuracy and ball speed. At the heart of its construction is the new ""ACCelaron MX"" material, an ultra-lightweight 5K composite from Toray Japan that combines high modulus and high elasticity. This material ensures rapid recovery and minimizes ovaling, which leads to exceptional speed, stability, and feel. Additionally, the shaft incorporates ""Tornado Material Stabilization"" (TMS), a manufacturing(more...)",Accra
9/5/2025 1:35 pm,SHOGUN GREEN DST,Accra Shogun Green Driver Shaft,Shogun Green,No,Driver Shaft,2024,,,"<p><strong>Who’s It For?</strong></p> <p><span style=""font-weight: 400;"">The Accra Shogun Green Driver Shaft is designed for golfers with a smooth transition in their swing. It features a responsive butt section for enhanced feel and feedback in the hands, combined with an extremely stable tip section for controlled and penetrating ball flight. This unique design merges stability and feel to the extreme, making it ideal for players who want a controlled flight without sacrificing the feeling of the clubhead throughout their swing.</span></p> <p><strong>The Tech Story</strong></p> <p><span style=""font-weight: 400;"">The 2024 Accra Shogun driver shaft series represents a significant leap in golf shaft technology, designed to optimize launch conditions, increase clubhead speed, and promote more consistent center strikes. The line features a constant taper design across three unique profiles, which allows for precise club fitting to optimize a golfer's low point for improved accuracy and ball speed. At the heart of its construction is the new ""ACCelaron MX"" material, an ultra-lightweight 5K composite from Toray Japan that combines high modulus and high elasticity. This material ensures rapid recovery and minimizes ovaling, which leads to exceptional speed, stability, and feel. Addi(more...)",Accra
9/2/2025 9:52 am,PLD M AS OSLO L PUT,Ping PLD Milled AS Oslo L Putter,PLD Milled AS Oslo L,No,Putter,2025,,,"<p><strong>Who’s It For?</strong></p> <p><span style=""font-weight: 400;"">The Ping PLD Milled AS Oslo L Putter is designed for golfers with a straight putting stroke who are looking for a long putter with a premium, tour-preferred look and feel. The long putter design on the Oslo L is ideal for players who prefer a different putting style and setup than a traditional putter.</span></p> <p><strong>The Tech Story</strong></p> <p><span style=""font-weight: 400;"">The Ping PLD Milled AS Oslo L Putter is a premium-level club featuring advanced milling technology for a precise and consistent feel. The putter head is fully milled from 303 stainless steel, a material chosen for its durability and high-quality feel. The face features shallow milling, a specific design choice that results in a slightly firmer feel upon impact, providing golfers with a more distinct sense of ball contact. This model, the Oslo L, is center-shafted, which is a design choice that appeals to a specific style of putting stroke. For alignment, the putter incorporates a long alignment line in the back cavity, a visual aid that helps golfers square the face to their intended target. The putter is finished with a matte black coating, which not only provides a sleek, non-glare aesthetic but also helps to reduce distr(more...)",Ping
9/2/2025 9:52 am,PLD M AS OSLO CB PUT,Ping PLD Milled AS Oslo CB Putter,PLD Milled AS Oslo CB,No,Putter,2025,,,"<p><strong>Who’s It For?</strong></p> <p><span style=""font-weight: 400;"">The Ping PLD Milled AS Oslo CB Putter is designed for golfers who have a straight putting stroke, as the face-balanced design is best for this type of arc. This counter-balanced putter is ideal for players who are looking for a more stable and consistent stroke, as the heavier head and grip help to reduce wrist action.</span></p> <p><strong>The Tech Story</strong></p> <p><span style=""font-weight: 400;"">The Ping PLD Milled AS Oslo CB Putter is a premium club that incorporates tour-validated technology for precise and consistent putting. The putter head is fully milled from 303 stainless steel, a premium material selected for its durability and feel. The face features shallow milling, which provides a slightly firmer feel at impact, giving the golfer enhanced feedback and control. This particular model, the Oslo CB, has a double bend neck, a design that helps to balance the putter face for a straight putting stroke. For improved aim, the putter includes a long alignment line in the back cavity to assist in squaring the face to the target. The club is finished with a matte black finish, which not only provides a sleek, modern look but also reduces glare from the sun, minimizing distractions while putting. Th(more...)",Ping
9/2/2025 9:51 am,PLD M AS OSLO C PUT,Ping PLD Milled AS Oslo C Putter,PLD Milled AS Oslo C,No,Putter,2025,,,"<p><strong>Who’s It For?</strong></p> <p><span style=""font-weight: 400;"">The Ping PLD Milled AS Oslo C Putter is designed for golfers who have a straight putting stroke, as the face-balanced design is best for this type of arc. This center-shafted putter is ideal for players who prefer a different putting style and setup than a traditional putter.</span></p> <p><strong>The Tech Story</strong></p> <p><span style=""font-weight: 400;"">The Ping PLD Milled AS Oslo C Putter is a premium club that incorporates tour-validated technology for precise and consistent putting. The putter head is fully milled from 303 stainless steel, a premium material selected for its durability and feel. The face features shallow milling, which provides a slightly firmer feel at impact, giving the golfer enhanced feedback and control. This particular model, the Oslo C, has a center-shafted neck, a design that helps to balance the putter face for a straight putting stroke. For improved aim, the putter includes a long alignment line in the back cavity to assist in squaring the face to the target. The club is finished with a matte black finish, which not only provides a sleek, modern look but also reduces glare from the sun, minimizing distractions while putting. The highly forgiving mallet shape, a design f(more...)",Ping
8/25/2025 3:23 pm,TOUR AD FI DST,Graphite Design Tour AD FI Driver Shaft,Tour AD FI,No,Driver Shaft,2025,,,"<p><strong>Who’s It For?</strong></p> <p><span style=""font-weight: 400;"">The Graphite Design Tour AD FI Driver Shaft is designed for golfers who prioritize precision, power, and consistency in their game. Made in Japan, this shaft is geared toward players who want the latest in golf shaft technology, featuring a unique, futuristic design with a green-to-gloss black fade and silver accents. It's built for those who seek to improve their performance with a high-end, purpose-built component.</span></p> <p><strong>The Tech Story</strong></p> <p><span style=""font-weight: 400;"">The Graphite Design Tour AD FI Driver Shaft is a high-performance golf shaft constructed from premium, aerospace-quality carbon fiber, incorporating modern Torayca M40X and T1100G materials. Its profile is designed with a Firm+ butt and mid-section and a Stiff tip, which work together to produce mid-launch angles and low-to-mid ball spin rates. This design allows the shaft to adapt to a golfer's swing, providing exceptional stability and responsiveness. The shaft also features Graphite Design's proprietary AD Shield technology and the new TORNADO TIP TECH to ensure a consistent and reliable transmission of a player's input to the club head. This advanced technology and construction aim to provide players with(more...)",Graphite Design
8/19/2025 2:20 pm,2025 APEX UT UIR,Callaway 2026 Apex UT Utility Iron,2026 Apex UT,No,Utility Iron,2025,,,"<p><strong>Who’s It For?</strong></p> <p><span style=""font-weight: 400;"">The Callaway 2025 Apex UT Utility Iron is designed for better players who need a precise, high-ball-speed alternative for their long game. It is built to provide control and speed in a sleek, utility iron profile, making it ideal for those who demand forged feel and tour-level precision off the tee.</span></p> <p><strong>The Tech Story</strong></p> <p><span style=""font-weight: 400;"">The Callaway 2025 Apex UT Utility Iron is engineered with advanced technology to provide elite players with control, speed, and a solid feel. The club's innovative Flexcore Technology is a multi-material construction that promotes greater face flex and faster ball speeds across the entire face. This design unlocks the face from the sole, ensuring consistent distance even on off-center hits. The Utility Ai Face Design is specifically tailored for utility irons, focusing on superior distance control and spin consistency for enhanced shot-shaping and trajectory control. This provides the precision and responsiveness that better players demand. Finally, a Forged Hollow-Body Construction delivers a solid impact feel and sound. This multi-piece forged body offers a responsive, solid feel and enhanced vibration dampening, giving play(more...)",Callaway
8/19/2025 2:17 pm,APEX TI SUPER HYG,Callaway Apex Ti Super Hybrid,Apex Ti Super,No,Hybrid,2025,,,"<p><strong>Who’s It For?</strong></p> <p><span style=""font-weight: 400;"">The Callaway Apex Ti Super Hybrid is designed for golfers who struggle with consistency when using a driver or fairway woods. It is specifically built to provide a more playable design that offers titanium-powered distance and game-changing forgiveness, giving players confidence, a high launch, and greater distance off the tee or from the fairway.</span></p> <p><strong>The Tech Story</strong></p> <p><span style=""font-weight: 400;"">The Callaway Apex Ti Super Hybrid is an advanced club designed to provide titanium-powered distance and forgiveness. The club's core technology features a Brazed Titanium Face, a high-strength face that is precision-brazed to the body, allowing for greater face flex and energy transfer. This design delivers fast ball speeds and consistent distance, particularly for off-center hits. A Step Sole Design uses a stepped sole geometry to minimize turf drag and maintain clubhead speed through impact, promoting cleaner contact and more reliable launch from any lie, including the tee, fairway, or rough. The club also boasts a Refined Shaping & Specifications, with a compact yet confidence-inspiring profile, neutral weighting, and a slightly deeper face. This design naturally frames the b(more...)",Callaway
8/19/2025 1:56 pm,2025 APEX UW FWG,Callaway 2025 Apex UW Fairway Wood,2025 Apex UW,No,Fairway Wood,2025,,,"<p><strong>Who’s It For?</strong></p> <p><span style=""font-weight: 400;"">The Callaway 2025 Apex UW Fairway Wood is designed for serious, avid golfers who are seeking a combination of a fairway wood's power and a hybrid's versatility. Engineered with input from Tour players, it is built to provide a higher, more neutral ball flight with the control that all players demand. This club is ideal for those who want the playability of a hybrid with the high launch of a fairway wood.</span></p> <p><strong>The Tech Story</strong></p> <p><span style=""font-weight: 400;"">The Callaway 2025 Apex UW Fairway Wood is engineered with a suite of technologies to deliver the perfect blend of power and versatility. The core of its performance is the Tungsten Speed Wave, a 41g+ tungsten structure that strategically positions mass low and forward. This design boosts ball speed and enhances launch, particularly on low-face strikes where distance is often lost. The club's Step Sole Design features a stepped geometry that minimizes turf interaction, helping to maintain swing speed through impact and promote more consistent contact from a variety of lies. A lightweight Triaxial Carbon Crown allows for strategic weight redistribution within the clubhead, creating a more forgiving club while also refining (more...)",Callaway
8/15/2025 11:37 am,JPX 925 HM B STS,Mizuno JPX 925 Hot Metal Black Ion Iron Set,JPX 925 Hot Metal Black Ion,No,Iron Set,2025,,,"<p><strong>Who’s It For?</strong></p> <p><span style=""font-weight: 400;"">The Mizuno JPX 925 Hot Metal Black Ion Irons are designed for mid-to-high handicap players who are looking for a high-launching and forgiving iron. These clubs offer an unmatched consistency in distance across the entire face due to a new CORTECH face with a Contour Ellipse and a blend of Nickel Chromoly. The addition of the Black Ion finish provides a fresh, modern look, reduces glare, and maintains the same trusted performance of the original Hot Metal iron.</span></p> <p> </p> <p><strong>The Tech Story</strong></p> <p><span style=""font-weight: 400;"">The Mizuno JPX 925 Hot Metal Black Ion Irons are a technological marvel, designed to deliver high-launch, high-speed performance with unmatched consistency, in a modern finish. The core of their innovation is the CORTECH Design, which features a Contour Ellipse Face—a re-engineered, multi-thickness profile that is 30% thinner than previous models, maximizing ball speed retention across a wide impact area. The Chromoly 4140M material provides a strong face with a bendable hosel, allowing for extensive custom fitting. The Seamless Cup Face geometry extends the thinned areas around the entire perimeter, which boosts rebound and ball speed. For the 4 through 7(more...)",Mizuno
8/15/2025 11:34 am,PRO T1 COPPER WGS,Mizuno Pro T-1 Copper Wedge,Pro T-1 Copper,No,Wedge,2025,,,"<p><strong>Who’s It For?</strong></p> <p><span style=""font-weight: 400;"">The Mizuno Pro T-1 Copper Wedge is designed for players of all skill levels who prioritize shot-making versatility and control. It is particularly suited for those who value the soft feel of forged carbon steel and the performance benefits of having multiple sole options. The wedge's advanced forging and meticulous craftsmanship are intended to provide consistent spin and shot versatility, while the Denim Copper finish minimizes glare and distraction at address.</span></p> <p><strong>The Tech Story</strong></p> <p><span style=""font-weight: 400;"">The Mizuno Pro T-1 Copper Wedge is a masterclass in forged technology, designed to provide exceptional feel and control. It is crafted in Hiroshima, Japan, using Mizuno's signature Grain Flow Forged HD technology, combining 1025 Pure Select Mild Carbon Steel with a Copper Underlay to produce a soft, responsive feel and exceptional feedback. The wedge's compact teardrop shape and straighter leading edge are tour-inspired, promoting clean turf interaction. The T-1 offers a comprehensive range of six distinct sole grinds—S, M, P, C, V, and X—including the new M grind and a P grind with increased bounce, ensuring a perfect fit for any swing type or course condition. S(more...)",Mizuno
8/15/2025 11:32 am,PRO T3 B WGS,Mizuno Pro T-3 Black Ion Wedge,Pro T-3 Black Ion,No,Wedge,2025,,,"<p><strong>Who’s It For?</strong></p> <p><span style=""font-weight: 400;"">The Mizuno Pro T-3 Black Ion Wedge is designed for golfers who want a balance of forgiveness and feel in their short game. With its shallow cavity back and a longer head shape, it provides increased stability on off-center hits, making it an ideal choice for players who prioritize consistency without giving up the ability to execute finesse shots. This wedge also delivers consistent spin, shot versatility, and the signature elegance that is characteristic of Mizuno.</span></p> <p><strong>The Tech Story</strong></p> <p><span style=""font-weight: 400;"">The Mizuno Pro T-3 Black Ion Wedge is engineered to deliver a masterful blend of feel, forgiveness, and versatility. It is Grain Flow Forged HD from 1025 Pure Select Mild Carbon Steel and features a Copper Underlay, which provides the signature soft feel and exceptional feedback that is a hallmark of Mizuno's forged wedges. A new shallow cavity back design increases the head's length, enhancing stability and forgiveness on off-center strikes. The T-3 offers three distinct sole profiles (S, M, and C), which are designed to support a variety of playing styles and shot types, from full swings to delicate touch shots. To ensure consistent performance in any condit(more...)",Mizuno
8/14/2025 10:15 am,CBZ FF WGS,Cleveland CBZ Full Face Wedge,CBZ Full Face,No,Wedge,2025,,,"<p><strong>Who’s It For?</strong></p>  <p><span style=""font-weight: 400;"">The Cleveland CBZ Full Face Wedge is designed for golfers who use modern cavity back or hollow-set irons and are looking for a wedge that offers both forgiveness and versatility. It caters to players who want to blend their wedges seamlessly with their existing clubs while also benefiting from a softer Z-Alloy material for enhanced feel and full-face grooves for maximum spin and control.</span></p>  <p><strong>The Tech Story</strong></p>  <p><span style=""font-weight: 400;"">The Cleveland CBZ Full Face Wedge utilizes a suite of technologies designed to enhance feel, forgiveness, and spin performance. The standout feature is the Full-Face design, which extends grooves from hosel to toe, combined with a high-toe profile to provide exceptional versatility for creative, open-face shots around the green. The club is constructed with Z-Alloy, a new steel material that is softer and lighter than traditional materials, offering a superior feel and improved forgiveness. At its core, ZipCore technology utilizes a low-density core to replace heavier material in the hosel and heel, repositioning the Center of Gravity to optimize impact and increase MOI for greater stability. For superior spin, the UltiZip groove patte(more...)",Cleveland
8/13/2025 2:55 pm,2025 BAFFLER W HYG,Cobra 2025 Womens Baffler Hybrid,2025 Womens Baffler,No,Hybrid,2025,,,"<p><strong>Who’s It For?</strong></p>  <p><span style=""font-weight: 400;"">The Cobra 2025 Women's Baffler Hybrid is specifically designed to provide maximum forgiveness and an easy, high launch from various lies on the course. With a focus on effortless distance and consistent contact, the hybrid is made to help female players with moderate or slower swing speeds get the ball airborne with more confidence and better results.</span></p>  <p><strong>The Tech Story</strong></p>  <p><span style=""font-weight: 400;"">The Cobra 2025 Women's Baffler Hybrid incorporates a re-engineered progressive rail design as its core technology, providing a strategic advantage for golfers seeking high launch and maximum forgiveness. This innovative system features progressive rail heights that are specifically tailored to promote optimal turf interaction, allowing the club to glide more effortlessly through a variety of lies—from the fairway to the rough. This technology is engineered to minimize digging and snagging, ensuring that the clubface stays square at impact. The result is a more consistent and powerful strike, leading to higher launch angles and increased ball speed on longer approach shots, ultimately helping golfers achieve greater distance and accuracy with ease.</span></p>  <p><strong>(more...)",Cobra
8/13/2025 1:58 pm,OZ1 I HS CUSTOM PUT,L.A.B. Golf OZ.1i HS Custom Putter,OZ.1i HS Custom,No,Putter,2025,,,"<p><strong>Who’s It For?</strong></p>  <p><span style=""font-weight: 400;"">L.A.B. Golf OZ.1i HS Custom Putter is a premium, personalizable putter designed for golfers who prefer the traditional aesthetic of a heel-shafted, half-moon mallet but want the modern performance benefits of Lie Angle Balance technology. It is particularly suited for players who value a solid, firmer feel and faster ball speeds, thanks to its solid-body construction and stainless steel insert. With its exceptional forgiveness, the OZ.1i is a great choice for golfers of all skill levels who seek to improve their accuracy and distance control without having to manipulate the putter face during the stroke.</span></p>  <p><strong>The Tech Story</strong></p>  <p><span style=""font-weight: 400;"">The L.A.B. Golf OZ.1i HS Custom Putter is the first heel-shafted putter to integrate Lie Angle Balance technology, providing golfers with a traditional aesthetic while eliminating torque for unmatched stability and ease of use. This isn't just a simple modification; the chassis was entirely re-engineered to accommodate a proprietary aluminum riser that connects the shaft to the head, preserving perfect balance and delivering the same forgiveness as L.A.B. Golf's other acclaimed models. The design itself was inspired by(more...)",L.A.B. Golf
8/13/2025 1:55 pm,OZ1 I HS PUT,L.A.B. Golf OZ.1i HS Putter,OZ.1i HS,No,Putter,2025,,,"<p><strong>Who’s It For?</strong></p>  <p><span style=""font-weight: 400;"">The L.A.B. Golf OZ.1i HS Putter is designed for golfers who prefer the traditional aesthetic of a heel-shafted, half-moon mallet putter but want the modern performance benefits of Lie Angle Balance technology. It is particularly suited for players who value a solid, firmer feel and faster ball speeds, thanks to its solid-body construction and stainless steel insert. With its exceptional forgiveness, the OZ.1i is a great choice for golfers of all skill levels who seek to improve their accuracy and distance control without having to manipulate the putter face during the stroke.</span></p>  <p><strong>The Tech Story</strong></p>  <p><span style=""font-weight: 400;"">The L.A.B. Golf OZ.1i HS Putter is a groundbreaking heel-shafted model that integrates the company's signature Lie Angle Balance technology, making it the first of its kind to offer this stability-enhancing feature in a traditional design. Unlike a simple neck change, the OZ.1i HS chassis was completely re-engineered to maintain perfect balance, utilizing a proprietary aluminum riser to connect the shaft to the head without sacrificing the renowned forgiveness found in other L.A.B. Golf models. This putter is a direct result of a collaboration wit(more...)",L.A.B. Golf
8/13/2025 1:50 pm,2025 BAFFLER W STS,Cobra 2025 Womens Baffler Iron Set,2025 Womens Baffler,No,Iron Set,2025,,,"<p><strong>Who’s It For?</strong></p>  <p><span style=""font-weight: 400;"">The Cobra 2025 Women's Baffler Irons are a combo set specifically designed for a wide range of golfers, particularly women and also mid- to high-handicap players, seniors, and beginners. Engineered to provide maximum forgiveness, consistency, and an easy launch from every distance by blending five unique constructions—from hybrids to cavity-back wedges—which will help make the game less punishing for players who struggle with consistent contact or generating clubhead speed. The 2025 Baffler Women's irons are a great fit for those looking for a user-friendly set that helps improve their game and provides confidence with every shot.</span></p>  <p><strong>The Tech Story</strong></p>  <p><span style=""font-weight: 400;"">The Cobra 2025 Women's Baffler Irons are the first of their kind to feature a progressive set makeup with five unique constructions, each meticulously engineered to deliver instant improvement from every distance and every lie. The set starts with the 4H and 5H Baffler Hybrids, providing high launch and maximum forgiveness for longer approach shots. This transitions into the Baffler Hybrid-Iron in the 7-iron, which features a hollow design that combines hybrid-like forgiveness with the precis(more...)",Cobra
8/13/2025 12:07 pm,2025 BAFFLER HYG,Cobra 2025 Baffler Hybrid,2025 Baffler,No,Hybrid,2025,,,"<p><strong>Who’s It For?</strong></p>  <p><span style=""font-weight: 400;"">The Cobra 2025 Baffler Hybrid is specifically designed for a wide range of golfers, particularly mid- to high-handicap players, seniors, and beginners. The club's key features, such as the innovative Baffler rail system, are engineered to provide maximum forgiveness and an easy, high launch from various lies on the course. With a focus on effortless distance and consistent contact, the hybrid is made to help players with moderate or slower swing speeds get the ball airborne with more confidence and better results.</span></p>  <p><strong>The Tech Story</strong></p>  <p><span style=""font-weight: 400;"">The Cobra 2025 Baffler Hybrid incorporates a re-engineered progressive rail design as its core technology, providing a strategic advantage for golfers seeking high launch and maximum forgiveness. This innovative system, a modern take on the original Baffler's signature rail technology, features progressive rail heights that are specifically tailored to promote optimal turf interaction. This design allows the club to glide more effortlessly through a variety of lies—from the fairway to the rough—by minimizing digging and snagging. By ensuring the clubface stays square at impact, the hybrid is engineered to pro(more...)",Cobra
8/13/2025 11:11 am,2025 BAFFLER STS,Cobra 2025 Baffler Iron Set,2025 Baffler,No,Iron Set,2025,,,"<p><strong>Who’s It For?</strong></p>  <p><span style=""font-weight: 400;"">The Cobra 2025 Baffler Irons are a ""super game-improvement"" combo set designed for golfers who prioritize maximum forgiveness and easy launch. They are specifically targeted at a wide range of players, including mid- to high-handicappers, seniors, and beginners, who often struggle with consistent contact or generating adequate clubhead speed. The set's unique blend of hybrids, hybrid-irons, hollow irons, and cavity-back wedges is engineered to make the game less punishing and more enjoyable, providing the confidence and consistency needed to improve and get the ball airborne with less effort from every distance and lie.</span></p>  <p><strong>The Tech Story</strong></p>  <p><span style=""font-weight: 400;"">Celebrating 50 years since the original Baffler took the golf industry by storm, the Cobra 2025 Baffler Irons are a testament to five decades of forgiveness-focused innovation. This ""super game-improvement"" set is the first of its kind to utilize five unique constructions, each meticulously engineered to deliver instant improvement from every distance and every lie. The set begins with Baffler Hybrids in the 4H and 5H, providing high launch and maximum forgiveness for long approach shots. It then transi(more...)",Cobra
8/11/2025 9:52 am,CBZ WGS,Cleveland CBZ Wedge,CBZ,No,Wedge,2025,,,"<p><strong>Who’s It For?</strong></p>  <p><span style=""font-weight: 400;"">The Cleveland CBZ Wedge is designed for golfers who use modern cavity back or hollow sets and are looking for a highly forgiving and versatile wedge. The use of the new, softer Z-Alloy Wedge material makes it ideal for players who value a premium feel and want to take advantage of Cleveland Golf's latest tour-caliber technologies for enhanced performance.</span></p>  <p><strong>The Tech Story</strong></p>  <p><span style=""font-weight: 400;"">The Cleveland CBZ Wedge incorporates several advanced technologies to optimize performance. At its core, the proprietary ZipCore technology replaces heavy material in the heel and hosel with a lightweight core, which repositions the Center of Gravity to be closer to the point of impact and increases the Moment of Inertia (MOI) for enhanced forgiveness. The clubface features HydraZip, a system of face blasts and laser-milled lines that are dynamically configured by loft to maximize and balance spin, particularly in wet conditions. This is complemented by UltiZip grooves, which are sharper and deeper to cut through grass and debris and maintain consistent spin from various lies. The new Z-Alloy material, a softer, lighter, and durable steel, is utilized to provide a sup(more...)",Cleveland
8/6/2025 3:04 pm,OPUS SP BS WGS,Callaway Opus SP Black Shadow Wedge,Opus SP Black Shadow,No,Wedge,2025,,,"<p><strong>Who’s It For?</strong></p>  <p><span style=""font-weight: 400;"">The Callaway Opus SP Black Shadow Wedge is designed for skilled players who want to achieve greater control and precision in their short game. This wedge is purpose-built for those who demand the ability to flight the ball lower and increase spin, particularly from scoring distances, which allows for more predictable and accurate shots around the green. With its advanced construction, refined face groove technology, and Tour-preferred shaping, it serves as an ultimate scoring tool for competitive golfers looking to maximize their performance.</span></p>  <p><strong>The Tech Story</strong></p>  <p><span style=""font-weight: 400;"">The Callaway Opus SP Black Shadow Wedge features a suite of advanced technologies designed for precision and control. Its Spin Pocket Construction is a re-engineered two-piece head that repositions weight high in the clubhead. This raises the center of gravity (CG), which in turn promotes a lower, more penetrating ball flight for increased spin and control, especially when attacking pins. The club's face incorporates the New Spin Gen2.0 Face, featuring a new 17° groove angle with tighter spacing for more consistent groove contact. This, combined with a deeper cross-hatch laser pat(more...)",Callaway
8/6/2025 2:57 pm,OPUS SP BC WGS,Callaway Opus SP Brushed Chrome Wedge,Opus SP Chrome,No,Wedge,2025,,,"<p><strong>Who’s It For?</strong></p>  <p><span style=""font-weight: 400;"">The Callaway Opus SP Brushed Chrome Wedge is designed for skilled players who want to achieve greater control and precision in their short game. This wedge is purpose-built for those who demand the ability to flight the ball lower and increase spin, particularly from scoring distances, which allows for more predictable and accurate shots around the green. With its advanced construction, refined face groove technology, and Tour-preferred shaping, it serves as an ultimate scoring tool for competitive golfers looking to maximize their performance.</span></p>  <p><strong>The Tech Story</strong></p>  <p><span style=""font-weight: 400;"">The Callaway Opus SP Brushed Chrome Wedge features a suite of advanced technologies designed for precision and control. Its Spin Pocket Construction is a re-engineered two-piece head that repositions weight high in the clubhead. This raises the center of gravity (CG), which in turn promotes a lower, more penetrating ball flight for increased spin and control, especially when attacking pins. The club's face incorporates the New Spin Gen2.0 Face, featuring a new 17° groove angle with tighter spacing for more consistent groove contact. This, combined with a deeper cross-hatch laser(more...)",Callaway
7/31/2025 9:58 am,KING TEC MINI DVR,Cobra KING TEC Mini Driver,KING TEC Mini,No,Driver,2025,,,"<p><strong>Who’s It For?</strong></p> <p><span style=""font-weight: 400;"">The Cobra KING TEC Mini Driver is built for golfers who crave power with precision. Its compact, confidence‑inspiring shape gives players of all skill levels a dynamic option off the tee—one that delivers explosive distance while tightening dispersion far better than a traditional 460cc driver. Whether you're adding a strategic second driver or swapping out your current big stick, the TEC Mini offers a potent blend of forgiveness, control, and versatility in a sleek, go‑anywhere package.</span></p> <p><strong>The Tech Story</strong></p> <p><span style=""font-weight: 400;"">The Cobra KING TEC Mini Driver packs a full suite of advanced technologies into its compact 303cc head, offering golfers a highly controllable yet powerful option off the tee or from the fairway. Its smaller footprint is easier to square at impact, while the shorter 43.75"" configuration—compatible with any FutureFit33 3‑wood shaft—promotes exceptional control and consistent center contact. A low, back CG created through internal weighting and interchangeable 12g and 2g external weights delivers high launch and added carry without excess spin, allowing players to fine‑tune performance by adjusting weight placement. The multi‑material const(more...)",Cobra
7/23/2025 2:30 pm,Z5 HATCHBACK CS PUT,Evnroll Z5 Hatchback CS Putter,Z5 Hatchback CS,No,Putter,2025,,,"<p><strong>Who’s It For?</strong></p>  <p><span style=""font-weight: 400;"">The Evnroll Z5 Hatchback CS Putter is designed for golfers who prefer a center-shafted putter and desire the advanced performance of Evnroll's ZERO ""Torque"" technology. It caters to players seeking perfect balance and alignment, exceptional distance control, and tight dispersion, all facilitated by its patented SweetFace Technology. Furthermore, its innovative and adjustable pin hosel makes it an ideal choice for golfers who value the ability to customize their putter's loft and lie.</span></p>  <p><strong>The Tech Story</strong></p>  <p><span style=""font-weight: 400;"">The Evnroll Z5 Hatchback CS Putter features a sophisticated blend of technologies for enhanced putting precision. Its ""Zero Torque Balanced"" design is central, where the shaft precisely enters the clubhead at its center-of-gravity, effectively eliminating torque during the putting stroke. This innovative setup, combined with an adjustable pin hosel for easy loft and lie customization, ensures a conventional, vertical shaft at address with zero shaft lean, allowing the putter face to remain square to the target throughout the entire stroke. This design also provides an unobstructed view of the putter face behind the ball, virtually eliminat(more...)",Evnroll
7/23/2025 1:54 pm,Z5 HATCHBACK PUT,Evnroll Z5 Hatchback Putter,Z5 Hatchback,No,Putter,2025,,,"<p><strong>Who’s It For?</strong></p>  <p><span style=""font-weight: 400;"">The Evnroll Z5 Hatchback Putter is designed for golfers who prefer a full-sized winged mallet and are seeking exceptional precision and performance. It caters to players who desire a putter with zero torque for enhanced stability, precise alignment through its full-body sightlines and 3D milling, and unparalleled distance control and dispersion provided by Evnroll's patented SweetFace™ Technology.</span></p>  <p><strong>The Tech Story</strong></p>  <p><span style=""font-weight: 400;"">The Evnroll Z5 Hatchback Putter integrates advanced technologies to achieve superior putting performance. Its ""Zero Torque Balanced"" system utilizes a reverse-offset hosel that directs the shaft towards the clubhead's center-of-gravity, effectively eliminating torque during the putting stroke. This innovative design ensures the putter face remains square to the target throughout the entire stroke, providing a conventional vertical shaft at address with zero shaft lean, thereby minimizing face rotation and the tendency to pull putts while offering an unobstructed view of the putter face behind the ball. ""Optimized Weighting"" is achieved through 100% milled tungsten and steel weights, strategically placing up to half of the clu(more...)",Evnroll
7/23/2025 1:27 pm,Z1 CS PUT,Evnroll Z1 CS Putter,Z1 CS,No,Putter,2025,,,"<p><strong>Who’s It For?</strong></p>  <p><span style=""font-weight: 400;"">The Evnroll Z1 CS Putter is designed for golfers who favor a center-shafted putter and seek an oversized, high-MOI mallet for maximum stability. It caters to players looking for precise distance control, tight dispersion, and excellent alignment, thanks to its two long sightlines, ZERO alignment hole, and SweetFace Technology. Additionally, its adjustable pin hosel makes it ideal for golfers who want the ability to customize their loft and lie.</span></p>  <p><strong>The Tech Story</strong></p>  <p><span style=""font-weight: 400;"">The Evnroll Z1 CS Putter incorporates several advanced technologies to optimize putting performance. Its ""Zero Torque Balanced"" design is a standout feature, with the shaft entering the clubhead at the center-of-gravity, effectively eliminating torque during the stroke. This, combined with an innovative pin hosel that allows for easy loft and lie adjustments, ensures the putter face remains square to the target throughout the entire stroke, minimizing face rotation and the tendency to pull putts while offering an unobstructed view of the putter face at address. ""Optimized Weighting"" is achieved through 100% milled tungsten and steel weights, strategically placing up to half of t(more...)",Evnroll
7/23/2025 10:53 am,MG5 TW WGS,TaylorMade Milled Grind 5 Tiger Woods Wedge,Milled Grind 5 Tiger Woods,No,Wedge,2025,,,"<p><strong>Who’s It For?</strong></p>  <p><span style=""font-weight: 400;"">The TaylorMade Milled Grind 5 Tiger Woods Wedge is designed for golfers of all abilities, from amateurs to seasoned professionals, who are looking to elevate their short game and full shot performance. The key feature of this wedge is the unique sole grind, which was meticulously designed by Tiger Woods himself. This specialized grind offers exceptional versatility, allowing players to execute a wide variety of shots, from flop shots to those hit from tight lies. It's a club for players who desire precision, control, and the ability to confidently tackle any shot on any course.</span></p>  <p><strong>The Tech Story</strong></p>  <p><span style=""font-weight: 400;"">The TaylorMade Milled Grind 5 Tiger Woods Wedge is a technologically advanced club engineered for exceptional feel, spin, and consistency, featuring a unique sole grind designed by Tiger Woods. Forged from soft carbon steel, its geometry provides a soft, responsive feel and excellent feedback, which is crucial for a refined short game. To maximize spin, the wedge incorporates all-new, aggressive saw-milled grooves with steeper walls and sharper radii, ensuring high spin rates in both dry and damp conditions. This spin performance is further enha(more...)",TaylorMade
7/21/2025 11:04 am,MG5 CHARCOAL WGS,TaylorMade Milled Grind 5 Charcoal Wedge,Milled Grind 5 Charcoal,No,Wedge,2025,,,"<p><strong>Who’s It For?</strong></p>  <p><span style=""font-weight: 400;"">The TaylorMade Milled Grind 5 Charcoal Wedge is designed for golfers of all skill levels who want to enhance both their full swing and short game performance. By incorporating proven TaylorMade technologies, these wedges aim to provide a versatile solution for any golfer looking to improve their scoring from a variety of lies and distances around the green.</span></p>  <p><strong>The Tech Story</strong></p>  <p><span style=""font-weight: 400;"">The TaylorMade Milled Grind 5 Charcoal Wedge is a technologically advanced club engineered for exceptional feel, spin, and consistency. Forged from soft carbon steel, its geometry is specifically designed to provide a soft, responsive feel and excellent feedback. The wedge features all-new, aggressive saw-milled grooves with tighter tolerances, steeper walls, and sharper radii, which are intended to maximize spin in both dry and wet conditions. This spin performance is further enhanced by a RAW face with Spin Tread technology, which uses laser-etched channels to redirect water at impact, much like a car tire's tread, to maintain friction and spin in wet weather. A charcoal finish also minimizes glare and adds to the aesthetic appeal. Finally, the wedge's craftsmansh(more...)",TaylorMade
7/21/2025 11:03 am,MG5 SC WGS,TaylorMade Milled Grind 5 Satin Chrome Wedge,Milled Grind 5 Satin Chrome,No,Wedge,2025,,,"<p><strong>Who’s It For?</strong></p>  <p><span style=""font-weight: 400;"">The TaylorMade Milled Grind 5 Satin Chrome Wedge is designed for golfers of all skill levels who want to enhance both their full swing and short game performance. By incorporating proven TaylorMade technologies, these wedges aim to provide a versatile solution for any golfer looking to improve their scoring from a variety of lies and distances around the green.</span></p>  <p><strong>The Tech Story</strong></p>  <p><span style=""font-weight: 400;"">The TaylorMade Milled Grind 5 Satin Chrome Wedge incorporates a combination of advanced technologies to deliver superior feel, spin, and consistency. Forged from soft carbon steel, the MG5 is engineered with a specific geometry to provide exceptional feel and feedback, crucial for a refined short game. To maximize spin, the wedge features all-new, aggressive saw-milled grooves with steeper walls and sharper radii, ensuring high spin rates in both dry and wet conditions. This spin performance is further enhanced by the RAW face with Spin Tread technology, which uses laser-etched channels—much like tire treads—to channel away moisture upon impact, increasing friction between the clubface and the golf ball to maintain spin in wet conditions. Finally, the wedge's cr(more...)",TaylorMade
7/16/2025 9:24 am,PRO S1 STS,Mizuno Pro S-1 Iron Set,Pro S-1,No,Iron Set,2025,,,"<p><strong>Who’s It For?</strong></p>  <p><span style=""font-weight: 400;"">The Mizuno Pro S-1 irons are designed for highly skilled players who prioritize precision, workability, and an exceptionally soft, responsive feel. They are built for golfers who demand full control over their ball flight and shot shaping, with feedback-rich, tour-caliber performance. The combination of the Grain Flow Forged HD process, a copper underlay, and the Channel Back design makes these irons ideal for low-handicap players who can take full advantage of their classic muscle-back profile and sophisticated feel-enhancing technologies.</span></p>  <p><strong>The Tech Story</strong></p>  <p><span style=""font-weight: 400;"">The Mizuno Pro S-1 irons are a masterclass in forging technology, designed to provide a feel and performance that is both classic and highly refined. At their core is the Grain Flow Forged HD process, which forges each head from a single billet of 1025E Pure Select Mild Carbon Steel in Hiroshima, Japan, to create a denser grain structure for Mizuno's legendary buttery-soft feel and unmatched consistency. This feel is further optimized by a Copper Underlay, a thin layer of copper beneath the chrome that subtly dampens vibrations to create a purer, more responsive impact sensation. Th(more...)",Mizuno
7/11/2025 1:16 pm,PARADOX M PUT,Breakthrough Golf Technology Paradox Mallet Putter,Paradox Mallet,No,Putter,2025,,,"<p><strong>Who’s It For?</strong></p>  <p><span style=""font-weight: 400;"">The Breakthrough Golf Technology Paradox Mallet Putter is designed for golfers seeking to maximize stability and forgiveness in their putting stroke. Its unique ""low heel and high toe"" design, which aligns the Principal Axis with the golfer's natural motion, combined with the pure, repeatable strokes offered by the Stability Tour shaft, makes it ideal for players looking to gain confidence and achieve consistent, accurate putts from any angle.</span></p>  <p><strong>The Tech Story</strong></p>  <p><span style=""font-weight: 400;"">Introducing  a revolutionary approach to putting mechanics through its patented ""Swing Balance Technology"", the Breakthrough Golf Technology Paradox Mallet Putter achieves this by precisely aligning the putter's Principal Axis of inertia with the golfer's stroke. This unique design allows the putter to dynamically self-align throughout the entire putting motion, ensuring the face remains consistently square for optimal accuracy and reliable performance, much like a car's alignment provides a smooth ride. Complementing this innovative head design, the Paradox Mallet features a zero-torque Stability™ Tour Shaft, a durable CNC aluminum frame with integrated steel weights, a precisel(more...)",Breakthrough Golf Technology
7/11/2025 10:48 am,PARADOX B PUT,Breakthrough Golf Technology Paradox Blade Putter,Paradox Blade,No,Putter,2025,,,"<p><strong>Who’s It For?</strong></p>  <p><span style=""font-weight: 400;"">The Breakthrough Golf Technology Paradox Blade Putter is engineered for golfers who prioritize precision, feel, and control on the greens. With its innovative ""low heel and high toe"" design that aligns the Principal Axis with the golfer's stroke, and the unmatched consistency provided by the Stability Tour shaft, this putter is ideal for players seeking to elevate their touch and achieve ultimate command over their putts.</span></p>  <p><strong>The Tech Story</strong></p>  <p><span style=""font-weight: 400;"">Introducing  a revolutionary approach to putting mechanics through its patented ""Swing Balance Technology"", the Breakthrough Golf Technology Paradox Blade Putter achieves this by precisely aligning the putter's Principal Axis of inertia with the golfer's stroke. This unique design allows the putter to dynamically self-align throughout the entire putting motion, ensuring the face remains consistently square for optimal accuracy and reliable performance, much like a car's alignment provides a smooth ride. Complementing this innovative head design, the Paradox Mallet features a zero-torque Stability™ Tour Shaft, a durable CNC aluminum frame with integrated steel weights, a precisely milled face, and a co(more...)",Breakthrough Golf Technology
7/8/2025 11:14 am,SHOGUN DST,Accra Shogun Blue Driver Shaft,Shogun Blue,No,Driver Shaft,2024,,,"<p><strong>Who’s It For?</strong></p> <p><span style=""font-weight: 400;"">The Accra Shogun Blue Driver Shaft is designed for golfers seeking maximum distance, regardless of swing speed. It is an ""extreme response design"" that promotes maximum bend during the swing, followed by a fast recovery speed for explosive power. This shaft is favored by many top World Long Drive competitors for its exceptional performance and stability, making its distance-enhancing technology accessible to any golfer.</span></p> <p><strong>The Tech Story</strong></p> <p><span style=""font-weight: 400;"">The 2024 Accra Shogun driver shaft series represents a significant leap in golf shaft technology, designed to optimize launch conditions, increase clubhead speed, and promote more consistent center strikes. The line features a constant taper design across three unique profiles, which allows for precise club fitting to optimize a golfer's low point for improved accuracy and ball speed. At the heart of its construction is the new ""ACCelaron MX"" material, an ultra-lightweight 5K composite from Toray Japan that combines high modulus and high elasticity. This material ensures rapid recovery and minimizes ovaling, which leads to exceptional speed, stability, and feel. Additionally, the shaft incorporates ""Tornad(more...)",Accra
7/8/2025 11:04 am,NITRO RANGE DST,TPT Golf Nitro Range Driver Shaft,Nitro Range,No,Driver Shaft,2024,,,"<p><strong>Who’s It For?</strong></p>  <p><span style=""font-weight: 400;""> The TPT Golf Nitro Range Driver Shaft is designed for golfers who demand ultimate distance and precision. Engineered with an exceptional torque-to-weight ratio, Nitro combines refined shaft geometry and optimized fiber placement through advanced Final Element Analysis and TPT’s automated spine-free process. Its lightweight, low-torque design delivers explosive distance while maintaining tighter dispersion, making it ideal for players seeking maximum power without sacrificing control or consistency. </span></p>  <p><strong>The Tech Story</strong></p>  <p><span style=""font-weight: 400;""> The TPT Golf Nitro Range Driver Shaft is built on Thin Ply Technology (TPT), an advanced process that uses ultra-thin graphite fiber plies—twice as thin as traditional graphite—to create a more uniform and precise structure, much like sharpening an image’s resolution. Originally developed for high-performance industries such as aerospace, motorsport, and elite sail racing, this technology delivers immediate feedback and enhanced club head awareness, allowing golfers to swing with confidence while the shaft maintains consistent strike locations. TPT’s breakthrough lies in its automated, spine-free design, achieved by perfe(more...)",TPT Golf
6/25/2025 2:50 pm,APEX AI150 STS,Callaway Apex Ai150 Iron Set,Apex Ai150,No,Iron Set,2025,,,"<p><strong>Who’s It For?</strong></p>  <p><span style=""font-weight: 400;"">The Callaway Apex Ai150 Irons are designed for golfers who prioritize a more compact head shape and a smaller overall package in a hollow-body iron, while still seeking advanced forged performance. They offer tour-level precision with exceptional distance, and are often considered a more player-centric option within the Apex Ai family. While still providing a degree of forgiveness, they are generally geared towards golfers who prefer a smaller clubhead for enhanced feel and workability.</span></p>  <p><strong>The Tech Story</strong></p>  <p><span style=""font-weight: 400;"">The Callaway Apex Ai150 Irons build upon the legacy of their predecessors, the Ai100 and Ai300, by pushing the boundaries of precision, feel, distance, and spin consistency. These irons boast a premium aesthetic and feel, achieved through a sophisticated 1025 forged hollow-body construction. To optimize ball speed and enhance feel across the set, the 3-iron through 7-iron incorporate a 455 face cup, while the 8-iron through wedge utilize a T7-4 face. Tailored for the accomplished golfer, the Ai150 irons deliver superior distance control thanks to the innovative Ai10x Face technology, all within a player-preferred shape and loft package (more...)",Callaway
6/25/2025 2:42 pm,APEX TIFUSION 250 STS,Callaway Apex Ti Fusion 250 Plated Iron Set,Apex Ti Fusion 250 Plated,No,Iron Set,2025,,,"<p><strong>Who’s It For?</strong></p>  <p><span style=""font-weight: 400;"">The Callaway Apex Ti Fusion 250 Plated Irons are designed for the discerning golfer who is tired of compromising between the punishing feel of a traditional blade and the bulky appearance of a game-improvement iron. These irons serve as the ideal ""middle ground"" for players seeking a high-launching, consistently spinning club that offers an exceptional feel and a premium, timeless aesthetic. They are built for those who value both performance and refined design, providing a blend of distance, forgiveness, and shot-making ability without sacrificing feel or visual appeal.</span></p>  <p><strong>The Tech Story</strong></p>  <p><span style=""font-weight: 400;"">The Callaway Apex Ti Fusion 250 Plated Irons integrate a suite of advanced technologies to deliver a sophisticated blend of performance and feel. Key to its design is the titanium AI Smart Face, which ensures incredibly consistent ball speed, spin, dispersion, and forgiveness, emulating the consistency of a muscleback iron with the added benefits of a two-piece construction and enhanced forgiveness. This is paired with an unimaginable feel, achieved through the titanium face's deflection and interaction with patented urethane microspheres, all housed w(more...)",Callaway
6/24/2025 12:12 pm,2025 U505 UIR,Titleist 2025 U505 Utility Iron,2025 U505,No,Utility Iron,2025,,,"<p><strong>Who’s It For?</strong></p>  <p><span style=""font-weight: 400;"">The Titleist 2025 U505 Utility Iron is designed for golfers, including many of the game's best ball-strikers on the PGA TOUR, who seek a highly versatile, high-launching alternative to traditional long irons. It's ideal for players looking for increased speed and consistency at the top of their bag, preferring an iron-like feel and control with the added benefit of a larger footprint and slightly higher launch than other utility iron models. The progressive shaping from stronger to weaker lofts also caters to players who value precise control and a seamless transition within their set.</span></p>  <p><strong>The Tech Story</strong></p>  <p><span style=""font-weight: 400;"">The Titleist 2025 U505 Utility Iron integrates a high-strength, hollow-body steel construction, providing a sleek aesthetic while housing advanced performance technology. This design incorporates progressive shaping, where the sole width gradually narrows and face height progressively increases from the stronger to weaker lofts, optimizing playability across the available 1-iron through 4-iron models. These utilities leverage forged L-Face constructions, lower CG positions, and V-Taper designs to significantly enhance ball speed and elev(more...)",Titleist
6/24/2025 12:08 pm,2025 T250U UIR,Titleist 2025 T250U Utility Iron,2025 T250U,No,Utility Iron,2025,,,"<p><strong>Who’s It For?</strong></p>  <p><span style=""font-weight: 400;"">The Titleist 2025 T250U Utility Iron is designed for a wide range of golfers, from elite PGA TOUR professionals to competitive amateurs, who seek a compact, high-performance long iron replacement. As the more compact utility option compared to the U•505, it offers the same construction, shaping, and loft progression as the T250 irons, providing a seamless transition for players who prioritize an iron-like feel and appearance. Ideal for those who value precise control, speed, and consistency, the T250U, available in 2-, 3-, and 4-iron models, delivers a blend of distance and workability that has made Titleist the most played utility iron on Tour.</span></p>  <p><strong>The Tech Story</strong></p>  <p><span style=""font-weight: 400;"">The Titleist 2025 T250U Utility Iron is engineered with a singular, high-performance design, utilizing a high-strength, hollow-body steel construction that offers a clean, traditional iron aesthetic while discreetly housing advanced technology. This utility iron maintains the exact profile of the standard T250 2-, 3-, and 4-irons, ensuring a seamless visual and feel transition within a player's set. To achieve elevated ball speed, the T250U benefits from forged L-Face construct(more...)",Titleist
6/23/2025 3:04 pm,2025 X FORGED MAX STS,Callaway 2025 X Forged Max Iron Set,2025 X Forged Max,No,Iron Set,2025,,,"<p><strong>Who’s It For?</strong></p>  <p><span style=""font-weight: 400;"">The Callaway 2025 X Forged Max Irons are designed for better players, particularly those with low-to-mid handicaps, who desire the pure feel and precision of a forged iron but also appreciate a slight increase in forgiveness. They cater to golfers who want a mid-compact profile that offers a blend of workability and feedback without sacrificing a touch of added confidence, making them a great option for those looking to improve consistency while maintaining a player's aesthetic.</span></p>  <p><strong>The Tech Story</strong></p>  <p><span style=""font-weight: 400;"">The Callaway 2025 X Forged Max Irons are engineered for forged precision and pure feel, constructed from a single piece of 1020 Carbon steel to deliver the soft feel and crisp sound preferred by better players. These irons feature a mid-compact profile that optimally blends workability and feedback with a touch of forgiveness. Their clean, mid-compact shape includes a more player-friendly cavity back and offset, along with a refined topline, appealing to better players seeking a balance of workability and added forgiveness. Further enhancing performance, the tri-level sole design with beveled leading and trailing edges ensures smooth turf inter(more...)",Callaway
6/20/2025 11:28 am,2025 X FORGED STS,Callaway 2025 X Forged Iron Set,2025 X Forged,No,Iron Set,2025,,,"<p><strong>Who’s It For?</strong></p>  <p><span style=""font-weight: 400;"">The Callaway 2025 X Forged Irons are specifically designed for discerning better players, including professionals and elite ball strikers. These irons cater to golfers with low handicaps who possess consistent ball-striking abilities and prioritize exceptional feel, workability, and precise control over maximum forgiveness. They appeal to players who appreciate a classic, clean aesthetic with a compact profile, minimal offset, and a thin topline, allowing for precise shot shaping and feedback.</span></p>  <p><strong>The Tech Story</strong></p>  <p><span style=""font-weight: 400;"">The Callaway 2025 X Forged Irons are precision-engineered for better players, offering pure precision and a soft, crisp feel through their construction from a single piece of 1020 Carbon steel. Designed with a clean, tour-preferred aesthetic, these irons feature a streamlined cavity back, compact profile, minimal offset, and a thin topline, appealing to the discerning eye of elite ball strikers. Further enhancing control and consistency, the tri-level sole design incorporates beveled leading and trailing edges, ensuring smooth turf interaction and precise ball control through impact.</span></p>  <p><strong>Facts and Figures</str(more...)",Callaway
6/20/2025 9:15 am,2025 T250 LS STS,Titleist 2025 T250* Launch Spec Iron Set,2025 T250* Launch Spec,No,Iron Set,2025,,,"<p><strong>Who’s It For?</strong></p>  <p><span style=""font-weight: 400;"">The Titleist 2025 T250 Launch Spec Irons are designed for golfers who require more loft and a lighter overall weight to achieve maximum distance, particularly those seeking optimal launch, speed, and stability in a visually clean package. These irons are ideal for players who benefit from a lighter head and higher lofts to boost performance, offering a powerful yet pure combination of raw speed, high launch, and consistent stability.</span></p>  <p><strong>The Tech Story</strong></p>  <p><span style=""font-weight: 400;"">The Titleist 2025 T250 Launch Spec Irons embody a singular design, crafted entirely from high-strength steel to seamlessly integrate powerful performance technologies within a stunningly sleek, modern aesthetic. These irons deliver elevated performance by reducing headweight and adding loft, specifically engineered to encourage effortless launch, increased carry, and enhanced stopping power for golfers with moderate swing speeds or naturally low ball flight. High speed is generated through a new forged L-Face with a V-taper design, which amplifies ball speed across the face and boosts launch on low-face strikes, resulting in high-flying performance and remarkable distance. Furthermore, enh(more...)",Titleist
6/19/2025 4:09 pm,2025 T350 STS,Titleist 2025 T350 Iron Set,2025 T350,No,Iron Set,2025,,,"<p><strong>Who’s It For?</strong></p>  <p><span style=""font-weight: 400;"">The Titleist 2025 T350 Irons are designed for golfers who prioritize maximum distance and forgiveness across the entire face. They are ideal for players seeking the benefits of Titleist's most advanced iron technologies, including a forged face and hollow-body construction, to optimize launch, speed, stability, and consistency on every strike. Essentially, these irons are for golfers who want to achieve greater distance and more consistent results, even on off-center hits, all within a sleek and impressive aesthetic.</span></p>  <p><strong>The Tech Story</strong></p>  <p><span style=""font-weight: 400;"">The Titleist 2025 T350 Irons are a masterclass in combining pure good looks with maximum performance. Re-engineered with a high-strength steel face and body, the T350 boasts a sleeker head shape that discreetly houses a wealth of advanced technologies. This iron is truly a distance machine, featuring a new forged L-Face Design with a unique multi-zone taper to generate ultra-fast ball speeds across the entire face and increase launch on low-face strikes, maximizing the potential of every shot. Unmatched forgiveness is achieved through improved Max Impact Technology, which delivers more consistent carry dis(more...)",Titleist
6/18/2025 11:18 am,2025 T150 STS,Titleist 2025 T150 Iron Set,2025 T150,No,Iron Set,2025,,,"<p><strong>Who’s It For?</strong></p>  <p><span style=""font-weight: 400;"">The Titleist 2025 T150 Irons are designed for golfers who desire the precise performance and feel of a player's iron, but with the added benefit of increased ball speed and a more confidence-inspiring profile. These irons cater to players who want to hit and hold greens from further distances, offering a refined blend of speed, stability, and consistency without sacrificing the playability and aesthetic preferred by more skilled golfers.</span></p>  <p><strong>The Tech Story</strong></p>  <p><span style=""font-weight: 400;"">Engineered to inspire confidence with a forged, player-preferred shape that's slightly larger than the T100, the Titleist 2025 T150 Irons feature an improved Variable Bounce Sole for added stability, buttery feel, and excellent turf interaction. These irons deliver elevated ball speed for higher launch, longer carry, and softer landings, thanks to 1° stronger lofts compared to the T100, an improved muscle channel through the 7-iron, and a lower long-iron CG. Superior flight and stability are ensured by split high-density tungsten and a progressive dual-cavity construction, optimizing the center of gravity for consistent carry and precise trajectory control. Furthermore, a new Variable (more...)",Titleist
6/17/2025 3:28 pm,2025 T250 STS,Titleist 2025 T250 Iron Set,2025 T250,No,Iron Set,2025,,,"<p><strong>Who’s It For?</strong></p>  <p><span style=""font-weight: 400;"">The Titleist 2025 T250 Irons are designed for golfers seeking a harmonious blend of complete iron performance within a more forgiving shape. They cater to players who desire raw speed, exceptional stability, and consistent results, all presented in an aesthetically pleasing, ultra-clean design. Essentially, these irons are for golfers who prioritize powerful performance and shot consistency without sacrificing a refined look, making them suitable for a wide range of players who appreciate both form and function.</span></p>  <p><strong>The Tech Story</strong></p>  <p><span style=""font-weight: 400;"">The Titleist 2025 T250 Irons are a testament to singular design, crafted entirely from high-strength steel to discreetly house powerful performance technologies within a sleek, modern aesthetic. These irons deliver elevated speed thanks to a new forged L-Face with a V-taper design, which generates greater ball speed across the face and increases launch on low-face strikes, leading to high-flying shots and astounding distance. Enhanced consistency is a hallmark of the T250, as improved Max Impact Technology helps produce more uniform carry distance and tighter dispersion, while more aggressive mid/short-iron gro(more...)",Titleist
6/17/2025 9:31 am,2025 T100 STS,Titleist 2025 T100 Iron Set,2025 T100,No,Iron Set,2025,,,"<p><strong>Who’s It For?</strong></p>  <p><span style=""font-weight: 400;"">The Titleist 2025 T100 Irons are designed for skilled golfers who prioritize precise shotmaking, consistent control, and an exceptional feel. They are the ""modern Tour iron,"" trusted by a significant number of PGA TOUR professionals and are ideal for players who demand unwavering consistency and the ability to work the ball with confidence in varying conditions, rather than those seeking maximum distance or forgiveness.</span></p>  <p><strong>The Tech Story</strong></p>  <p><span style=""font-weight: 400;"">Meticulously engineered for precise performance and pure sensation, the Titleist 2025 T100 Irons feature a masterfully forged player's design with a thin topline, minimal offset, and an improved Variable Bounce Sole for pinpoint control and buttery feel. Superior flight and stability are achieved through split high-density tungsten and a progressive dual-cavity construction, optimizing CG for remarkable stability, consistent carry, and precise trajectory control. These irons deliver consistent speed and spin across the face due to a new Variable Face Thickness (VFT) and more aggressive mid/short-iron grooves designed to maintain spin control in challenging conditions. Additionally, Tour-inspired feedbac(more...)",Titleist
6/16/2025 11:49 am,GT1 TOUR FWG,Titleist GT1 3Tour Fairway Wood,GT1 3Tour,No,Fairway Wood,2025,,,"<p><strong>Who’s It For?</strong></p> <p><span style=""font-weight: 400;"">Designed for golfers seeking a blend of high launch, exceptional distance, and stability, The Titleist GT1 3Tour Fairway Wood is perfect for those who benefit from a ""Tour Loft"" to manage spin. Its design, featuring a shallow face and low center of gravity, targets players looking to elevate their launch without over-spinning the ball. The adjustable fore/aft weights further customize ball speed, launch, and spin, making it ideal for golfers who desire precise control and confidence from the fairway.</span></p> <p><strong>The Tech Story</strong></p> <p><span style=""font-weight: 400;"">The Titleist GT1 3Tour Fairway Wood incorporates several advanced technologies to optimize performance. A key innovation is the ""Tour Loft"" design, which features a stronger loft compared to the standard GT1 Fairway. This adjustment is specifically engineered to maintain optimal spin while still delivering high launch and impressive distance, a critical factor for skilled players. The club also boasts a Seamless Thermoform Crown, an ultra-lightweight design that, in conjunction with a refined player profile and shallow face, significantly lowers the center of gravity (CG) within the clubhead. This lower CG enhances stability (more...)",Titleist
6/13/2025 9:00 am,CB 12 WGS,Callaway CB 12 Wedge,CB 12,No,Wedge,2025,,,"<p><strong>Who’s It For?</strong></p>  <p><span style=""font-weight: 400;"">The Callaway CB 12 Wedge is primarily designed for golfers who prioritize forgiveness and confidence in their short game. This includes mid-to-high handicap players, or those who typically play cavity back or hollow irons and seek a seamless transition to similarly forgiving wedges. It's ideal for golfers who want to minimize the impact of off-center strikes and make their short game easier and more consistent.</span></p>  <p><strong>The Tech Story</strong></p>  <p><span style=""font-weight: 400;"">The Callaway CB 12 Wedge redefines forgiveness in a modern, confidence-inspiring design. Its deep cavity back, larger head, and thicker topline, combined with a chamfered leading edge that prevents digging and 12g of perimeter weighting, maximize forgiveness and inspire trust at address. Urethane Microspheres are integrated to provide a soft and responsive feel upon impact. The versatile wide sole Tri-Sole design enhances playability across various shot types, while the new OPUS groove platform ensures easy spin and control, empowering golfers to confidently attack pins and escape challenging lies.</span></p>  <p><strong>Facts and Figures</strong></p>  <p><span style=""font-weight: 400;"">Material: Urethane Micr(more...)",Callaway
6/11/2025 10:36 am,25 W ODYSSEY CHP,Odyssey 2025 Womens Chipper,2025 Womens,No,Chipper,2025,,,"<p><strong>Who’s It For?</strong></p>  <p><span style=""font-weight: 400;"">The Odyssey 2025 Women's Chipper is designed for female golfers who struggle with short shots around the greens. It offers an innovative short game solution aimed at improving chipping consistency and precision, ultimately helping them achieve more up-and-downs and lower scores.</span></p>  <p><strong>The Tech Story</strong></p>  <p><span style=""font-weight: 400;"">The Odyssey 2025 Women's Chipper incorporates several technological advancements to boost performance around the greens. Its new hybrid shape is designed to inspire confidence, offering a blend of familiar characteristics for easier alignment and setup. The Step Sole Design, inspired by Odyssey's successful UW and Fairway Wood models, significantly reduces the sole's contact with the ground. This innovative design promotes smoother turf interaction and cleaner strikes, even from challenging lies. A Polymer Face Insert frames the ball at address, providing a visual aid for alignment while delivering a soft feel upon impact. This insert also features durable grooves for consistent spin and control. Furthermore, the longer grip design offers exceptional versatility, allowing golfers to adjust their hand placement for various shot types and differe(more...)",Odyssey
6/11/2025 10:30 am,25 ODYSSEY CHP,Odyssey 2025 Chipper,2025,No,Chipper,2025,,,"<p><strong>Who’s It For?</strong></p>  <p><span style=""font-weight: 400;"">The Odyssey 2025 Chipper is designed for golfers who experience difficulty with short shots near the greens. It serves as an innovative solution for players looking to improve their chipping consistency and precision, ultimately leading to more successful up-and-downs and lower scores.</span></p>  <p><strong>The Tech Story</strong></p>  <p><span style=""font-weight: 400;"">The Odyssey 2025 Chipper integrates several key technologies to enhance short game performance. Its new hybrid shape inspires confidence at address, blending the best characteristics of a putter and a wedge. A distinctive Step Sole Design, inspired by recent UW and Fairway Wood models, minimizes ground contact to improve turf interaction and ensure cleaner strikes. The club also features a Polymer Face Insert that frames the ball for precise alignment and delivers a soft feel, complemented by durable grooves for consistent performance. Finally, a longer grip provides versatility, allowing golfers to adjust their hand placement for various shot types and lies around the green, offering greater control and adaptability.</span></p>  <p><strong>Facts and Figures</strong></p>  <p><span style=""font-weight: 400;"">Material: Polymer Face Insert(more...)",Odyssey
6/5/2025 2:35 pm,IDI UIR,Ping iDi Utility Iron,iDi,No,Utility Iron,2025,,,"<p><strong>Who’s It For?</strong></p>  <p><span style=""font-weight: 400;"">The Ping iDi Utility Iron is engineered for better golfers who desire enhanced driving and long-iron performance. With three optimized loft choices (2, 3, and 4 irons), it allows players to precisely dial in their distance and trajectory. The thinner, forged maraging steel face is designed to flex more, resulting in increased ball speed and distance. Furthermore, the iDi improves turf interaction through its strategic design, featuring more bounce, a rounded lead edge, and increased sole camber, making it a versatile option for skilled players seeking a reliable alternative to traditional long irons or hybrids.</span></p>  <p><strong>The Tech Story</strong></p>  <p><span style=""font-weight: 400;"">The Ping iDi Utility Iron is a meticulously engineered club, offering distinct performance profiles across its three standard lofts: the 2-iron delivers low launch and spin as a traditional driving iron, the 3-iron provides mid launch and spin for versatile use as a driving or long-iron replacement, and the 4-iron boasts higher launch and more spin, making it ideal for holding greens. Its 17-4 stainless steel head, deeper front-to-back yet shallower, achieves a 15% higher MOI on high/low impacts, significantly e(more...)",Ping
6/5/2025 10:50 am,I240 STS,Ping i240 Iron Set,i240,No,Iron Set,2025,,,"<p><strong>Who’s It For?</strong></p>  <p><span style=""font-weight: 400;"">The Ping i240 Iron is designed for a broad spectrum of golfers, from skilled players seeking tour-level control and feel to those who desire added forgiveness. Its ""Players technology"" coupled with its high-launching characteristics makes it appealing to golfers across various skill levels who prioritize consistent distance control, shot-stopping ability on the greens, and a desirable look and feel.</span></p>  <p><strong>The Tech Story</strong></p>  <p><span style=""font-weight: 400;"">The Ping i240 Irons incorporate a sophisticated blend of technologies to enhance both forgiveness and feel. A key innovation is the new, lighter 8.5g ABS badge within the true cavity-back design, which, when combined with an elastomer insert, allows for significant perimeter weighting. This strategic redistribution of mass, particularly in the mid and long irons, substantially increases the Moment of Inertia (MOI), leading to an impressive 11% reduction in shot dispersion. Beyond improved forgiveness, the badge and elastomer insert are meticulously engineered to optimize acoustics, delivering a more desirable sound and a softer, responsive feel from the 431 stainless steel cast head. The irons also feature wider-spaced groo(more...)",Ping
5/23/2025 9:58 am,OR BRONZE MB24 STS,Bettinardi Oil Rubbed Bronze PVD MB24 Iron Set,Oil Rubbed Bronze PVD MB24,No,Iron Set,2025,,,"<p><strong>Who’s It For?</strong></p>  <p><span style=""font-weight: 400;"">The Bettinardi Oil Rubbed Bronze PVD MB24 Irons are designed for discerning golfers who prioritize both classic feel and modern performance, all within a visually striking package. These limited-edition irons cater to players seeking maximum control and added forgiveness from a player's profile, characterized by a thinner topline and differential muscle back weighting. The unique Oil Rubbed Bronze PVD finish not only provides enhanced durability and scratch resistance but also ensures these irons make a sophisticated statement in the golf bag, appealing to those who demand both exceptional playability and a bold aesthetic.</span></p>  <p><strong>The Tech Story</strong></p>  <p><span style=""font-weight: 400;"">The Bettinardi Oil Rubbed Bronze PVD MB24 Irons feature a sophisticated blend of technologies engineered to provide exceptional feel, precise control, and enhanced forgiveness for the discerning golfer. At the core of their design is the One Piece Co-Forged Solid Body construction, which seamlessly integrates internal components within a 1025 Carbon Steel chassis, delivering a solid feel and responsive feedback to the player. This is further refined by Tri-Material Construction, where high-density tu(more...)",Bettinardi
5/23/2025 9:57 am,OR BRONZE CB24 STS,Bettinardi Oil Rubbed Bronze PVD CB24 Iron Set,Oil Rubbed Bronze PVD CB24,No,Iron Set,2025,,,"<p><strong>Who’s It For?</strong></p>  <p><span style=""font-weight: 400;"">The Bettinardi Oil Rubbed Bronze PVD CB24 Irons are designed for golfers who desire a sophisticated aesthetic alongside high-performance playability. These limited-edition irons cater to players who appreciate a classic forged feel combined with modern innovation, specifically the forgiveness and distance offered by an optimal progressive cavity and perimeter weighting. The distinctive Oil Rubbed Bronze PVD finish not only enhances the visual appeal but also provides superior durability and scratch resistance, making these irons ideal for those who want their equipment to look exceptional and perform consistently over time.</span></p>  <p><strong>The Tech Story</strong></p>  <p><span style=""font-weight: 400;"">The Bettinardi Oil Rubbed Bronze PVD CB24 Irons incorporate a sophisticated blend of technologies to deliver an optimal balance of feel, forgiveness, and consistent performance. Their core One Piece Co-Forged Solid Body construction meticulously co-forges interior components within a 1025 Carbon Steel chassis, resulting in a solid iron with exceptional feel and responsive feedback to the player. This is further enhanced by Tri-Material Construction, which integrates high-density tungsten and militar(more...)",Bettinardi
5/23/2025 9:56 am,BR PVD MB24 STS,Bettinardi Black Rainbow PVD MB24 Iron Set,Black Rainbow PVD MB24,No,Iron Set,2025,,,"<p><strong>Who’s It For?</strong></p>  <p><span style=""font-weight: 400;"">The Bettinardi Black Rainbow PVD MB24 Irons are designed for golfers who seek a blend of precision performance, modern innovation, and distinctive style. These limited-edition irons cater to players who appreciate a classic forged feel but also desire the enhanced control and forgiveness offered by a thinner topline and differential muscle back weighting. Furthermore, the striking Black Rainbow PVD finish, which provides added durability and scratch resistance, appeals to those who want their clubs to make a bold statement on the course while maintaining an exceptional aesthetic.</span></p>  <p><strong>The Tech Story</strong></p>  <p><span style=""font-weight: 400;"">The Bettinardi Black Rainbow PVD MB24 Irons incorporate a sophisticated array of technologies to deliver a harmonious blend of feel, forgiveness, and precise control. At its core, the One Piece Co-Forged Solid Body construction seamlessly integrates internal components within a 1025 Carbon Steel chassis, providing a solid feel and responsive feedback crucial for discerning players. This foundation is augmented by Tri-Material Construction, which strategically embeds high-density tungsten and military-grade Ceramic Matrix Composites (CMC) into (more...)",Bettinardi
5/23/2025 9:41 am,BR PVD CB24 STS,Bettinardi Black Rainbow PVD CB24 Iron Set,Black Rainbow PVD CB24,No,Iron Set,2025,,,"<p><strong>Who’s It For?</strong></p>  <p><span style=""font-weight: 400;"">The Bettinardi Black Rainbow PVD CB24 Irons are designed for golfers who prioritize both performance and distinctive aesthetics. With their limited-edition Black Rainbow PVD finish, these irons appeal to players who want to make a statement on the course through their equipment's unique style. The added durability and scratch resistance of the PVD coating also cater to golfers who appreciate high-quality craftsmanship and seek long-lasting visual appeal from their clubs.</span></p>  <p><strong>The Tech Story</strong></p>  <p><span style=""font-weight: 400;"">These Bettinardi Black Rainbow PVD CB24 Irons marry a classic feel with cutting-edge engineering to elevate your game. They boast a One Piece Co-Forged Solid Body, seamlessly integrating internal components within a 1025 Carbon Steel frame for exceptional feel and responsive feedback. Further refining this is their Tri-Material Construction, which strategically places high-density tungsten and military-grade Ceramic Matrix Composites (CMC) in the forged body, creating precise weight distribution for maximum forgiveness, consistency, and balance throughout the set. What truly sets these irons apart is their Progressive COG Positioning, where tungsten an(more...)",Bettinardi
5/20/2025 10:47 am,702 PLUS F STS,New Level 702+ Forged Iron Set,702+ Forged,No,Iron Set,2025,,,"<p><strong>Who’s It For?</strong></p>  <p><span style=""font-weight: 400;"">Designed for golfers seeking a ""player's distance"" iron that prioritizes both power and precision, the New Level 702+ Forged Irons cater to a broad range of ""serious golfers"" who want increased distance and forgiveness without sacrificing the feel and control typically associated with forged irons. With a slightly oversized profile compared to the other 702 models, they offer enhanced confidence at address and more stability on off-center strikes, making them an excellent choice for those looking to maximize their iron distance while maintaining shot-making capability.</span></p>  <p><strong>The Tech Story</strong></p>  <p><span style=""font-weight: 400;"">The New Level 702+ Forged Irons are engineered as a ""player's distance"" iron, specifically for golfers who desire amplified power without compromising on precision. This slightly oversized model is meticulously designed to generate greater distance, offering an ideal solution for players seeking enhanced forgiveness while retaining essential control. A pivotal technological feature, consistent across the 702 lineup, is the tungsten plug strategically positioned in the toe. This innovation is key to achieving a low and perfectly balanced center of gravity(more...)",New Level
5/14/2025 2:12 pm,702 CB F STS,New Level 702 CB Forged Iron Set,702 CB Forged,No,Iron Set,2025,,,"<p><strong>Who’s It For?</strong></p>  <p><span style=""font-weight: 400;"">These forged irons are designed for golfers who desire a blend of classic feel and modern forgiveness, the New Level 702 CB Forged Irons cater to a wide range of ""serious golfers"" seeking a balance of playability and consistency. While maintaining a refined, compact aesthetic similar to a blade, the cavity-back design and strategic tungsten weighting offer enhanced stability on off-center hits. This makes them suitable for players who appreciate precise feedback but also need a touch more leniency than a pure muscle-back iron, ultimately providing a versatile option for those looking to improve their ball-striking and achieve consistent performance across the face.</span></p>  <p><strong>The Tech Story</strong></p>  <p><span style=""font-weight: 400;"">The New Level 702 CB Forged Irons masterfully combine the classic, unadulterated feel of a blade with the added benefit of modern forgiveness, making them ideal for golfers who seek the best of both worlds. Featuring a profile strikingly similar to the 702 MB, but with a less intimidating top line, these irons are designed to provide enhanced stability on off-center hits. This stability is further amplified by a precisely integrated tungsten toe weight, whic(more...)",New Level
5/14/2025 1:58 pm,702 MB F STS,New Level 702 MB Forged Iron Set,702 MB Forged,No,Iron Set,2025,,,"<p><strong>Who’s It For?</strong></p>  <p><span style=""font-weight: 400;"">Primarily designed for ""purists"" and highly skilled golfers, the New Level 702 MB Forged Irons are ideal for players who prioritize unmatched control, workability, and traditional aesthetics in their iron play. Offering precise feedback, they allow players to shape shots with ease, making them ideal for those who demand total command over their ball flight. While they are a true blade, this particular muscle-back model was also designed with consistency in mind, making it a viable option for serious golfers looking to refine their skills and gain better control compared to some multi-piece, super game-improvement irons.</span></p>  <p><strong>The Tech Story</strong></p>  <p><span style=""font-weight: 400;"">The New Level 702 MB Forged Irons represent the pinnacle of control and precision within the 702 series, meticulously engineered with direct input from Tour professionals. This muscle-back blade design boasts a sleek, compact profile, embodying a traditional aesthetic that appeals to golfers who value responsive feedback and unadulterated feel. A key technological feature is the strategically placed tungsten plug in the toe, which creates a perfectly balanced center of gravity (CG). This optimized CG pl(more...)",New Level
5/1/2025 3:06 pm,SPDR 5K ZT LONG PUT,TaylorMade Spider 5K-ZT Long Putter,Spider 5K-ZT Long,No,Putter,2025,,,"<p><strong>Who’s It For?</strong></p>  <p><span style=""font-weight: 400;"">Zero-torque putters are the hottest thing in golf right now, and the Spider 5K-ZT Long Putter is one of TaylorMades new premium offerings. Specifically designed for golfers who prefer the added stability and control offered by a longer putter, Its low torque shaft design and high MOI construction incorporated into the longer design can help minimize wrist movement and create a more pendulum-like stroke, making it particularly suitable for players seeking increased stability and a consistent putting motion. The unique sole shaping accommodates various putting styles and ball positions, while the milled True Path™ alignment aids those who value clear visual cues for accurate setup.</span></p>  <p><strong>The Tech Story</strong></p>  <p><span style=""font-weight: 400;""> The TaylorMade Spider 5K-ZT Long Putter is engineered for exceptional stability and precise alignment, featuring a low torque design achieved through a KBS putter shaft bored directly toe-ward near the CG with a 1° shaft lean and 25mm onset. Its uniquely shaped sole is specifically crafted to complement this hosel configuration, accommodating various player types and ball positions to promote a consistent and repeatable stroke. The putter's s(more...)",TaylorMade
5/1/2025 3:03 pm,SPDR 5K ZT CB PUT,TaylorMade Spider 5K-ZT Counter Balance Putter,Spider 5K-ZT Counter Balance,No,Putter,2025,,,"<p><strong>Who’s It For?</strong></p>  <p><span style=""font-weight: 400;"">Zero-torque putters are the hottest thing in golf right now, and the Spider 5K-ZT Counter Balance Putter is one of TaylorMades new premium offerings. Specifically designed for golfers who prioritize exceptional stability and precise alignment in their putting stroke, Its low torque shaft design and high MOI construction cater to players seeking to minimize face rotation and maintain a consistent stroke path. The unique sole shaping accommodates various putting styles and ball positions, while the milled True Path™ alignment aids those who value clear visual cues for accurate setup. The counter-balancing technology, achieved by adding weight to the grip end, helps to quiet the hands and promote a more pendulum-like motion. This design is especially beneficial for players looking to reduce wrist action and maintain a stable putter face throughout their stroke, leading to improved accuracy and distance control.</span></p>  <p><strong>The Tech Story</strong></p>  <p><span style=""font-weight: 400;""> The TaylorMade Spider 5K-ZT Counter Balance Putter is engineered for exceptional stability and precise alignment, featuring a low torque design achieved through a KBS putter shaft bored directly toe-ward near the (more...)",TaylorMade
5/1/2025 2:58 pm,SPDR 5K ZT PUT,TaylorMade Spider 5K-ZT Putter,Spider 5K-ZT,No,Putter,2025,,,"<p><strong>Who’s It For?</strong></p>  <p><span style=""font-weight: 400;"">Zero-torque putters are the hottest thing in golf right now, and the Spider 5K-ZT Putter is TaylorMades new premium offering. Specifically designed for golfers who prioritize exceptional stability and precise alignment in their putting stroke, Its low torque shaft design and high MOI construction cater to players seeking to minimize face rotation and maintain a consistent stroke path. The unique sole shaping accommodates various putting styles and ball positions, while the milled True Path™ alignment aids those who value clear visual cues for accurate setup. Ultimately, this putter is ideal for golfers looking for enhanced forgiveness, a stable feel, and reliable alignment to improve their putting accuracy.</span></p>  <p><strong>The Tech Story</strong></p>  <p><span style=""font-weight: 400;""> The TaylorMade Spider 5K-ZT Putter is engineered for exceptional stability and precise alignment, featuring a low torque design achieved through a KBS putter shaft bored directly toe-ward near the CG with a 1° shaft lean and 25mm onset. Its uniquely shaped sole is specifically crafted to complement this hosel configuration, accommodating various player types and ball positions to promote a consistent and repeatable(more...)",TaylorMade
4/18/2025 12:48 pm,CB 302 QPQ STS,Miura CB-302 QPQ Iron Set,CB-302 QPQ,No,Iron Set,2024,,,"<p><strong>Who’s it For?</strong></p>  <p><span style=""font-weight: 400;"">The Miura CB-302 QPQ Irons are designed for a broad spectrum of golfers who desire the exceptional feel and performance of a forged iron coupled with significant forgiveness and a penetrating ball flight. These irons cater to players ranging from mid to higher handicaps who want to maximize distance and maintain accuracy without sacrificing the playability and aesthetic appeal of a Miura club. The design aims to provide confidence at address and consistent performance across various swing types, making it an accessible option for those seeking to elevate their iron game with a forgiving yet high-performing forged cavity-back.</span></p>  <p><strong>The Tech Story</strong></p>  <p><span style=""font-weight: 400;"">The Miura CB-302 QPQ Irons represent a groundbreaking achievement in forged cavity-back design, specifically engineered to provide all golfers with the benefits of a penetrating ball flight, traditionally sought after by better players, without sacrificing any aspect of iron play for enhanced forgiveness. This revolutionary design, a testament to Miura's forging expertise, has resulted in the longest forged cavity-back iron ever produced by Miura Golf, boasting a visually stunning aesthetic that t(more...)",Miura
4/18/2025 12:42 pm,MC 502 QPQ STS,Miura MC-502 QPQ Iron Set,MC-502 QPQ,No,Iron Set,2024,,,"<p><strong>Who’s it For?</strong></p>  <p><span style=""font-weight: 400;"">The Miura MC-502 QPQ Irons are designed for a wide spectrum of golfers, from those transitioning out of game-improvement irons to more skilled players who appreciate the aesthetics and feel of a blade but desire enhanced forgiveness and playability. The subtle design enhancements, including increased face progression and optimized weight distribution, cater to better players seeking workability and control, while the increased bounce and camber contribute to more forgiving turf interaction, making them accessible to a broader range of handicaps who value exceptional feel and performance.</span></p>  <p><strong>The Tech Story</strong></p>  <p><span style=""font-weight: 400;"">The Miura MC-502 QPQ Irons represent a significant evolution of the popular MC-501 ""modern blade”, building upon its legacy by incorporating subtle yet impactful design enhancements to improve both forgiveness and overall performance to meet the needs of a wide range of players. By optimizing weight, density, and its distribution, the MC-501 redefined the possibilities of blade iron design, and the MC-502 takes these advancements further with increased face progression (less offset) favored by better players and a softer, more rounded (more...)",Miura
4/18/2025 11:29 am,IC 602 BLACK IP STS,Miura IC-602 Black IP Iron Set,IC-602 Black IP,No,Iron Set,2024,,,"<p><strong>Who’s it For?</strong></p>  <p><span style=""font-weight: 400;"">The Miura IC-602 Black IP Irons are designed for intermediate to advanced golfers who seek a blend of distance and forgiveness in a premium styled iron without sacrificing the exceptional feel and sound synonymous with the Miura name. These irons cater to players who desire the benefits of a hollow-body construction for enhanced playability and consistent performance across the bag, while still valuing the precision and workability expected from a Miura club. The design promotes confidence in shaping shots and offers reliable distance control with optimized turf interaction</span></p>  <p><strong>The Tech Story</strong></p>  <p><span style=""font-weight: 400;"">The Miura IC-602 Black IP Irons represent a fusion of Miura's revered tradition and modern manufacturing techniques, meticulously crafted by Shinei Miura to deliver a hollow-body iron that achieves both impressive distance and substantial forgiveness while upholding the brand's renowned look, feel, and sound. This design provides intermediate to advanced players with the confidence to shape shots with precision, all within a compact head that offers reliable distance control unlike many conventional hollow-bodied irons, maintaining a solid Miura fee(more...)",Miura
4/18/2025 10:00 am,TC 202 STS,Miura TC-202 Iron Set,TC-202,No,Iron Set,2024,,,"<p><strong>Who’s it For?</strong></p>  <p><span style=""font-weight: 400;"">The Miura TC-202 Irons are designed for discerning golfers who seek a harmonious blend of muscle-back precision and cavity-back forgiveness in their irons. These clubs cater to players who value exceptional feel and control, yet also desire enhanced stability and forgiveness on off-center strikes. Built with insights from professionals and top amateurs, the TC-202 is ideal for skilled golfers looking for a high-performance iron that offers both workability and a measure of assistance for consistent results across the set.</span></p>  <p><strong>The Tech Story</strong></p>  <p><span style=""font-weight: 400;"">Representing a refined evolution of the player's cavity back design, the Miura TC-202 Irons build upon decades of Miura craftsmanship to deliver a redefined level of precision, forgiveness, and stability. Inspired by insights from professionals, top amateurs, and launch data, the TC-202 incorporates the legacy of the TC-201 and draws additional inspiration from the CB-57. A critical technological enhancement is the introduction of the T-Weight Bar, which optimizes center mass distribution throughout the set, leading to improved trajectory control, consistent spin, and enhanced forgiveness across all i(more...)",Miura
4/7/2025 9:21 am,R7 QUAD MINI DVR,TaylorMade r7 Quad Mini Driver,r7 Quad Mini,No,Driver,2025,,,"<p><strong>Who’s it For?</strong></p> <p><span style=""font-weight: 400;"">Designed for golfers seeking enhanced versatility and playability, the TaylorMade r7 Quad Mini Drive appeals to those who appreciate a blend of classic design inspiration with modern technology, aiming to bridge the gap between fairway woods and drivers. This club is ideal for individuals looking for a more forgiving option off the tee or a reliable tool for tight fairways, offering a balance of distance and control for a wide range of skill levels.</span></p> <p><strong>The Tech Story</strong></p> <p><span style=""font-weight: 400;"">The TaylorMade r7 Quad Mini Driver integrates advanced technology to deliver versatile performance, featuring the R7 Quad Weighting System with four movable weights (13g x2, 4g x2) for customizable spin and shot shape control, allowing golfers to optimize for distance with a forward CG or prioritize control with a rear CG. A new satin Infinity Carbon Crown not only enhances aesthetics but also reduces weight for improved mass optimization, contributing to a clean and confidence-inspiring look. This mini driver incorporates trusted TaylorMade technologies like Twist Face™ and Speed Pocket™, ensuring peak performance from both the tee and fairway. Furthermore, it boasts a mini-d(more...)",TaylorMade
3/12/2025 10:31 am,OZ1 I SWEEPER PUT,L.A.B. Golf OZ.1i Sweeper Putter,OZ.1i Sweeper,No,Putter,2025,,,"<p><strong>Who’s It For?</strong></p>  <p><span style=""font-weight: 400;"">The L.A.B. Golf OZ.1i Sweeper Putter is specifically designed for golfers who prefer a longer, more upright putting stroke, seeking enhanced consistency and a more linear motion. It caters to players who desire the benefits of a sweeper-style putter with the added advantage of Lie Angle Balance, eliminating torque for a stable, repeatable stroke. With its intuitive mallet design, it simplifies aiming and setup, making it ideal for those prioritizing ease of use and customizability, especially in longer putter lengths.</span></p>  <p><strong>The Tech Story</strong></p>  <p><span style=""font-weight: 400;"">The L.A.B. Golf OZ.1i Sweeper Putter, developed in partnership with Adam Scott, represents a significant evolution in putter design by incorporating a stainless steel face insert for the first time in LAB Golf's lineup, delivering a firmer feel and faster ball speeds preferred by some golfers. This sweeper-style putter builds upon the core technology of the original OZ.1i, featuring a solid-body construction and a larger, heavier head augmented with two additional sole weights to optimize performance in longer-length configurations. A key design element is the more forward shaft placement, mirroring the M(more...)",L.A.B. Golf
3/12/2025 8:57 am,OZ1 I AL PUT,L.A.B. Golf OZ.1i Armlock Putter,OZ.1i Armlock,No,Putter,2025,,,"<p><strong>Who’s It For?</strong></p>  <p><span style=""font-weight: 400;"">The L.A.B. Golf OZ.1i ArmLock Putter is designed for golfers of all skill levels, from PGA Tour professionals to recreational players, who are seeking a more consistent and reliable putting stroke. It's particularly beneficial for those who struggle with wrist movement and inconsistent speed control, or those who have considered alternative putting methods due to frustration with their current putter. Essentially, it caters to anyone looking to improve their putting game and make it a more enjoyable part of their golf experience, especially those drawn to the stability and control offered by the ArmLock style.</span></p>  <p><strong>The Tech Story</strong></p>  <p><span style=""font-weight: 400;"">The L.A.B. Golf OZ.1i ArmLock Putter leverages the company's patented Lie Angle Balance Technology to achieve a torque-free stroke, effectively eliminating unwanted putter head rotation and promoting a consistent, pendulum-like motion. This ArmLock variant builds upon the OZ.1i's foundational design, incorporating a stainless steel face insert, a first for L.A.B. Golf putters, which delivers a firmer feel and enhanced ball speed at impact, catering to golfers who prefer a more responsive feedback. By adhering to (more...)",L.A.B. Golf
3/10/2025 10:43 am,INFINITE WGS,Wilson Staff Infinite Wedge,Infinite,No,Wedge,2025,,,"<p><strong>Who’s it For?</strong></p>  <p><span style=""font-weight: 400;"">New in 2025, the Wilson Staff Infinite Wedge is an easy-to-hit and confidence inspiring wedge, perfect for the golfer looking for consistent wedge play around the greens. Featuring a wider sole and an easy leading edge for enhanced forgiveness, the Infinite Wedge offers state of the art technologyI in a friendly wedge shape.</span></p>  <p><strong>The Tech Story</strong></p>  <p><span style=""font-weight: 400;"">The Wilson Staff Infinite Wedge is engineered to provide golfers with enhanced forgiveness and feel around the greens, featuring a cavity back design with a wide sole and an easy leading edge to facilitate smoother turf interaction and a seamless transition from irons. Its high-performing precision-milled grooves are designed to maximize ball-to-face contact, resulting in increased spin in diverse conditions. The confidence-inspiring shaping of the cavity back is complemented by a high MOI and forgiving sole, characterized by a larger head and wider profile, which delivers maximum forgiveness across various turf and lie conditions. Furthermore, a TPU insert strategically placed within the cavity contributes to the wedge's exceptionally soft feel at impact, making it a reliable and user-friendly opt(more...)",Wilson Staff
3/7/2025 10:29 am,WINGMAN 806 PUT,Tour Edge Wingman 806 Putter,Wingman 806,No,Putter,2025,,,"<p><strong>Who’s it For?</strong></p>  <p><span style=""font-weight: 400;"">The all-new Wingman 800 putter series is meticulously crafted with key design innovations focused on maximizing Moment of Inertia (MOI) and overall stability, ensuring a smoother stroke and greater consistency that will empower you to approach every putt with unwavering trust. The Wingman 806 features an L-neck hosel, best for players with a straight stroke or slight arc to their putting stroke.</span></p>  <p><strong>The Tech Story</strong></p>  <p><span style=""font-weight: 400;"">The Tour Edge Wingman 806 putter blends the classic aesthetics of a blade with modern technology to deliver high performance, featuring a high MOI design achieved through an aluminum sole plate and hollow core that strategically redistributes weight to the heel and toe for enhanced stability and consistent ball speed across its precision-milled signature ""W"" face. Feel is significantly enhanced by a VIBRCOR soft TPU insert located behind the 304 stainless steel putter face, providing an ultra-soft impact sensation and promoting pure roll. The putter also incorporates an alignment-enhancing design with a contrasting white stripe that focuses the golfer's eye on the target line, complemented by subtle design cues and the L-neck h(more...)",Tour Edge
3/7/2025 10:27 am,WINGMAN 805 PUT,Tour Edge Wingman 805 Putter,Wingman 805,No,Putter,2025,,,"<p><strong>Who’s it For?</strong></p>  <p><span style=""font-weight: 400;"">The all-new Wingman 800 putter series is meticulously crafted with key design innovations focused on maximizing Moment of Inertia (MOI) and overall stability, ensuring a smoother stroke and greater consistency that will empower you to approach every putt with unwavering trust. The Wingman 805 features a slant neck hosel, best for players with a moderate arc to their putting stroke.</span></p>  <p><strong>The Tech Story</strong></p>  <p><span style=""font-weight: 400;"">The Tour Edge Wingman 805 putter blends high MOI characteristics with the classic aesthetics of a blade, utilizing an aluminum sole plate and hollow core to redistribute weight to the heel and toe, thereby maximizing stability and ensuring consistent speed across its precision-milled signature ""W"" face. Feel is significantly enhanced through a VIBRCOR soft TPU insert positioned behind the 304 stainless steel putter face, providing an ultra-soft impact sensation and promoting optimal roll. The putter also incorporates an alignment-enhancing design, featuring a prominent contrasting white stripe to focus the golfer's eye on the target line, further aided by subtle design cues and the slant neck hosel, which contributes to its mid toe hang. Fin(more...)",Tour Edge
3/7/2025 10:24 am,WINGMAN 804 PUT,Tour Edge Wingman 804 Putter,Wingman 804,No,Putter,2025,,,"<p><strong>Who’s it For?</strong></p>  <p><span style=""font-weight: 400;"">The all-new Wingman 800 putter series is meticulously crafted with key design innovations focused on maximizing Moment of Inertia (MOI) and overall stability, ensuring a smoother stroke and greater consistency that will empower you to approach every putt with unwavering trust. The Wingman 804 features a double bend hosel in a face balanced design, best for players with a straight putting stroke.</span></p>  <p><strong>The Tech Story</strong></p>  <p><span style=""font-weight: 400;"">The Tour Edge Wingman 804 putter is expertly engineered for exceptional stability and a soft, responsive feel, featuring a high MOI design achieved through an aluminum sole plate and hollow core that strategically positions weight in the heel and toe areas, leading to a smoother stroke and consistent ball speed across its precision-milled signature ""W"" face. The inclusion of a VIBRCOR soft TPU insert, situated behind the 304 stainless steel putter face, significantly enhances feel by providing an ultra-soft impact sensation and promoting optimal roll. Alignment is further improved by a prominent contrasting white stripe that directs the golfer's focus along the intended putting line, complemented by subtle design elements and t(more...)",Tour Edge
3/7/2025 10:22 am,WINGMAN 803 PUT,Tour Edge Wingman 803 Putter,Wingman 803,No,Putter,2025,,,"<p><strong>Who’s it For?</strong></p>  <p><span style=""font-weight: 400;"">The all-new Wingman 800 putter series is meticulously crafted with key design innovations focused on maximizing Moment of Inertia (MOI) and overall stability, ensuring a smoother stroke and greater consistency that will empower you to approach every putt with unwavering trust. The Wingman 803 features a slant neck hosel, best for players with a moderate arc to their putting stroke.</span></p>  <p><strong>The Tech Story</strong></p>  <p><span style=""font-weight: 400;"">The Tour Edge Wingman 803 putter incorporates a high MOI design, achieved through a strategically placed aluminum sole plate and a hollow center, which optimizes weight distribution towards the heel and toe to promote a stable putting stroke and consistent ball speed across its precision-milled signature ""W"" face. Enhanced feel is a key feature, provided by a VIBRCOR soft TPU insert situated behind the 304 stainless steel putter face, resulting in an ultra-soft impact sensation and encouraging a pure roll. The putter also integrates an alignment-enhancing design, utilizing a prominent contrasting white stripe to guide the golfer's focus along the intended target line, complemented by subtle design elements and the slant neck hosel, which con(more...)",Tour Edge
3/7/2025 10:19 am,WINGMAN 802 PUT,Tour Edge Wingman 802 Putter,Wingman 802,No,Putter,2025,,,"<p><strong>Who’s it For?</strong></p>  <p><span style=""font-weight: 400;"">The all-new Wingman 800 putter series is meticulously crafted with key design innovations focused on maximizing Moment of Inertia (MOI) and overall stability, ensuring a smoother stroke and greater consistency that will empower you to approach every putt with unwavering trust. The Wingman 802 features a double bend hosel in a face balanced design, best for players with a straight putting stroke.</span></p>  <p><strong>The Tech Story</strong></p>  <p><span style=""font-weight: 400;"">The Tour Edge Wingman 802 putter is engineered for maximum forgiveness and a soft feel, utilizing a high MOI design achieved through an aluminum sole plate and hollow center that strategically redistributes weight to the heel and toe for enhanced stability and consistent speed across its precision-milled signature ""W"" face. The putter's feel is significantly improved by a VIBRCOR soft TPU insert located behind the 304 stainless steel face, delivering an ultra-soft sensation at impact and promoting pure roll. Alignment is prioritized with a contrasting white stripe that focuses the golfer's eye on the target line, further aided by subtle design angles and the specific double bend hosel, which contributes to its face-balanced nat(more...)",Tour Edge
3/7/2025 9:49 am,WINGMAN 801 PUT,Tour Edge Wingman 801 Putter,Wingman 801,No,Putter,2025,,,"<p><strong>Who’s it For?</strong></p>  <p><span style=""font-weight: 400;"">The all-new Wingman 800 putter series is meticulously crafted with key design innovations focused on maximizing Moment of Inertia (MOI) and overall stability, ensuring a smoother stroke and greater consistency that will empower you to approach every putt with unwavering trust. The Wingman 801 features a slant neck hosel, best for players with a moderate to strong arc to their putting stroke.</span></p>  <p><strong>The Tech Story</strong></p>  <p><span style=""font-weight: 400;"">The Tour Edge Wingman 801 putter leverages advanced design and materials to deliver exceptional performance and feel on the green. Its highest MOI design is achieved through a strategically placed aluminum sole plate and hollow center, which redistributes weight to the heel and toe, resulting in a remarkably stable stroke and consistent ball speed across the precision-milled signature ""W"" face. Feel is significantly enhanced by a VIBRCOR soft TPU insert positioned behind the 304 stainless steel face, providing an ultra-soft impact sensation and promoting pure roll. The putter also incorporates an alignment-enhancing design, featuring a contrasting white stripe that guides the eye to the target line, complemented by subtle visual cu(more...)",Tour Edge
3/6/2025 11:41 am,2025 3DP AGERA CB PUT,Cobra 2025 3D Printed Agera CB Putter,2025 3D Printed Agera CB,No,Putter,2025,,,"<p><strong>Who’s It For?</strong></p>  <p><span style=""font-weight: 400;"">The Cobra 2025 3D Printed Agera CB Putter is designed for golfers seeking exceptional stability and a smoother, more controlled putting stroke in an oversized mallet design. Its 3D printed multi-material construction, combined with a 38"" shaft and 17"" counter-balanced grip, directly addresses the needs of players who struggle with distance control and tempo. LA GOLF's Descending Loft Face Technology further benefits those aiming for consistent launch and reliable roll, making this putter ideal for any golfer looking to enhance their putting accuracy and consistency with a high-tech, forgiving design.</span></p>  <p><strong>The Tech Story</strong></p>  <p><span style=""font-weight: 400;"">The Cobra 2025 3D Printed Agera CB Putter is engineered for maximum stability and performance through its multi-material construction, featuring an oversized mallet shape that integrates a 3D printed nylon lattice cartridge, a 304 stainless steel MIM frame, and a carbon fiber crown. The intricate 3D printed nylon lattice optimizes weight savings, allowing for a low and forward center of gravity that enhances energy transfer and stability. Utilizing LA GOLF's Descending Loft Technology, the 304 stainless steel insert incorp(more...)",Cobra
3/6/2025 11:36 am,2025 3DP SUPERNOVA CB PUT,Cobra 2025 3D Printed Supernova CB Putter,2025 3D Printed Supernova CB,No,Putter,2025,,,"<p><strong>Who’s It For?</strong></p>  <p><span style=""font-weight: 400;"">The Cobra 2025 3D Printed Supernova CB Putter is tailored for golfers who prioritize stability and a smooth, consistent stroke in an oversized mallet design. Its multi-material 3D printed construction, coupled with a 38"" shaft and 17"" counter-balanced grip, specifically benefits players aiming to improve distance control and tempo. The integration of LA GOLF's Descending Loft Face Technology caters to those seeking reliable launch and optimal roll, making it an ideal choice for golfers looking to refine their putting with a forgiving, high-tech putter that emphasizes ease of use.</span></p>  <p><strong>The Tech Story</strong></p>  <p><span style=""font-weight: 400;"">The Cobra 2025 3D Printed Supernova CB Putter leverages a sophisticated multi-material construction within its oversized fang shape, integrating a 3D printed nylon lattice cartridge, a 304 stainless steel MIM frame, and a carbon fiber crown to maximize stability and optimize weight distribution. The intricate 3D printed nylon lattice strategically saves weight, enabling a low and forward center of gravity for enhanced energy transfer and stability. Featuring LA GOLF's Descending Loft Technology, the 304 stainless steel insert utilizes four des(more...)",Cobra
3/6/2025 11:25 am,2025 3DP AGERA RS CB PUT,Cobra 2025 3D Printed Agera RS CB Putter,2025 3D Printed Agera RS CB,No,Putter,2025,,,"<p><strong>Who’s It For?</strong></p>  <p><span style=""font-weight: 400;"">The Cobra 2025 3D Printed Agera RS CB Putter is designed for golfers seeking maximum stability and improved tempo in an oversized mallet design. Its multi-material 3D printed construction, combined with a 38"" shaft and 17"" counter-balanced grip, specifically targets players who struggle with distance control and stroke fluidity. The addition of LA GOLF's Descending Loft Face Technology caters to those prioritizing consistent launch and optimal roll, making it ideal for players looking to refine their putting performance with a high-tech, forgiving putter.</span></p>  <p><strong>The Tech Story</strong></p>  <p><span style=""font-weight: 400;"">The Cobra 2025 3D Printed Agera RS CB Putter utilizes a sophisticated multi-material construction to maximize stability and performance, featuring a 15% smaller profile than the standard Agera. This design incorporates a 3D printed nylon lattice cartridge, a 304 stainless steel MIM frame, and a carbon fiber crown, strategically distributing weight for optimal center of gravity positioning. The intricate 3D printed nylon lattice optimizes weight savings, enabling a low and forward CG for enhanced energy transfer and stability. A groundbreaking 304 stainless steel inser(more...)",Cobra
3/6/2025 9:55 am,2025 KING TEC HYG,Cobra 2025 KING Tec Hybrid,2025 KING Tec,No,Hybrid,2025,,,"<p><strong>Who’s It For?</strong></p>  <p><span style=""font-weight: 400;"">The new Cobra KING TEC Hybrid features a refined shape, all new FutureFit33 adjustable loft and lie system, H.O.T. Face Technology, and adjustable weighting and loft to deliver ultimate versatility in a better player hybrid</span></p>  <p><strong>The Tech Story</strong></p>  <p><span style=""font-weight: 400;"">The Cobra 2025 KING Tec Hybrid is engineered for discerning players seeking precision and performance, showcasing a suite of advanced technologies. Its refined, compact shape caters to workability, while the H.O.T. Face technology, featuring 15 optimized zones, ensures consistent speed and spin across the entire clubface. The forged PWRSHELL face insert further enhances ball speed and launch through increased flexibility. A lightweight carbon crown strategically redistributes weight for improved speed and forgiveness. Moreover, the adjustable weighting system, utilizing two 12g weights that can be positioned in the toe or heel, allows for meticulous trajectory and spin customization, with further weight adjustments available through custom options, making it a highly adaptable hybrid for skilled golfers.</span></p>  <p><strong>Facts and Figures</strong></p>  <p><span style=""font-weight: 400;"">Head(more...)",Cobra
2/25/2025 2:29 pm,PRIME 13 STS,XXIO Prime 13 Iron Set,Prime 13,No,Iron Set,2025,,,"<p><strong>Who’s It For?</strong></p>  <p><span style=""font-weight: 400;"">The XXIO Prime 13 Irons are meticulously designed for golfers who prioritize elegance, effortless performance, and a high degree of forgiveness. Inspired by the beauty and strength of Japanese traditional performing arts, these clubs cater to players seeking a premium, lightweight design that maximizes distance and launch. The advanced technology, including a low center of gravity and Rebound Frame, ensures faster ball speeds, a higher launch, and a steeper descent angle, making them ideal for golfers aiming to improve their approach shots and achieve consistent greenside control.</span></p>  <p><strong>The Tech Story</strong></p>  <p><span style=""font-weight: 400;"">The XXIO Prime 13 Irons leverage a sophisticated, four-piece construction featuring a thin, high-strength titanium face to generate exceptional ball speeds and distance. This design, coupled with a strategically positioned, high-density tungsten-nickel toe weight, facilitates a remarkably low center of gravity, promoting a higher, straighter launch trajectory. XXIO's innovative REBOUND FRAME technology further enhances performance by incorporating an L-shaped groove in the iron body and new grooves along the clubhead's outer periphery, signif(more...)",XXIO
2/25/2025 2:26 pm,PRIME 13 FWG,XXIO Prime 13 Fairway Wood,Prime 13,No,Fairway Wood,2025,,,"<p><strong>Who’s It For?</strong></p> <p><span style=""font-weight: 400;"">The XXIO Prime 13 Fairway Wood is tailored for golfers who seek a blend of sophisticated design and effortless performance. Inspired by Japanese artistry, it prioritizes ease of swing and distance, while offering enhanced control for accurate shots. This club is ideal for players who value a premium, elegant feel and an enjoyable acoustic impact, providing a refined golfing experience with advanced technology that promotes consistent results.</span></p> <p><strong>The Tech Story</strong></p> <p><span style=""font-weight: 400;"">The XXIO Prime 13 Fairway Wood is engineered for maximum distance and accuracy through a combination of innovative technologies. The newly developed BiFLEX FACE acts as a reinforced frame, maximizing ball speed across a larger sweet spot, while the CANNON SOLE design lowers the center of gravity to optimize launch and distance without sacrificing face flexibility. The draw-biased design, enhanced by a precision milling pattern on the toe and heel, leverages the gear effect to promote straighter shots, even on off-center hits and in challenging conditions. ACTIVWING technology further enhances performance by utilizing aerodynamic forces to stabilize the clubhead throughout the swing, (more...)",XXIO
2/25/2025 2:21 pm,PRIME 13 HYG,XXIO Prime 13 Hybrid,Prime 13,No,Hybrid,2025,,,"<p><strong>Who’s It For?</strong></p>  <p><span style=""font-weight: 400;"">The XXIO Prime 13 Hybrid is crafted for golfers who appreciate refined aesthetics and demand effortless performance. Inspired by Japanese artistry, it offers a premium experience with a focus on ease of swing, enhanced distance control, and a pleasing feel and sound at impact. This hybrid is designed for players seeking a blend of elegance and advanced technology, providing more control and accuracy while maintaining a smooth, enjoyable swing.</span></p>  <p><strong>The Tech Story</strong></p>  <p><span style=""font-weight: 400;"">The XXIO Prime 13 Hybrid integrates cutting-edge technology to deliver exceptional distance and accuracy. The newly engineered BiFLEX FACE acts as a robust frame, strategically reinforcing the highly flexible face to maximize ball speed across a broader sweet spot. Complementing this, the CANNON SOLE design lowers the center of gravity for an optimal launch and increased distance, while its unique shape allows for precise weight placement without compromising face flexibility. The draw-biased design, enhanced by a precision milling pattern on the toe and heel, utilizes the gear effect to promote straighter, fairway-finding shots, even on off-center strikes and in wet conditions. (more...)",XXIO
2/25/2025 2:12 pm,PRIME 13 DVR,XXIO Prime 13 Driver,Prime 13,No,Driver,2025,,,"<p><strong>Who’s It For?</strong></p> <p><span style=""font-weight: 400;"">The XXIO Prime 13 Driver caters to golfers who prioritize a refined aesthetic and effortless performance. Inspired by Japanese artistry, it focuses on ease of swing and maximizing distance, while also providing enhanced control for improved accuracy. This driver is ideal for players who appreciate a premium, elegant feel and a satisfying acoustic impact, offering a sophisticated golfing experience with advanced technology designed to deliver consistent and impressive results.</span></p> <p><strong>The Tech Story</strong></p> <p><span style=""font-weight: 400;"">The XXIO Prime 13 Driver is engineered to deliver maximum distance and accuracy through a synergistic integration of advanced technologies. The new BiFLEX FACE acts as a robust frame, reinforcing the highly flexible face to optimize ball speed across a broader sweet spot, while the CANNON SOLE design lowers the center of gravity to enhance launch and distance without compromising face flexibility. The draw-biased design, coupled with a precision milling pattern on the toe and heel, leverages the gear effect to promote straighter, fairway-finding drives, even on off-center strikes and in wet conditions. ACTIVWING technology further enhances performanc(more...)",XXIO
2/21/2025 3:10 pm,2025 KING X CHROME WGS,Cobra 2025 King-X Chrome Wedge,2025 King-X Chrome,No,Wedge,2025,,,"<p><strong>Who’s It For?</strong></p>  <p><span style=""font-weight: 400;"">Take control of your short game with the Cobra KING-X Wedge. Its forgiving cavity back design provides enhanced confidence and consistency on every shot. Experience a blend of reliability and creativity from its progressive teardrop grind, making every shot precise and inspired. Play with confidence and master every challenge with the Cobra KING-X Wedge</span></p>  <p><strong>The Tech Story</strong></p>  <p><span style=""font-weight: 400;"">The Cobra 2025 King-X Chrome Wedge leverages cutting-edge technology to deliver exceptional forgiveness and feel. Utilizing Metal Injection Molding (MIM), the wedge achieves 50% tighter tolerances than traditional cast wedges, resulting in a heat-treated, refined grain structure for a softer feel and enhanced durability. An innovative hollow design frees up 20 grams of weight, strategically redistributed to the perimeter, significantly enhancing forgiveness and stability. This design is complemented by a strategically placed TPU insert within the hollow cavity back, further maximizing forgiveness on off-center hits and providing a soft, responsive feel. The progressive teardrop grind, with added camber, enhances versatility, allowing for seamless navigation through vari(more...)",Cobra
2/21/2025 3:06 pm,2025 KING RAW WGS,Cobra 2025 King Raw Wedge,2025 King Raw,No,Wedge,2025,,,"<p><strong>Who’s It For?</strong></p>  <p><span style=""font-weight: 400;"">The Cobra 2025 King RAW Wedge is designed for the discerning golfer who values exceptional feel and adaptable performance, coupled with a classic, unplated aesthetic. Crafted with MIM-processed 8620 steel, it delivers a remarkably soft feel, while the four grind options and Flight Window Technology enable tour-caliber launch and greenside creativity. 1  The enhanced Speed Notch ensures smooth turf interaction, particularly on open-face shots. 2  This wedge is ideal for players seeking a raw, traditional look with modern technology, prioritizing precision and versatility in their short game.</span></p>  <p><strong>The Tech Story</strong></p>  <p><span style=""font-weight: 400;"">The Cobra 2025 King RAW  Wedge is engineered for exceptional feel and precision, utilizing Metal Injection Molding (MIM) with 8620 steel to achieve 50% tighter tolerances than traditional cast wedges, resulting in a remarkably soft feel and enhanced durability through heat treatment and a refined grain structure. The redesigned Cobra Speed Notch, now 67% larger, facilitates smooth turf interaction while maintaining speed and spin. Versatility is paramount, with four new grinds—DROP, WIDELOW, VERSATILE, and TOUR—offering tailored per(more...)",Cobra
2/21/2025 3:05 pm,2025 KING BLACK WGS,Cobra 2025 King Black QPQ Wedge,2025 King Black QPQ,No,Wedge,2025,,,"<p><strong>Who’s It For?</strong></p>  <p><span style=""font-weight: 400;"">The Cobra 2025 King Black QPQ Wedge is tailored for golfers who demand premium feel and versatile performance around the green. With its MIM-crafted 8620 steel, it delivers an exceptionally soft feel, while the four grind options and Flight Window Technology cater to players seeking tour-inspired launch and enhanced creativity. The larger Speed Notch ensures smooth turf interaction, particularly on open-face shots. This wedge is designed for those who appreciate a sleek, modern aesthetic and prioritize precision and adaptability in their short game.</span></p>  <p><strong>The Tech Story</strong></p>  <p><span style=""font-weight: 400;"">The Cobra 2025 King Black QPQ Wedge is engineered for exceptional feel and precision, utilizing Metal Injection Molding (MIM) with 8620 steel to achieve 50% tighter tolerances than traditional cast wedges, resulting in a remarkably soft feel and enhanced durability through heat treatment and a refined grain structure. The redesigned Cobra Speed Notch, now 67% larger, facilitates smooth turf interaction while maintaining speed and spin. Versatility is paramount, with four new grinds—DROP, WIDELOW, VERSATILE, and TOUR—offering tailored performance for any shot. Flight Window (more...)",Cobra
2/21/2025 3:04 pm,2025 KING CHROME WGS,Cobra 2025 King Chrome Wedge,2025 King Chrome,No,Wedge,2025,,,"<p><strong>Who’s It For?</strong></p>  <p><span style=""font-weight: 400;"">The Cobra 2025 King Chrome Wedge is designed for discerning golfers who prioritize exceptional feel, precision, and versatility in their short game. Ideal for players seeking tour-level performance, it offers an incredibly soft feel through MIM-crafted 8620 steel, a wide range of grind options for creative shot-making, and optimized launch with Flight Window Technology. The enhanced Cobra Speed Notch and elegant, modern aesthetic cater to those who demand both performance and style in their wedges.</span></p>  <p><strong>The Tech Story</strong></p>  <p><span style=""font-weight: 400;"">The Cobra 2025 King Chrome Wedge is engineered for exceptional feel and precision, utilizing Metal Injection Molding (MIM) with 8620 steel to achieve 50% tighter tolerances than traditional cast wedges, resulting in a remarkably soft feel and enhanced durability through heat treatment and a refined grain structure. The redesigned Cobra Speed Notch, now 67% larger, facilitates smooth turf interaction while maintaining speed and spin. Versatility is paramount, with four new grinds—DROP, WIDELOW, VERSATILE, and TOUR—offering tailored performance for any shot. Flight Window Technology (F.W.T.) strategically positions the center (more...)",Cobra
2/21/2025 11:29 am,3DP TOUR STS,Cobra 3DP Tour Iron Set,3DP Tour,No,Iron Set,2025,,,"<p><strong>Who’s It For?</strong></p>  <p><span style=""font-weight: 400;"">Utilizing 3D printing technology to unlock a new  realm of performance, the Cobra 3D Printed Tour Irons feature a one of a kind design which results in the most forgiving blade shape on the market. With 3D Printed steel construction and a players blade shape, the 3DP Tour Irons deliver the forgiveness that aspirational players need, and the sleek looks and soft feel that better players desire.</span></p>  <p><strong>The Tech Story</strong></p>  <p><span style=""font-weight: 400;"">The Cobra 3DP Tour Irons represent a revolutionary advancement in golf club design, leveraging 3D printing technology to create a high-performance player's iron. Each iron is meticulously 3D printed from 316 stainless steel, a process that unlocks design freedom unattainable with traditional forging or casting methods. This innovative manufacturing allows for the creation of a compact blade shape reminiscent of the KING TOUR iron, but with the forgiving mass properties of a game improvement iron. Internally, a complex lattice structure reduces the club's weight by 33%, allowing up to 100g of tungsten to be strategically placed low in the heel and toe. This precise weighting scheme results in a high Moment of Inertia (MOI) for en(more...)",Cobra
2/18/2025 11:53 am,2025 SCOTTSDALE CRAZE CB PUT,Ping 2025 Scottsdale Craz-E CB Putter,2025 Scottsdale Craz-E CB,No,Putter,2025,,,"<p><strong>Who’s It For?</strong></p>  <p><span style=""font-weight: 400;"">The Ping 2025 Scottsdale Craz-E CB Putter is specifically designed for golfers who prioritize maximum stability and forgiveness, and who benefit from a counter-balanced setup. It's ideal for players who struggle with inconsistent strokes, particularly those who have difficulty maintaining a stable putter face through impact. The extreme MOI and counter-balanced shaft work together to minimize twisting and promote a smoother, more controlled stroke. This putter caters to golfers seeking enhanced stability and forgiveness, especially those who find traditional putters too unstable.</span></p>  <p><strong>The Tech Story</strong></p>  <p><span style=""font-weight: 400;"">The Ping 2025 Scottsdale Craz-E CB Putter builds upon the Tour-proven Craz-E design, renowned for its extreme MOI achieved through perimeter weighting and a low/back CG, further enhancing stability and forgiveness with a counter-balanced shaft. This counter-balancing, combined with a lightweight PEBAX face insert, strategically redistributes weight to maximize MOI, ensuring exceptional forgiveness on off-center hits while delivering a remarkably soft feel, pleasing acoustics, and consistent ball speeds across the face. As part of the Scottsdal(more...)",Ping
2/18/2025 11:48 am,2025 SCOTTSDALE CRAZE PUT,Ping 2025 Scottsdale Craz-E Putter,2025 Scottsdale Craz-E,No,Putter,2025,,,"<p><strong>Who’s It For?</strong></p>  <p><span style=""font-weight: 400;"">The Ping 2025 Scottsdale Craz-E Putter is designed for golfers seeking maximum forgiveness and stability in a mallet putter. Its extreme MOI, achieved through perimeter weighting and a low/back CG, makes it ideal for players who struggle with off-center hits and want consistent performance. This putter is particularly well-suited for golfers of all skill levels who prioritize forgiveness and stability, especially those looking for a Tour-proven design that minimizes the impact of inconsistent strokes.</span></p>  <p><strong>The Tech Story</strong></p>  <p><span style=""font-weight: 400;"">The Ping 2025 Scottsdale Craz-E Putter builds upon its Tour-proven legacy as a PING classic, delivering exceptional forgiveness through its extreme Moment of Inertia (MOI), achieved via strategic perimeter weighting and a low/back center of gravity (CG). This design ensures maximum stability and minimizes twisting on off-center hits, promoting consistent performance. A lightweight PEBAX face insert further enhances forgiveness by freeing up weight to increase MOI, while simultaneously providing a remarkably soft feel, pleasing acoustics, and consistent ball speeds across the face. The Craz-E also offers the option of a co(more...)",Ping
2/18/2025 11:44 am,2025 SCOTTSDALE OSLO 3 PUT,Ping 2025 Scottsdale Oslo 3 Putter,2025 Scottsdale Oslo 3,No,Putter,2025,,,"<p><strong>Who’s It For?</strong></p>  <p><span style=""font-weight: 400;"">Designed for golfers who prioritize high forgiveness, stability, and ease of alignment in a mallet putter, The Ping 2025 Scottsdale Oslo 3 features perimeter weighting and a low center of gravity which caters to players seeking to minimize the effects of off-center hits, while the ball-width back cavity aids in precise aiming. This putter is ideal for those who value consistent ball speeds, a soft feel, and a stable stroke, making it a strong choice for golfers of all skill levels who want to improve their putting accuracy and consistency.</span></p>  <p><strong>The Tech Story</strong></p>  <p><span style=""font-weight: 400;"">The Ping 2025 Scottsdale Oslo 3 Putter is a high-MOI mallet designed for exceptional accuracy and forgiveness, featuring perimeter weighting and a low center of gravity to enhance stability and minimize twisting on off-center hits. Its ball-width back cavity provides a clear visual cue for easier aiming, promoting a confident setup and stroke. The lightweight PEBAX face insert strategically redistributes weight, significantly increasing the Moment of Inertia (MOI) while delivering a remarkably soft feel, pleasing acoustics, and consistent ball speeds across the entire face. Subtle co(more...)",Ping
2/18/2025 11:36 am,2025 SCOTTSDALE PT C PUT,Ping 2025 Scottsdale Prime Tyne C Putter,2025 Scottsdale Prime Tyne C,No,Putter,2025,,,"<p><strong>Who’s It For?</strong></p>  <p><span style=""font-weight: 400;""> Tailored for golfers with a straight-back, straight-through putting stroke, the Ping 2025 Scottsdale Prime Tyne C Putter is ideal for those who prefer a center-shafted design with zero offset. It's ideal for players who prioritize a clean, unobstructed view of the target and seek enhanced alignment. The putter's high MOI and soft feel cater to those who want forgiveness and consistency, making it a specialized option for golfers who rely on a straight putting motion and value precision.</span></p>  <p><strong>The Tech Story</strong></p>  <p><span style=""font-weight: 400;"">The Ping 2025 Scottsdale Prime Tyne C Putter is a center-shafted mallet specifically engineered for golfers who prefer a zero-offset setup and execute a straight-back, straight-through putting stroke. This design promotes a clean, unobstructed view of the target, enhancing alignment and confidence. The putter utilizes a lightweight PEBAX face insert, strategically redistributing weight to significantly increase the Moment of Inertia (MOI), resulting in enhanced forgiveness on off-center hits while delivering a remarkably soft feel, pleasing acoustics, and consistent ball speeds across the entire face. Subtle color blocking between the (more...)",Ping
2/18/2025 11:17 am,2025 SCOTTSDALE PT 4 PUT,Ping 2025 Scottsdale Prime Tyne 4 Putter,2025 Scottsdale Prime Tyne 4,No,Putter,2025,,,"<p><strong>Who’s It For?</strong></p>  <p><span style=""font-weight: 400;"">Designed for golfers seeking maximum forgiveness and stability in a mallet putter, the Ping 2025 Scottsdale Prime Tyne 4 features a unique twin-fork design and high MOI make it ideal for players who struggle with off-center hits and desire a balanced, consistent stroke. The soft feel and pleasing sound cater to those who value feedback and comfort, while the enhanced alignment features benefit golfers aiming for greater accuracy. Essentially, it's a putter built for players who prioritize forgiveness and stability, particularly those with inconsistent strokes.</span></p>  <p><strong>The Tech Story</strong></p>  <p><span style=""font-weight: 400;"">The Ping 2025 Scottsdale Prime Tyne 4 Putter is a high-forgiveness mallet that distinguishes itself with a unique twin-fork design, engineered to provide exceptional balance and stability throughout the putting stroke. This putter incorporates a lightweight PEBAX face insert, strategically freeing up weight to significantly increase the Moment of Inertia (MOI), resulting in enhanced forgiveness on off-center hits while delivering a remarkably soft feel, pleasing acoustics, and consistent ball speeds across the entire face. Alignment is further refined by subtle c(more...)",Ping
2/18/2025 11:08 am,2025 SCOTTSDALE DS72 PUT,Ping 2025 Scottsdale DS72 Putter,2025 Scottsdale DS72,No,Putter,2025,,,"<p><strong>Who’s It For?</strong></p>  <p><span style=""font-weight: 400;"">The is designed for golfers who prioritize precise alignment and forgiveness in a mallet-style putter, the Ping 2025 Scottsdale DS72 features enhanced MOI, soft feel, and consistent ball speeds which cater to golfers who want to minimize the impact of off-center hits. Its ball-width PEBAX face insert and cavity are specifically engineered to simplify aiming, making it ideal for players seeking a confident stroke. This putter is particularly well-suited for those who appreciate Tour-inspired designs and seek a combination of accuracy and forgiveness on the green.</span></p>  <p><strong>The Tech Story</strong></p>  <p><span style=""font-weight: 400;"">The Ping 2025 Scottsdale DS72 Putter, a Tour-inspired mallet, emphasizes precision alignment through its innovative ball-width PEBAX face insert, which seamlessly aligns with the ball-width cavity for intuitive aiming. This design optimizes visual cues, fostering a confident stroke. The lightweight PEBAX insert plays a crucial role in redistributing weight, significantly enhancing the Moment of Inertia (MOI) for increased forgiveness on off-center hits, while simultaneously delivering a remarkably soft feel, pleasing acoustics, and consistent ball speeds across(more...)",Ping
2/18/2025 11:00 am,2025 SCOTTSDALE B63 PUT,Ping 2025 Scottsdale B63 Putter,2025 Scottsdale B63,No,Putter,2025,,,"<p><strong>Who’s It For?</strong></p>  <p><span style=""font-weight: 400;""> Designed for golfers who appreciate a visually balanced, Tour-inspired design with enhanced forgiveness, the Ping 2025 Scottsdale B63 Putter caters to players seeking a soft feel, consistent ball speeds, and improved alignment, thanks to the PEBAX face insert and subtle color blocking. This putter is ideal for those who prefer a soft-slanting hosel and perimeter weighting, providing stability and forgiveness while maintaining a refined aesthetic. Ultimately, it's suited for golfers looking for a high-performance mallet that blends classic design with modern technology.</span></p>  <p><strong>The Tech Story</strong></p>  <p><span style=""font-weight: 400;"">The Ping 2025 Scottsdale B63 Putter evolves the Tour-proven B60 design, incorporating a soft-slanting hosel that harmonizes with the gentle head geometry to achieve a visually balanced aesthetic. This perimeter-weighted putter utilizes a lightweight PEBAX face insert, strategically freeing up mass to significantly elevate the Moment of Inertia (MOI), resulting in enhanced forgiveness on off-center strikes and delivering a remarkably soft feel, pleasing acoustics, and consistent ball speeds across the face. Alignment is further refined by subtle color bl(more...)",Ping
2/18/2025 10:56 am,2025 SCOTTSDALE ANSER 2D PUT,Ping 2025 Scottsdale Anser 2D Putter,2025 Scottsdale Anser 2D,No,Putter,2025,,,"<p><strong>Who’s It For?</strong></p>  <p><span style=""font-weight: 400;""> Designed for golfers who desire the precision and aesthetics of a blade putter but seek the added forgiveness and stability typically found in mid-mallets, the Ping 2025 Scottsdale Anser 2D Putter is ideal for players who struggle with off-center hits and want a putter that offers consistent ball speeds and a softer feel. This putter caters to golfers who appreciate enhanced alignment features and a design that bridges the gap between traditional blade and mallet styles, providing a versatile option for a wide range of skill levels.</span></p>  <p><strong>The Tech Story</strong></p>  <p><span style=""font-weight: 400;"">The Ping 2025 Scottsdale Anser 2D Putter introduces a slightly deeper, perimeter-weighted blade design that effectively bridges the gap between traditional blades and mid-mallets, offering comparable weight, size, and forgiveness. This innovative design leverages a lightweight PEBAX face insert, strategically freeing up weight to significantly boost the Moment of Inertia (MOI), resulting in enhanced forgiveness on off-center strikes while delivering a remarkably soft feel, pleasing acoustics, and consistent ball speeds across the face. The putter's alignment is further refined by subtle co(more...)",Ping
2/18/2025 10:51 am,2025 SCOTTSDALE ANSER 4 PUT,Ping 2025 Scottsdale Anser 4 Putter,2025 Scottsdale Anser 4,No,Putter,2025,,,"<p><strong>Who’s It For?</strong></p>  <p><span style=""font-weight: 400;"">Designed for golfers with a strong-arc putting stroke by offering the classic Anser design with a hosel that supports that motion, the Ping 2025 Scottsdale Anser 4 Putter caters to players seeking enhanced forgiveness and consistent ball speeds, along with a softer feel and pleasing sound. The putter's alignment features and overall design make it ideal for those who prefer a traditional look but require a putter that complements their specific stroke path, helping them achieve greater consistency and accuracy on the green.</span></p>  <p><strong>The Tech Story</strong></p>  <p><span style=""font-weight: 400;"">The Ping 2025 Scottsdale Anser 4 Putter builds upon the iconic Anser design, retaining its heel-toe weighting for enhanced forgiveness and clean alignment, while specifically incorporating a hosel designed to facilitate a strong-arc putting stroke. A lightweight PEBAX face insert strategically redistributes weight to significantly increase the Moment of Inertia (MOI), resulting in greater forgiveness on off-center hits and delivering a softer feel, pleasing acoustics, and consistent ball speeds across the face. Subtle color blocking between the top rail and back portion further refines alignment by (more...)",Ping
2/17/2025 2:30 pm,2025 SCOTTSDALE ANSER PUT,Ping 2025 Scottsdale Anser Putter,2025 Scottsdale Anser,No,Putter,2025,,,"<p><strong>Who’s It For?</strong></p>  <p><span style=""font-weight: 400;""> Designed for a broad spectrum of golfers, particularly those prioritizing forgiveness, the Ping 2025 Scottsdale Anser Putter provides consistent ball speed, and enhanced alignment. Its heel-toe weighting and single alignment line cater to players seeking a confident stroke, while the PEBAX face insert delivers a softer feel and improved MOI for off-center hits. This versatile putter accommodates various stroke types and is ideal for golfers who appreciate a classic design infused with modern technology, ultimately aiming to improve putting performance for players of all skill levels.</span></p>  <p><strong>The Tech Story</strong></p>  <p><span style=""font-weight: 400;"">The Ping 2025 Scottsdale Anser Putter modernizes the iconic, winningest putter design with advanced technology focused on enhanced forgiveness, alignment, and feel. This heel-toe weighted putter features a back cavity with a single alignment line for intuitive aiming, inspiring confidence in every stroke. A lightweight PEBAX face insert strategically redistributes weight to significantly increase the Moment of Inertia (MOI), resulting in greater forgiveness on off-center hits while delivering a softer feel, pleasing acoustics, and consist(more...)",Ping
2/14/2025 11:01 am,BUNKR WGS,Ping BunkR Wedge,BunkR,No,Wedge,2025,,,"<p><strong>Who’s It For?</strong></p>  <p><span style=""font-weight: 400;"">The Ping BunkR Wedge is specifically designed for golfers who struggle with bunker shots and desire a more consistent, easier escape from the sand. Its high loft, wide sole, and user-friendly design make it ideal for players who lack confidence in their sand play or find traditional wedges difficult to control in bunkers. This specialized wedge caters to those who want a simplified approach to bunker shots, enabling them to get the ball out consistently and onto the green with greater ease.</span></p>  <p><strong>The Tech Story</strong></p>  <p><span style=""font-weight: 400;"">The Ping BunkR Wedge is a specialized sand wedge designed to simplify bunker play for golfers who struggle with these shots. Featuring a high loft of 64 degrees, wide sole, and the iconic Eye2-style shaping, the BunkR enables golfers to use a standard, square-faced technique for easy escapes. A generous 14.5 degrees of bounce allows the club to glide effortlessly through the sand, generating increased ball speed for a high launch and quick exit from trouble. The stock wedge build is equipped with Ping's lightweight steel Z-Z115 shaft, featuring a lower balance point for enhanced clubhead feel, and the Ping 360 Dyla-wedge Lite grip, (more...)",Ping
2/13/2025 9:59 am,TOUR AD DI HST,Graphite Design Tour AD DI Hybrid Shaft,Tour AD DI,No,Hybrid Shaft,2024,,,"<p><strong>Who’s It For?</strong></p>  <p><span style=""font-weight: 400;"">Revolutionary technology, design and the most advanced materials are trademarks in all Graphite Design Shafts. While it is best suited for players looking for mid-trajectory and pin point accuracy, The Tour AD DI Hybrid shaft will benefit players of all skill levels through exceptional control, workability and superior performance.</span></p>  <p><strong>The Tech Story</strong></p>  <p><span style=""font-weight: 400;"">The Graphite Design Tour AD DI ""DEEP IMPACT"" Hybrid shafts are engineered to provide golfers with increased power and stability in their hybrid clubs. Manufactured in Japan at Graphite Design's headquarters, these premium shafts leverage advanced materials and design principles to deliver exceptional control, workability, and superior performance. Available in four weight categories (75g, 85g, 95g, and 105g) and various flexes (R, S, and X), the Tour AD DI Hybrid shafts cater to a wide range of player abilities. Sharing the same performance DNA as the Tour AD DI Wood shafts, these hybrid shafts produce a mid/high trajectory with mid spin, promoting pinpoint accuracy. Graphite Design's ""Tour AD"" designation signifies PGA Tour-proven performance, emphasizing gains in both accuracy and distance(more...)",Graphite Design
2/12/2025 10:49 am,38 TS V52 PUT,Evnroll 38 Tour Spec V5.2 Putter,38 Tour Spec V5.2,No,Putter,2025,,,"<p><strong>Who’s It For?</strong></p>  <p><span style=""font-weight: 400;"">Evnroll has consistently pushed the boundaries of versatility since the 2022 launch of the original V-Series, offering customizable components for a range of putter configurations. Building on this legacy, Evnroll has introduced  the next evolution in the V-Series for 2025: the Evnroll 38 Tour Spec V5.2 Putter. This refined winged mallet features straight cavity sightlines, a 100% milled 303 stainless steel face, a milled 6061 aluminum body, and Tungsten and steel weights for a high MOI. </span></p>  <p><strong>The Tech Story</strong></p>  <p><span style=""font-weight: 400;""> The Evnroll 38 Tour Spec V5.2 Putter utilizes SweetFace™ Technology to revolutionize putting performance. This technology features closely spaced, variable-width channels on the putter face that minimize ball dispersion, consistently redirecting the ball down the target line for unparalleled accuracy. These v-shaped channels also ensure even roll distance by transferring energy evenly across the face, so both center and off-center hits travel the same distance.  Extensive robot testing has validated the superior performance of SweetFace™ compared to standard milled faces. Combining traditional blade aesthetics with modern technology,(more...)",Evnroll
2/12/2025 10:43 am,V12 SHORT SLANT PUT,Evnroll V12 Short Slant Putter,V12 Short Slant,No,Putter,2025,,,"<p><strong>Who’s It For?</strong></p>  <p><span style=""font-weight: 400;"">Evnroll has consistently pushed the boundaries of versatility since the 2022 launch of the original V-Series, offering customizable components for a range of putter configurations. Building on this legacy, Evnroll has introduced  the next evolution in the V-Series for 2025: the Evnroll V12 Short Slant Putter. This High-MOI mallet features a straight sightline, a 100% milled 6061 aluminum body with stainless steel perimeter weights, and a short slant hosel.</span></p>  <p><strong>The Tech Story</strong></p>  <p><span style=""font-weight: 400;""> The Evnroll V12 Short Slant Putter incorporates SweetFace™ Technology to deliver exceptional putting performance. This innovative technology utilizes closely spaced, variable-width channels on the putter face to minimize ball dispersion, consistently guiding the ball along the intended target line for superior accuracy. The v-shaped channels also ensure even roll distance by effectively transferring energy across the face, resulting in consistent distances regardless of whether the putt is struck on the center or off-center. Rigorous robot testing has confirmed the superior performance of SweetFace™ compared to traditional milled faces.  The V12 combines the classic(more...)",Evnroll
2/12/2025 10:42 am,V12 SHORT PLUMBER PUT,Evnroll V12 Short Plumber Putter,V12 Short Plumber,No,Putter,2025,,,"<p><strong>Who’s It For?</strong></p>  <p><span style=""font-weight: 400;"">Evnroll has consistently pushed the boundaries of versatility since the 2022 launch of the original V-Series, offering customizable components for a range of putter configurations. Building on this legacy, Evnroll has introduced  the next evolution in the V-Series for 2025: the Evnroll V12 Short Plumber Putter. This High-MOI mallet features a straight sightline, a 100% milled 6061 aluminum body with stainless steel perimeter weights, and a short plumbers neck hosel.</span></p>  <p><strong>The Tech Story</strong></p>  <p><span style=""font-weight: 400;"">The Evnroll V12 Short Plumber Putter leverages SweetFace™ Technology to provide golfers with exceptional putting performance. This technology employs closely spaced, variable-width channels on the putter face to minimize ball dispersion, consistently redirecting the ball along the intended target line for unmatched accuracy. The v-shaped channels within SweetFace™ also ensure even roll distance by transferring energy evenly across the face, so both center and off-center hits travel the same distance. Robot testing has validated the superior performance of SweetFace™ compared to traditional milled putter faces. The V12 combines the classic aesthetics of a bl(more...)",Evnroll
2/12/2025 10:29 am,V52 SHORT PLUMBER PUT,Evnroll V5.2 Short Plumber Putter,V5.2 Short Plumber,No,Putter,2025,,,"<p><strong>Who’s It For?</strong></p>  <p><span style=""font-weight: 400;"">Evnroll has consistently pushed the boundaries of versatility since the 2022 launch of the original V-Series, offering customizable components for a range of putter configurations. Building on this legacy, Evnroll has introduced  the next evolution in the V-Series for 2025: the Evnroll V5.2 Short Plumber Putter. This refined winged mallet features straight cavity sightlines, a 100% milled 303 stainless steel face with 6061 aluminum body, Tungsten and steel perimeter weights, and a short plumbers neck hosel.</span></p>  <p><strong>The Tech Story</strong></p>  <p><span style=""font-weight: 400;"">The Evnroll V5.2 Short Plumber Putter blends traditional blade aesthetics with cutting-edge technology for superior putting performance. The putter's design features a stainless steel face and front section, providing the classic feel of a blade at impact, while the rear aluminum chassis and four strategically placed tungsten weights offer the high MOI benefits of a mallet, enhancing stability and forgiveness. Six adjustable weight ports further refine performance, allowing for precision swing weighting, dynamic toe flow adjustments, and perimeter weighting to maximize MOI. At the heart of the V5.2's performance is (more...)",Evnroll
2/12/2025 10:25 am,V51 SHORT PLUMBER PUT,Evnroll V5.1 Short Plumber Putter,V5.1 Short Plumber,No,Putter,2025,,,"<p><strong>Who’s It For?</strong></p>  <p><span style=""font-weight: 400;"">Evnroll has consistently pushed the boundaries of versatility since the 2022 launch of the original V-Series, offering customizable components for a range of putter configurations. Building on this legacy, Evnroll has introduced  the next evolution in the V-Series for 2025: the Evnroll V5.1 Short Plumber Putter. This elegant winged mallet features curved rear wings and connected back alignment bar, tungsten and steel weights for high MOI, and a short plumbers neck hosel.</span></p>  <p><strong>The Tech Story</strong></p>  <p><span style=""font-weight: 400;"">The Evnroll V5.1 Short Plumber Putter combines the classic aesthetics of a blade with the performance benefits of modern technology. Its design features a stainless steel face and front section for the traditional feel of a blade at impact, while the rear aluminum chassis and four tungsten weights, positioned deep and low, provide the high MOI and forgiveness typically found in mallets. Six adjustable weight ports offer precise swing weighting, dynamic toe flow options, and perimeter weighting for optimized MOI. Evnroll's signature SweetFace™ Technology further enhances performance. This innovative design utilizes closely spaced, variable-width channel(more...)",Evnroll
2/12/2025 10:23 am,V51 SHORT SLANT PUT,Evnroll V5.1 Short Slant Putter,V5.1 Short Slant,No,Putter,2025,,,"<p><strong>Who’s It For?</strong></p>  <p><span style=""font-weight: 400;"">Evnroll has consistently pushed the boundaries of versatility since the 2022 launch of the original V-Series, offering customizable components for a range of putter configurations. Building on this legacy, Evnroll has introduced  the next evolution in the V-Series for 2025: the Evnroll V5.1 Short Slant Putter. This elegant winged mallet features curved rear wings and connected back alignment bar, tungsten and steel weights for high MOI, and a short slant hosel.</span></p>  <p><strong>The Tech Story</strong></p>  <p><span style=""font-weight: 400;"">The Evnroll V5.1 Short Slant Putter combines the classic aesthetics of a blade with the performance benefits of modern technology. Its design features a stainless steel face and front section for the traditional feel of a blade at impact, while the rear aluminum chassis and four tungsten weights, positioned deep and low, provide the high MOI and forgiveness typically found in mallets. Six adjustable weight ports offer precise swing weighting, dynamic toe flow options, and perimeter weighting for optimized MOI. Evnroll's signature SweetFace™ Technology further enhances performance. This innovative design utilizes closely spaced, variable-width channels on the put(more...)",Evnroll
2/12/2025 10:17 am,V2 SHORT SLANT PUT,Evnroll V2 Short Slant Putter,V2 Short Slant,No,Putter,2025,,,"<p><strong>Who’s It For?</strong></p>  <p><span style=""font-weight: 400;"">Evnroll has consistently pushed the boundaries of versatility since the 2022 launch of the original V-Series, offering customizable components for a range of putter configurations. Building on this legacy, Evnroll has introduced  the next evolution in the V-Series for 2025: the Evnroll V2 Short Slant Putter. This refined mid-blade features inspiration from the iconic ER2 shape. Utilizing tungsten and steel heel toe weights and a short slant hosel, this putter combines the look of a blade with the forgiveness of a mallet.</span></p>  <p><strong>The Tech Story</strong></p>  <p><span style=""font-weight: 400;"">The Evnroll V2 Short Slant Putter masterfully blends traditional aesthetics with advanced technology to deliver exceptional putting performance. This putter combines the classic look of a blade, specifically the iconic ER2 shape, with the stability and performance of a mallet. Its lightweight body allows for discretionary mass to be redistributed deep and wide, enhancing stability and forgiveness. This design offers the clean blade look at address while providing the high MOI benefits of a mallet. Furthermore, the V2 incorporates Evnroll's renowned SweetFace™ Technology. This innovative technology util(more...)",Evnroll
2/12/2025 10:13 am,EVNROLL V2 PUT,Evnroll V2 Short Plumber Putter,V2 Short Plumber,No,Putter,2025,,,"<p><strong>Who’s It For?</strong></p>  <p><span style=""font-weight: 400;"">Evnroll has consistently pushed the boundaries of versatility since the 2022 launch of the original V-Series, offering customizable components for a range of putter configurations. Building on this legacy, Evnroll has introduced  the next evolution in the V-Series for 2025: the Evnroll V2 Short Plumber Putter. This refined mid-blade features inspiration from the iconic ER2 shape. Utilizing tungsten and steel heel toe weights and a short plumbers neck hosel, this putter combines the look of a blade with the forgiveness of a mallet.</span></p>  <p><strong>The Tech Story</strong></p>  <p><span style=""font-weight: 400;"">Evnroll V2 Short Plumber Putter masterfully blends traditional aesthetics with advanced technology to deliver exceptional putting performance. This putter combines the classic look of a blade, specifically the iconic ER2 shape, with the stability and performance of a mallet. Its lightweight body allows for discretionary mass to be redistributed deep and wide, enhancing stability and forgiveness. This design offers the clean blade look at address while providing the high MOI benefits of a mallet. Furthermore, the V2 incorporates Evnroll's renowned SweetFace™ Technology. This innovative technol(more...)",Evnroll
2/12/2025 10:03 am,CARLSBAD M1 PUT,Evnroll Carlsbad M1 Putter,Carlsbad M1,No,Putter,2025,,,"<p><strong>Who’s It For?</strong></p>  <p><span style=""font-weight: 400;"">The Evnroll Carlsbad M1 Putter is designed for golfers who appreciate the classic look and feel of a mallet putter but desire the performance benefits of modern technology. Players seeking enhanced forgiveness and consistent roll, even on off-center hits, will find the M1 appealing.</span></p>  <p><strong>The Tech Story</strong></p>  <p><span style=""font-weight: 400;"">The Evnroll Carlsbad M1 Putter seamlessly blends classic design with cutting-edge technology to enhance putting performance. This heel-toe weighted blade putter features a mid-length plumber neck hosel and a slightly larger footprint for added stability and forgiveness. At the heart of the M1's performance is Evnroll's SweetFace™ Technology. This innovative design employs a series of closely spaced, variable-width channels on the putter face. Wider in the center and gradually narrowing towards the heel and toe, these channels create a precisely calibrated v-shape that progressively redirects the ball down the target line, minimizing ball dispersion and ensuring exceptional accuracy. This variable channel width also ensures even roll distance. As the channels narrow away from the center, the spacing increases, leading to a larger contact sur(more...)",Evnroll
2/12/2025 10:01 am,CARLSBAD B1 PUT,Evnroll Carlsbad B1 Putter,Carlsbad B1,No,Putter,2025,,,"<p><strong>Who’s It For?</strong></p>  <p><span style=""font-weight: 400;"">The Evnroll Carlsbad B1 Putter is designed for golfers who prefer the traditional look and feel of a classic blade putter. While maintaining a classic aesthetic, the B1 still benefits from Evnroll's SweetFace™ technology for enhanced performance and forgiveness, making it a suitable choice for those seeking a blend of tradition and technology.</span></p>  <p><strong>The Tech Story</strong></p>  <p><span style=""font-weight: 400;"">The Evnroll Carlsbad B1 Putter combines the classic aesthetics of a heel-toe weighted blade with innovative technology for enhanced putting performance. This putter features a mid-length plumber neck hosel and a slightly larger footprint for added stability and forgiveness while retaining the traditional look at address. Evnroll's SweetFace™ Technology is central to the B1's performance. A series of closely spaced, variable-width channels on the putter face, wider in the center and narrowing towards the heel and toe, create a precisely calibrated v-shape that progressively redirects the ball down the target line, minimizing dispersion and maximizing accuracy. These channels also ensure even roll distance, as the increased spacing and contact surface away from the center sweet spo(more...)",Evnroll
2/11/2025 11:33 am,2025 SS CATALINA PUT,Titleist Scotty Cameron 2025 Studio Style Catalina Putter,2025 Studio Style Catalina,No,Putter,2025,,,"<p><strong>Who’s It For?</strong></p>  <p><span style=""font-weight: 400;"">Scotty Cameron is proud to introduce the 2025 Studio Style line, a revolutionary re-design of his iconic blade putter offering. This collection represents a bold step forward, blending Scotty's renowned craftsmanship and design with innovative materials, milling techniques, and advanced technology. The Titleist Scotty Cameron 2025 Studio Style Catalina putter is designed for players who appreciate the classic aesthetics of a slightly wider blade putter but desire the enhanced stability and feel typically associated with modern, mid-bend shafted mallets.</span></p>  <p><strong>The Tech Story</strong></p>  <p><span style=""font-weight: 400;""> The Titleist Scotty Cameron 2025 Studio Style Catalina putter revives a classic name with modern technology and design. Milled from 303 stainless steel, this wider-bodied blade putter shares its width with the Newport Plus but features a clean sole design without a sole plate. Its innovative Studio Carbon Steel (SCS) face insert, featuring an electroless nickel plating for durability, provides a soft feel and sound reminiscent of traditional carbon steel. The Catalina also incorporates a new chain-link face milling pattern for enhanced roll performance and customizable(more...)",Titleist Scotty Cameron
2/11/2025 11:33 am,2025 SS FASTBACK 1.5 PUT,Titleist Scotty Cameron 2025 Studio Style Fastback 1.5 Putter,2025 Studio Style Fastback 1.5,No,Putter,2025,,,"<p><strong>Who’s It For?</strong></p>  <p><span style=""font-weight: 400;"">Scotty Cameron is proud to introduce the 2025 Studio Style line, a revolutionary re-design of his iconic blade putter offering. This collection represents a bold step forward, blending Scotty's renowned craftsmanship and design with innovative materials, milling techniques, and advanced technology. The Titleist Scotty Cameron 2025 Studio Style Fastback 1.5 putter is designed for players seeking the feel of a blade with the performance of a compact mallet with its SCS face insert and two-tone perpendicular alignment.</span></p>  <p><strong>The Tech Story</strong></p>  <p><span style=""font-weight: 400;""> The Titleist Scotty Cameron 2025 Studio Style Fastback 1.5 putter is a redesigned mid-mallet offering that blends the feel of a blade with the performance of a compact mallet. Distinguished by its I-beam jet neck, which promotes toe flow, this putter is precision milled from 303 stainless steel and incorporates a 6061 aircraft aluminum sole plate and a black anodized aluminum heel-toe inlay for optimized weight distribution, increased MOI, and enhanced alignment. The Studio Carbon Steel (SCS) face insert, featuring an electroless nickel plating for durability, combined with the new chain-link face milling (more...)",Titleist Scotty Cameron
2/11/2025 11:32 am,2025 SS FASTBACK LD PUT,Titleist Scotty Cameron 2025 Studio Style Fastback Long Design Putter,2025 Studio Style Fastback Long Design,No,Putter,2025,,,"<p><strong>Who’s It For?</strong></p>  <p><span style=""font-weight: 400;"">Scotty Cameron is proud to introduce the 2025 Studio Style line, a revolutionary re-design of his iconic blade putter offering. This collection represents a bold step forward, blending Scotty's renowned craftsmanship and design with innovative materials, milling techniques, and advanced technology. The Titleist Scotty Cameron 2025 Studio Style Fastback Long Design Putter is designed for players looking to stabilize the putting stroke, with the length, sole weights, grip and a longer, stiffer mid-bend shaft to help quiet the player’s hands and engage the shoulders.</span></p>  <p><strong>The Tech Story</strong></p>  <p><span style=""font-weight: 400;"">The Titleist Scotty Cameron 2025 Studio Style Fastback Long Design putter is a specialized model engineered for players seeking a smoother, more stable putting stroke. At 38 inches long and heavier than standard models, this putter encourages shoulder engagement and minimizes hand movement. It features the same alignment cues, Studio Carbon Steel (SCS) face insert, and chain-link face milling technology found in the standard Fastback. A mid-bend shaft configuration with one shaft of offset provides adjustability in stance, setup, and grip style. The integrate(more...)",Titleist Scotty Cameron
2/11/2025 11:31 am,2025 SS FASTBACK PUT,Titleist Scotty Cameron 2025 Studio Style Fastback Putter,2025 Studio Style Fastback,No,Putter,2025,,,"<p><strong>Who’s It For?</strong></p>  <p><span style=""font-weight: 400;"">Scotty Cameron is proud to introduce the 2025 Studio Style line, a revolutionary re-design of his iconic blade putter offering. This collection represents a bold step forward, blending Scotty's renowned craftsmanship and design with innovative materials, milling techniques, and advanced technology. The Titleist Scotty Cameron 2025 Studio Style Fastback Putter is designed for near-face balanced performance, and delivers a soft sound and feel updated for the modern era.</span></p>  <p><strong>The Tech Story</strong></p>  <p><span style=""font-weight: 400;"">The Titleist Scotty Cameron 2025 Studio Style Fastback putter is a compact mallet designed for enhanced alignment, soft feel, and balanced performance. Its updated, modern rounded design features a new black anodized aluminum heel-toe inlay that boosts MOI and provides improved alignment cues. Precision milled from 303 stainless steel, the Fastback incorporates a 6061 aircraft aluminum sole plate and customizable stainless steel sole weights for optimized weight distribution. The Studio Carbon Steel (SCS) face insert, with its durable electroless nickel plating, combined with the innovative chain-link face milling technology, delivers a soft sound and fee(more...)",Titleist Scotty Cameron
2/11/2025 11:30 am,2025 SS SQUAREBACK 2 LD PUT,Titleist Scotty Cameron 2025 Studio Style Squareback 2 Long Design Putter,2025 Studio Style Squareback 2 Long Design,No,Putter,2025,,,"<p><strong>Who’s It For?</strong></p>  <p><span style=""font-weight: 400;"">Scotty Cameron is proud to introduce the 2025 Studio Style line, a revolutionary re-design of his iconic blade putter offering. This collection represents a bold step forward, blending Scotty's renowned craftsmanship and design with innovative materials, milling techniques, and advanced technology. The Titleist Scotty Cameron 2025 Studio Style Squareback 2 Long Design Putter is designed for players seeking the utmost in stability through the putting stroke. The heavier sole weights, long design grip and a longer, stiffer shaft to help quiet the player’s hands and engage the shoulders.</span></p>  <p><strong>The Tech Story</strong></p>  <p><span style=""font-weight: 400;"">The Titleist Scotty Cameron 2025 Studio Style Squareback 2 Long Design putter is a specialized, 38-inch model designed to promote a smoother, more stable putting stroke by quieting the hands and engaging the shoulders. Sharing the angular alignment features and tour-inspired I-beam plumbing neck of the standard Squareback 2, this Long Design version incorporates the new Studio Carbon Steel (SCS) face insert for a soft feel. The added length and heavier head weight, precision milled from 303 stainless steel, are counterbalanced by a custom(more...)",Titleist Scotty Cameron
2/11/2025 11:27 am,2025 SS SQUAREBACK 2 PUT,Titleist Scotty Cameron 2025 Studio Style Squareback 2 Putter,2025 Studio Style Squareback 2,No,Putter,2025,,,"<p><strong>Who’s It For?</strong></p>  <p><span style=""font-weight: 400;"">Scotty Cameron is proud to introduce the 2025 Studio Style line, a revolutionary re-design of his iconic blade putter offering. This collection represents a bold step forward, blending Scotty's renowned craftsmanship and design with innovative materials, milling techniques, and advanced technology. The Titleist Scotty Cameron 2025 Studio Style Squareback 2 Putter is designed to promote expert alignment with soft sound and feel, best suited for players seeking a compact putter with the look and feel of a plumbing neck.</span></p>  <p><strong>The Tech Story</strong></p>  <p><span style=""font-weight: 400;"">The Titleist Scotty Cameron 2025 Studio Style Squareback 2 putter is a compact mallet designed with a focus on superior alignment, soft feel, and solid performance. This revitalized model features the innovative Studio Carbon Steel (SCS) face insert with new chain-link face milling technology, which softens sound and improves roll while maintaining feel. Its familiar I-beam plumbing neck, with a strategically placed notch for precise lie adjustments, allows for targeted weight redistribution to the heel and toe, enhancing stability. A new heel-toe inlay further improves square alignment and boosts MOI. Pr(more...)",Titleist Scotty Cameron
2/11/2025 11:26 am,2025 SS SQUAREBACK PUT,Titleist Scotty Cameron 2025 Studio Style Squareback Putter,2025 Studio Style Squareback,No,Putter,2025,,,"<p><strong>Who’s It For?</strong></p>  <p><span style=""font-weight: 400;"">Scotty Cameron is proud to introduce the 2025 Studio Style line, a revolutionary re-design of his iconic blade putter offering. This collection represents a bold step forward, blending Scotty's renowned craftsmanship and design with innovative materials, milling techniques, and advanced technology. The Titleist Scotty Cameron 2025 Studio Style Squareback Putter is designed to promote expert alignment with a near-face balanced build, achieved through new design features like the mid-bend shaft and the SCS Face insert to deliver soft sound and feel.</span></p>  <p><strong>The Tech Story</strong></p>  <p><span style=""font-weight: 400;"">The Titleist Scotty Cameron 2025 Studio Style Squareback putter is a completely redesigned compact mallet tailored to modern player preferences, emphasizing alignment and feel. This near-face balanced putter features the new Studio Carbon Steel (SCS) face insert with chain-link face milling technology for a soft sound and enhanced roll. A new black anodized aluminum heel-toe inlay, coupled with a two-tone perpendicular alignment feature, creates visual separation and promotes a square setup to the target line. The dialed-in sole draft angle ensures the putter sits square at a(more...)",Titleist Scotty Cameron
2/11/2025 11:25 am,2025 SS NEWPORT 2.5 PL PUT,Titleist Scotty Cameron 2025 Studio Style Newport 2.5 Plus Putter,2025 Studio Style Newport 2.5 Plus,No,Putter,2025,,,"<p><strong>Who’s It For?</strong></p>  <p><span style=""font-weight: 400;"">Scotty Cameron is proud to introduce the 2025 Studio Style line, a revolutionary re-design of his iconic blade putter offering. This collection represents a bold step forward, blending Scotty's renowned craftsmanship and design with innovative materials, milling techniques, and advanced technology. The Titleist Scotty Cameron 2025 Studio Style Newport 2.5 Plus putter is designed for players seeking a high-performance blade with extra forgiveness with additional face awareness through the stroke.</span></p>  <p><strong>The Tech Story</strong></p>  <p><span style=""font-weight: 400;"">The Titleist Scotty Cameron 2025 Studio Style Newport 2.5 Plus putter expands on the ""Plus"" design concept with a slightly wider profile than a standard Newport 2 blade, offering increased MOI and a confidence-inspiring address view while maintaining classic blade aesthetics. This tour-inspired shape features an I-beam style jet neck promoting a touch of toe flow. Milled from 303 stainless steel, the Newport 2.5 Plus incorporates a new Studio Carbon Steel (SCS) face insert with chain-link face milling technology for a softer sound, improved feel, and enhanced feedback. Improved damping technology further refines the sound and f(more...)",Titleist Scotty Cameron
2/11/2025 11:24 am,2025 SS NEWPORT 2 PL PUT,Titleist Scotty Cameron 2025 Studio Style Newport 2 Plus Putter,2025 Studio Style Newport 2 Plus,No,Putter,2025,,,"<p><strong>Who’s It For?</strong></p>  <p><span style=""font-weight: 400;"">Scotty Cameron is proud to introduce the 2025 Studio Style line, a revolutionary re-design of his iconic blade putter offering. This collection represents a bold step forward, blending Scotty's renowned craftsmanship and design with innovative materials, milling techniques, and advanced technology. The Titleist Scotty Cameron 2025 Studio Style Newport 2 Plus Putter is designed for players seeking the look of a classic blade but who want increased forgiveness and stability and a bit more confidence over the ball.</span></p>  <p><strong>The Tech Story</strong></p>  <p><span style=""font-weight: 400;"">The Titleist Scotty Cameron 2025 Studio Style Newport 2 Plus putter takes inspiration from tour-proven models, refining the design with modern technology for enhanced performance. Slightly wider than a standard Newport 2 but narrower than a Squareback 2, this ""Plus"" design offers a confidence-inspiring address view and increased MOI while retaining the clean lines of a blade putter. Milled from 303 stainless steel, the Newport 2 Plus features a new Studio Carbon Steel (SCS) face insert combined with chain-link face milling technology for a softer sound, improved feel, and exceptional feedback. A 6061 aircraft-g(more...)",Titleist Scotty Cameron
2/11/2025 11:23 am,2025 SS NEWPORT 2 PUT,Titleist Scotty Cameron 2025 Studio Style Newport 2 Putter,2025 Studio Style Newport 2,No,Putter,2025,,,"<p><strong>Who’s It For?</strong></p>  <p><span style=""font-weight: 400;"">Scotty Cameron is proud to introduce the 2025 Studio Style line, a revolutionary re-design of his iconic blade putter offering. This collection represents a bold step forward, blending Scotty's renowned craftsmanship and design with innovative materials, milling techniques, and advanced technology. The Titleist Scotty Cameron 2025 Studio Style Newport 2 Putter is designed for players who value feel and appreciate crisp, mechanical lines through a putter that delivers exquisite alignment, balance and performance.</span></p>  <p><strong>The Tech Story</strong></p>  <p><span style=""font-weight: 400;"">The Titleist Scotty Cameron 2025 Studio Style Newport 2 putter refines the iconic tour-winning design for modern performance. This flagship model features a new Studio Carbon Steel (SCS) face insert combined with chain-link face milling technology, delivering a softer sound, improved feel, and enhanced roll characteristics. A slightly thicker topline, reminiscent of the popular 2012 Select line, further contributes to the soft sound and solid feel. Precision milled in the USA from 303 stainless steel, the Newport 2 retains its refined tri-sole design and I-beam plumbing neck. Customizable tungsten sole weights (more...)",Titleist Scotty Cameron
2/11/2025 11:20 am,2025 SS NEWPORT PL PUT,Titleist Scotty Cameron 2025 Studio Style Newport Plus Putter,2025 Studio Style Newport Plus,No,Putter,2025,,,"<p><strong>Who’s It For?</strong></p>  <p><span style=""font-weight: 400;"">Scotty Cameron is proud to introduce the 2025 Studio Style line, a revolutionary re-design of his iconic blade putter offering. This collection represents a bold step forward, blending Scotty's renowned craftsmanship and design with innovative materials, milling techniques, and advanced technology. Made for players seeking the look of a classic blade but who want a bit more confidence over the ball, the Titleist Scotty Cameron 2025 Studio Style Newport Plus putter has a slightly wider profile for increased forgiveness and stability while preserving the looks and performance of a blade.</span></p>  <p><strong>The Tech Story</strong></p>  <p><span style=""font-weight: 400;"">The Titleist Scotty Cameron 2025 Studio Style Newport Plus putter builds upon the classic Newport design with a slightly wider profile for enhanced confidence and stability. This wider design increases MOI while retaining the traditional blade putter aesthetics and clean alignment. Precision milled from 303 stainless steel, the Newport Plus features the new Studio Carbon Steel (SCS) face insert with innovative chain-link face milling technology, delivering a soft sound, superior feel, and improved roll characteristics. An integrated 6061(more...)",Titleist Scotty Cameron
2/11/2025 11:18 am,2025 SS NEWPORT PUT,Titleist Scotty Cameron 2025 Studio Style Newport Putter,2025 Studio Style Newport,No,Putter,2025,,,"<p><strong>Who’s It For?</strong></p>  <p><span style=""font-weight: 400;"">Scotty Cameron is proud to introduce the 2025 Studio Style line, a revolutionary re-design of his iconic blade putter offering. This collection represents a bold step forward, blending Scotty's renowned craftsmanship and design with innovative materials, milling techniques, and advanced technology. The Titleist Scotty Cameron 2025 Studio Style Newport putter sports a time-honored design, favored by feel players who prefer the precision milled rounded contours for a softer, less angular approach to putting.</span></p>  <p><strong>The Tech Story</strong></p>  <p><span style=""font-weight: 400;"">The Titleist Scotty Cameron 2025 Studio Style Newport putter proves that classic designs remain relevant with modern technological enhancements. This updated model retains its familiar rounded contours and signature red cherry dots while introducing a precision-milled Studio Carbon Steel (SCS) face insert for exceptionally soft sound and feel. Aerospace-inspired vibration damping technology further refines the sound and feel at impact.  Chain-link face milling technology enhances roll characteristics, contributing to a tour-preferred performance. Crafted in the USA from 303 stainless steel, the Newport features a mis(more...)",Titleist Scotty Cameron
2/11/2025 10:07 am,DIAMANA RB DST,Mitsubishi Golf Diamana RB Driver Shaft,Diamana RB,No,Driver Shaft,2025,,,"<p><strong>Who’s It For?</strong></p>  <p><span style=""font-weight: 400;"">Designed for golfers seeking a higher launch angle and enhanced feel without sacrificing control, the Mitsubishi Rayon Diamana RB Driver Shaft is a good fit for players who may struggle to get the ball airborne or prefer a softer tip section for improved feedback. The ""Red Board"" profile, with its active tip, caters to those who want a more responsive feel at impact while still benefiting from the stability and low-torque characteristics of the Diamana line. Overall, it's a versatile shaft suitable for a range of players looking for a balanced blend of launch, feel, and control.</span></p>  <p><strong>The Tech Story</strong></p>  <p><span style=""font-weight: 400;"">The Mitsubishi Rayon Diamana RB (Red Board) Driver Shaft combines classic Diamana branding and weight class designations with cutting-edge materials and engineering. As the third profile in the newest generation, the RB offers a slightly higher launch angle than the BB, promoting ease of launch while maintaining down-field control. This classic ""Red Board"" profile, reminiscent of the 2nd Generation Diamana, features an active, softer tip section for enhanced feel and launch, while still incorporating the same material technology and low-torque (more...)",Mitsubishi Golf
2/10/2025 3:29 pm,VENTUS BLACK VELO PL HST,Fujikura Ventus Black Velocore+ Hybrid Shaft,Ventus Black Velocore+,No,Hybrid Shaft,2025,,,"<p><strong>Who’s It For?</strong></p>  <p><span style=""font-weight: 400;"">Specifically designed for players with faster swing speed players seeking a lower, penetrating ball flight and reduced spin, the Fujikura Ventus Black Velocore+ Hybrid Shaft is a great option for those who generate a lot of speed and want to tame their hybrid's launch and spin for improved consistency and distance control. Its ultra-stiff profile, from handle to tip, caters to players seeking minimal flex and a firm feel, prioritizing control and accuracy.</span></p>  <p><strong>The Tech Story</strong></p>  <p><span style=""font-weight: 400;"">The Fujikura Ventus Black Velocore+ Hybrid Shaft represents a significant advancement in hybrid shaft technology, engineered for ultimate consistency, speed, and accuracy. This re-engineered shaft integrates VeloCore+ Technology, an enhanced multi-material bias core construction that builds upon the original VeloCore by refining the properties of Pitch 70 and 40 Ton materials and incorporating a third material for improved feel and overall performance. Designed with a focus on total performance, the Ventus HB line utilizes a three-profile setup, allowing for precise fine-tuning of long-game performance. The Ventus HB Black specifically caters to. Its ultra-stiff hand(more...)",Fujikura
2/10/2025 3:25 pm,VENTUS RED VELO PL HST,Fujikura Ventus Red Velocore+ Hybrid Shaft,Ventus Red Velocore+,No,Hybrid Shaft,2025,,,"<p><strong>Who’s It For?</strong></p>  <p><span style=""font-weight: 400;"">Specifically designed to promote greater peak height and a steeper land angle while maintaining consistency and accuracy, the Fujikura Ventus Red Velocore+ Hybrid Shaft is a great option for players seeking a higher ball flight and increased spin. The balanced stiffness profile offers a blend of stability and launch characteristics making it a good choice for anyone looking to improve their hybrid performance.</span></p>  <p><strong>The Tech Story</strong></p>  <p><span style=""font-weight: 400;"">The Fujikura Ventus Red Velocore+ Hybrid Shaft represents a significant advancement in hybrid shaft technology, engineered for ultimate consistency, speed, and accuracy. This re-engineered shaft integrates VeloCore+ Technology, an enhanced multi-material bias core construction that builds upon the original VeloCore by refining the properties of Pitch 70 and 40 Ton materials and incorporating a third material for improved feel and overall performance. Designed with a focus on total performance, the Ventus HB line utilizes a three-profile setup, allowing for precise fine-tuning of long-game performance. The Ventus HB Red specifically caters to Its stiff handle, firm mid-section, and stiff tip offer a balanced feel,(more...)",Fujikura
2/10/2025 3:04 pm,VENTUS BLUE VELO PL HST,Fujikura Ventus Blue Velocore+ Hybrid Shaft,Ventus Blue Velocore+,No,Hybrid Shaft,2025,,,"<p><strong>Who’s It For?</strong></p>  <p><span style=""font-weight: 400;"">Designed for golfers seeking a mid-launch ball flight from their hybrids, the Fujikura Ventus Blue Velocore+ Hybrid Shaft is a good fit for players who want less launch and spin but still need some help getting the ball airborne. The added stability in the mid and tip sections caters to players who prioritize accuracy and control, positioning this Hybrid shaft option between the higher launch of the Ventus Red and the lower launch of the Ventus Black.</span></p>  <p><strong>The Tech Story</strong></p>  <p><span style=""font-weight: 400;"">The Fujikura Ventus Blue Velocore+ Hybrid Shaft represents a significant advancement in hybrid shaft technology, engineered for ultimate consistency, speed, and accuracy. This re-engineered shaft integrates VeloCore+ Technology, an enhanced multi-material bias core construction that builds upon the original VeloCore by refining the properties of Pitch 70 and 40 Ton materials and incorporating a third material for improved feel and overall performance. Designed with a focus on total performance, the Ventus HB line utilizes a three-profile setup, allowing for precise fine-tuning of long-game performance. The Ventus HB Blue is designed for a mid-launch ball flight, offering (more...)",Fujikura
2/10/2025 2:55 pm,VENTUS WHITE VELO PL DST,Fujikura Ventus White Velocore+ Driver Shaft,Ventus White Velocore+,No,Driver Shaft,2025,,,"<p><strong>Who’s It For?</strong></p>  <p><span style=""font-weight: 400;"">Designed for golfers seeking a higher launch and spin profile without sacrificing stability and accuracy, the Fujikura Ventus White Velocore+ Driver Shaft maintains Fujikura’s reputation for exceptional consistency and control. It's particularly well-suited for players who may struggle with launch conditions or prefer a lighter weight shaft for increased swing speed potential. While offering more launch and spin than other Ventus profiles, the Velocore+ technology ensures it is a viable option for a wide range of players looking to optimize their driver performance.</span></p>  <p><strong>The Tech Story</strong></p>  <p><span style=""font-weight: 400;"">The Fujikura Ventus White Velocore+ Driver Shaft represents the next generation of performance technology, building upon the original VeloCore with the enhanced VeloCore+ multi-material bias core construction. This innovative design incorporates a new third premium material to the bias, resulting in tighter dispersion, increased speed, and improved accuracy. The Ventus White, one of four launch profiles in the Ventus line, offers exceptional stability, accuracy, distance, and feel in a lightweight package. Its unique bend profile, combined with VeloCore+ Te(more...)",Fujikura
2/4/2025 2:30 pm,2025 P790 STS,TaylorMade 2025 P790 Iron Set,2025 P790,No,Iron Set,2025,,,"<p><strong>Who’s It For?</strong></p>  <p><span style=""font-weight: 400;"">The P790 is the gift that keeps on giving for TaylorMade. The 2025 P790 Irons are the 5th generation of these power-packed players distance irons. With an increased sweet spot compared to the 2023 versions, these irons are ideal for low-mid handicappers looking for optimal launch, increased forgiveness and enhanced consistency.</span></p>  <p><strong>The Tech Story</strong></p>  <p><span style=""font-weight: 400;"">The TaylorMade 2025 P·790 irons are engineered to deliver exceptional feel, distance, and consistency. Forged from a new ultra-high strength 4340M steel, the face is 20% stronger than previous generations, allowing for a thinner construction that delivers faster ball speeds and a larger sweet spot.  SpeedFoam™ Air inside the head enhances feel and sound at impact, while FLTD CG™ technology strategically positions the center of gravity for optimal launch and spin throughout the set. Long irons feature a lower CG for increased launch and playability, while scoring clubs have a higher CG for improved spin and control. Refinement in shaping includes a thinner topline, increased sole radius, and a progressive leading edge designed to improve turf interaction and promote consistent contact.</span></p>(more...)",TaylorMade
1/30/2025 10:06 am,PRIME ROYAL 6 STS,XXIO Prime Royal Edition 6 Iron Set,Prime Royal Edition 6,No,Iron Set,2025,,,"<p><strong>Who’s It For?</strong></p>  <p><span style=""font-weight: 400;"">Designed for a wide range of golfers with moderate swing speeds, the XXIO Prim Royal Edition 6 Irons are the ultimate in luxury performance. These clubs combine state-of-the-art technology with exquisite design, utilizing exotic materials and ultralightweight construction for effortless swings, increased speed, enhanced distance, and straighter ball flights. The Prime Royal Edition 6 offers a premium experience, blending high balance point design with advanced ball speed technologies for players looking to elevate their game with a truly exceptional set of clubs.</span></p>  <p><strong>The Tech Story</strong></p>  <p><span style=""font-weight: 400;"">The XXIO Prime Royal Edition 6 Irons utilize a sophisticated 4-piece construction with a titanium face to achieve exceptional distance, forgiveness, and launch characteristics. This innovative design, combined with the unique Rebound Frame structure, creates an exceptionally low Center of Gravity, promoting a higher launch and enhanced stability. The Rebound Frame itself features not only an L-shaped groove at the sole but also new grooves in the outer periphery of the clubhead, further enhancing face rebound for increased ball speed and distance. Complementin(more...)",XXIO
1/30/2025 10:01 am,PRIME ROYAL 6 HYG,XXIO Prime Royal Edition 6 Hybrid,Prime Royal Edition 6,No,Hybrid,2025,,,"<p><strong>Who’s It For?</strong></p>  <p><span style=""font-weight: 400;"">The XXIO Prime Royal Edition 6 Hybrid offers exalted performance for seasoned players with moderate swing speeds, featuring elegant craftsmanship, exotic materials, and advanced technologies. This combination of premium materials, advanced construction techniques, and elegant design makes the XXIO Prime Royal Edition 6 Hybrid a true masterpiece, designed for effortless swings, enhanced distance, and straighter ball flight.</span></p>  <p><strong>The Tech Story</strong></p>  <p><span style=""font-weight: 400;"">The XXIO Prime Royal Edition 6 Hybrid is engineered for effortless distance and accuracy through a combination of advanced technologies. The ultralightweight 39g TORAYCA® T1100G SP-1300K carbon fiber shaft, enhanced with NANOALLOY® resin, delivers a remarkable blend of strength and flexibility for increased swing speed. A draw-biased design utilizes the gear effect to promote straighter ball flight and improve directional stability, counteracting slices and maximizing forgiveness on off-center hits, even in wet conditions. ActivWing technology harnesses aerodynamic forces during the swing to stabilize the clubhead, leading to more consistent impact and improved downrange performance. Finally, the BiF(more...)",XXIO
1/29/2025 3:18 pm,PRIME ROYAL 6 FWG,XXIO Prime Royal Edition 6 Fairway Wood,Prime Royal Edition 6,No,Fairway Wood,2025,,,"<p><strong>Who’s It For?</strong></p> <p><span style=""font-weight: 400;"">The all new XXIO Prime Royal Edition 6 Fairway Wood represents the pinnacle of luxury and performance, combining state-of-the-art technology with exquisite design. This Driver offers exalted performance for seasoned players with moderate swing speeds, featuring elegant craftsmanship, exotic materials, and advanced technologies to produce longer, straighter shots off the tee and from the fairway.</span></p> <p><strong>The Tech Story</strong></p> <p><span style=""font-weight: 400;"">The XXIO Prime Royal Edition 6 Fairway Wood combines several key technologies to deliver exceptional distance and forgiveness. The ultralightweight 39g TORAYCA® T1100G SP-1300K carbon fiber shaft, incorporating NANOALLOY® resin, provides a unique blend of strength and flexibility for enhanced swing speed. A draw-biased design utilizes the gear effect to promote straighter ball flight and improved directional stability, mitigating the negative effects of off-center hits and open face angles, even in wet conditions. ActivWing technology strategically manipulates airflow during the swing to stabilize the clubhead, leading to more consistent impact and improved downrange performance. Finally, the BiFlex Face optimizes clubhead stiffne(more...)",XXIO
1/29/2025 2:59 pm,PRIME ROYAL 6 DVR,XXIO Prime Royal Edition 6 Driver,Prime Royal Edition 6,No,Driver,2025,,,"<p><strong>Who’s It For?</strong></p> <p><span style=""font-weight: 400;"">Representing the pinnacle of luxury and performance, the all new XXIO Prime Royal Edition 6 Driver combines state-of-the-art technology with exquisite design. This Driver offers exalted performance for seasoned players with moderate swing speeds, featuring elegant craftsmanship, exotic materials, and advanced Driver technologies with exquisite detailing and a regal feel.</span></p> <p><strong>The Tech Story</strong></p> <p><span style=""font-weight: 400;"">The XXIO Prime Royal Edition 6 Driver leverages cutting-edge technology to maximize distance and forgiveness. Its ultralightweight 39g TORAYCA® T1100G SP-1300K carbon fiber shaft, enhanced with NANOALLOY® resin, delivers a potent blend of strength and flexibility for increased swing speed. The draw-biased design utilizes the ""gear effect"" to promote straighter ball flight, counteracting slices and improving directional stability, even on off-center hits or in wet conditions. ActivWing technology manipulates airflow during the swing to stabilize the clubhead for a more consistent impact, leading to improved distance and accuracy. Finally, the BiFlex Face optimizes clubhead stiffness across the face, ensuring powerful performance and minimizing distance los(more...)",XXIO
1/29/2025 2:42 pm,PRIME ROYAL 6 W STS,XXIO Prime Royal Edition 6 Ladies Iron Set,Prime Royal Edition 6 Ladies,No,Iron Set,2025,,,"<p><strong>Who’s It For?</strong></p>  <p><span style=""font-weight: 400;"">The XXIO Prime Royal Edition 6 Ladies Irons are a stately set fit for female players seeking the world’s finest in ultralightweight golf equipment. These clubs utilize exclusive materials and women-specific design features, including an ultralight feel, to enhance their swing with remarkable ease. The Prime Royal Edition 6 Ladies irons cater to all women players seeking the ultimate in forgiveness, distance, and control, combining exquisite aesthetics with advanced ball speed technologies and high balance point design for a truly premium and performance-driven experience.</span></p>  <p><strong>The Tech Story</strong></p>  <p><span style=""font-weight: 400;"">The XXIO Prime Royal Edition 6 Ladies Irons are meticulously engineered to provide women golfers with exceptional distance, forgiveness, and a higher launch. The innovative 4-piece construction with a titanium face creates a remarkably low Center of Gravity, which, combined with the unique Rebound Frame structure, promotes a higher launch and enhanced directional stability for effortless performance. The Rebound Frame itself utilizes not only an L-shaped groove at the sole but also strategically placed grooves in the outer periphery of the clubhead to(more...)",XXIO
1/29/2025 2:35 pm,PRIME ROYAL 6 W HYG,XXIO Prime Royal Edition 6 Ladies Hybrid,Prime Royal Edition 6 Ladies,No,Hybrid,2025,,,"<p><strong>Who’s It For?</strong></p>  <p><span style=""font-weight: 400;"">The all-new XXIO Prime Royal Edition 6 Ladies Hybrid is a lightweight, premium offering designed to help moderate swing speed golfers hit longer, straighter shots from a variety of lies. The XXIO Prime Royal Ladies Hybrids  unique, specialized technologies are made exclusively for women's swings, improving ball speed, accuracy, and consistency for your easiest golf yet.</span></p>  <p><strong>The Tech Story</strong></p>  <p><span style=""font-weight: 400;"">The XXIO Prime Royal Edition 6 Ladies Hybrid is designed to provide women golfers with exceptional performance and forgiveness. The ultralightweight 37g TORAYCA® T1100G SP-1300K Ladies Flex carbon fiber shaft, enhanced with NANOALLOY® resin, delivers an ideal combination of strength and flexibility for increased swing speed. A draw-biased design utilizes the gear effect to promote straighter ball flight and improved directional stability, helping to mitigate slices and maintain playability even on off-center strikes or in wet conditions. ActivWing technology strategically manages airflow during the swing to stabilize the clubhead for more consistent impact and improved downrange performance. Finally, the BiFlex Face optimizes clubhead stiffness across t(more...)",XXIO
1/29/2025 2:28 pm,PRIME ROYAL 6 W FWG,XXIO Prime Royal Edition 6 Ladies Fairway Wood,Prime Royal Edition 6 Ladies,No,Fairway Wood,2025,,,"<p><strong>Who’s It For?</strong></p> <p><span style=""font-weight: 400;"">The all-new XXIO Prime Royal Edition 6 Ladies Fairway Wood is a lightweight, premium offering designed to help moderate swing speed golfers hit longer, straighter shots off the tee and from the fairway. The XXIO Prime Royal Ladies Fairway Woods unique, specialized technologies are made exclusively for women's swings, improving ball speed, accuracy, and consistency for your easiest golf yet.</span></p> <p><strong>The Tech Story</strong></p> <p><span style=""font-weight: 400;"">The XXIO Prime Royal Edition 6 Ladies Fairway Wood is engineered to provide women golfers with effortless distance and accuracy. The ultralightweight 37g TORAYCA® T1100G SP-1300K Ladies Flex carbon fiber shaft, incorporating NANOALLOY® resin, offers an optimal blend of strength and flexibility for increased swing speed. A draw-biased design utilizes the gear effect to promote straighter ball flight and improve directional stability, minimizing the effects of slices and off-center hits, even in challenging conditions like wet lies. ActivWing technology strategically manages airflow during the swing to enhance clubhead stability, leading to more consistent impact and improved downrange performance. Finally, the BiFlex Face optimizes club(more...)",XXIO
1/29/2025 2:14 pm,PRIME ROYAL 6 W DVR,XXIO Prime Royal Edition 6 Ladies Driver,Prime Royal Edition 6 Ladies,No,Driver,2025,,,"<p><strong>Who’s It For?</strong></p> <p><span style=""font-weight: 400;"">The all-new XXIO Prime Royal Edition 6 Ladies Driver is a lightweight, premium offering designed to help moderate swing speed golfers hit longer, straighter shots off the tee and avoid fatigue caused by playing heavier 1-Woods. The XXIO Prime Royal Ladies Drivers unique, specialized technologies are made exclusively for women's swings, improving ball speed, accuracy, and consistency for your easiest golf yet.</span></p> <p><strong>The Tech Story</strong></p> <p><span style=""font-weight: 400;"">The XXIO Prime Royal Edition 6 Ladies Driver is meticulously engineered for seasoned women golfers with moderate swing speeds, delivering the pinnacle of luxury and performance. The driver head combines a Super-TIX® 51AF Premium Titanium face with an 811 Titanium and SUS body. The face undergoes CNC processing and forging for precision and optimal performance, while the body is crafted using vacuum precision casting. The driver's exquisite aesthetics are highlighted by a Gold IP finish, a high-gloss metallic gradation polarized coating, a crown big transcription, and a mirror, satin, and laser treatment.  Further enhancing performance and feel is an Elastomer Bush specifically designed for the XXIO Prime Royal Editio(more...)",XXIO
1/29/2025 10:05 am,OZ1 CB PUT,L.A.B. Golf OZ.1 Counterbalance Putter,OZ.1 Counterbalance,No,Putter,2025,,,"<p><strong>Who’s It For?</strong></p>  <p><span style=""font-weight: 400;"">The L.A.B. Golf OZ.1 Counterbalance putter is designed for golfers seeking enhanced stability and control in their putting stroke. The added weight in the grip end helps to smooth out inconsistencies and minimize unwanted movement, leading to a more reliable and repeatable motion. This design also reduces tension in the hands and wrists, promoting a more relaxed and fluid stroke. Players who value a solid feel and a stable putter head will appreciate the OZ.1's solid-body construction and lie angle balance, promoting consistent accuracy and distance control. The classic half-moon mallet shape appeals to those seeking a traditional aesthetic with modern performance benefits. Like other L.A.B. Golf putters, the OZ.1 Counterbalance offers exceptional forgiveness, making it ideal for golfers of all skill levels.</span></p>  <p><strong>The Tech Story</strong></p>  <p><span style=""font-weight: 400;"">L.A.B. Golf had always aspired to craft a tour-inspired putter, driven by a fascination with the nuanced preferences of professional golfers. This ambition led them to collaborate with Adam Scott, who envisioned a putter with design cues from a German sports car and a classic mallet. Through iterative prototyping, (more...)",L.A.B. Golf
1/23/2025 2:17 pm,2025 DYNAPWR MAX STS,Wilson Staff 2025 DYNAPWR Max Iron Set,2025 DYNAPWR Max,No,Iron Set,2025,,,"<p><strong>Who’s It For?</strong></p>  <p><span style=""font-weight: 400;"">The Wilson Staff 2025 Dynapwr Max irons are designed to provide maximum distance and forgiveness for a wide range of golfers. Re-engineered for 2025 from the inside out, the new Dynapwr Max Irons offer incredible forgiveness and deliver maximum performance while instilling confidence at address.</span></p>  <p><strong>The Tech Story</strong></p>  <p><span style=""font-weight: 400;"">  The Wilson Staff Dynapwr Max irons represent a significant advancement in iron technology, offering a powerful combination of distance, forgiveness, and feel. The key technology behind the Dynapwr Max Irons is the PKR Cup Face, a novel design that combines a cup face with AI-generated variable face technology to optimize ball speed and launch consistency across the entire clubface. Further enhancing ball speed is the Velocity Optimization Channel (VOC) located behind the face, which promotes increased flex at impact. To maximize forgiveness and launch, the irons feature a low center of gravity achieved through toe-biased weight distribution and open heel construction. This design promotes higher launch angles and increased stopping power for greater control on approach shots. Finally, topology optimization ensures optimal mas(more...)",Wilson Staff
1/23/2025 2:15 pm,2025 DYNAPWR STS,Wilson Staff 2025 DYNAPWR Iron Set,2025 DYNAPWR,No,Iron Set,2025,,,"<p><strong>Who’s It For?</strong></p>  <p><span style=""font-weight: 400;"">The Wilson Staff 2025 Dynapwr Irons are designed to produce fast ball speeds and a high launch with increased spin and stopping power. Re-engineered for 2025 from the inside out, the new Dynapwr Irons offer incredible forgiveness and deliver maximum performance while instilling confidence at address.</span></p>  <p><strong>The Tech Story</strong></p>  <p><span style=""font-weight: 400;"">  The Wilson Staff 2025 Dynapwr irons represent a breakthrough in iron technology, designed to deliver exceptional distance, forgiveness, and feel. The PKR Cup Face, a unique cup face design combined with AI-generated variable face technology, optimizes ball speed and launch consistency across the entire face. Working in tandem with the PKR Cup Face, the Velocity Optimization Channel (VOC) located behind the face promotes maximum ball speeds through increased face flex. A hollow body construction allows for strategic weight distribution, lowering the center of gravity for higher launch and increased forgiveness. This design, along with toe-biased weighting, generates higher MOI and maximum stopping power on approach shots. Finally, the Energy Transfer Chassis (ETC) at the back of the iron enhances stability and energy tran(more...)",Wilson Staff
1/23/2025 2:06 pm,2025 DYNAPWR LITE HYG,Wilson Staff 2025 DYNAPWR Lite Hybrid,2025 DYNAPWR Lite,No,Hybrid,2025,,,"<p><strong>Who’s It For?</strong></p>  <p><span style=""font-weight: 400;"">The Wilson Staff 2025 Dynapwr Lite hybrid is designed for a wide range of golfers seeking maximum distance, forgiveness, and versatility from any lie. With an AI-optimized design and an improved head shape, the Dynapwr Lite hybrid delivers impressive ball speeds in a lightweight head design while maintaining the ultimate in stability and forgiveness.</span></p>  <p><strong>The Tech Story</strong></p>  <p><span style=""font-weight: 400;""> The key technology behind this performance is PKR-360, an AI-driven design that optimizes face and body locations to create multiple sweet spots across the entire clubface, resulting in higher ball speeds and greater forgiveness on off-center hits. The hybrid's low center of gravity, positioned evenly across the sole, promotes a high launch and increased forgiveness, making it easier to get the ball airborne and achieve optimal distance. A compact head design with an extended low toe area expands the hitting surface and provides stability on toe shots, instilling confidence when approaching greens from a distance. Forged from custom 455 face material, the Dynapwr Lite hybrid delivers exceptional feel and ball speed, ensuring a satisfying experience with every shot. Whethe(more...)",Wilson Staff
1/23/2025 2:05 pm,2025 DYNAPWR HYG,Wilson Staff 2025 DYNAPWR Hybrid,2025 DYNAPWR,No,Hybrid,2025,,,"<p><strong>Who’s It For?</strong></p>  <p><span style=""font-weight: 400;"">The Wilson Staff 2025 Dynapwr hybrid is designed for a wide range of golfers seeking maximum distance, forgiveness, and versatility from any lie. With an AI-optimized design and an improved head shape, the Dynapwr hybrid delivers impressive ball speeds  while maintaining the ultimate in stability and forgiveness.</span></p>  <p><strong>The Tech Story</strong></p>  <p><span style=""font-weight: 400;""> The key technology behind this performance is PKR-360, an AI-driven design that optimizes face and body locations to create multiple sweet spots across the entire clubface, resulting in higher ball speeds and greater forgiveness on off-center hits. The hybrid's low center of gravity, positioned evenly across the sole, promotes a high launch and increased forgiveness, making it easier to get the ball airborne and achieve optimal distance. A compact head design with an extended low toe area expands the hitting surface and provides stability on toe shots, instilling confidence when approaching greens from a distance. Forged from custom 455 face material, the Dynapwr hybrid delivers exceptional feel and ball speed, ensuring a satisfying experience with every shot. Whether from the fairway, rough, or tee, the Dyn(more...)",Wilson Staff
1/23/2025 2:01 pm,2025 DYNAPWR MAX LITE FWG,Wilson Staff 2025 DYNAPWR Max Lite Fairway Wood,2025 DYNAPWR Max Lite,No,Fairway Wood,2025,,,"<p><strong>Who’s It For?</strong></p> <p><span style=""font-weight: 400;"">Whether you're a senior, women, or simply seeking an easy-to-hit fairway wood, the Wilson Staff 2025 Dynapwr Max Lite Fairway Wood is an excellent choice. Its forgiving design and high MOI make it ideal for players who struggle with consistency and want to ensure solid contact and easy launch, even on off-center hits. The high launch characteristics are particularly beneficial for slower swinging golfers who need help getting the ball airborne and maximizing carry distance.</span></p> <p><strong>The Tech Story</strong></p> <p><span style=""font-weight: 400;"">The Wilson Staff 2025 Dynapwr Max Lite Fairway Wood is designed for maximum forgiveness and high launch, utilizing advanced technologies like PKR-360 and Forged Construction.  PKR-360, an AI-driven system, optimizes face and body locations, creating multiple sweet spots for increased ball speeds across the face. Forged Construction with custom 455 face material delivers exceptional strength, high ball speeds, and a premium feel. A thin-cast steel crown improves weight distribution, lowering the center of gravity for increased stability and tighter dispersion. Maximum forgiveness and high launch are achieved through a 12g rear weight, promoting towering(more...)",Wilson Staff
1/23/2025 2:00 pm,2025 DYNAPWR MAX FWG,Wilson Staff 2025 DYNAPWR Max Fairway Wood,2025 DYNAPWR Max,No,Fairway Wood,2025,,,"<p><strong>Who’s It For?</strong></p> <p><span style=""font-weight: 400;"">Whether you're a beginner, a high-handicapper, or simply seeking an easy-to-hit fairway wood, the Wilson Staff 2025 Dynapwr Max Fairway Wood is an excellent choice. Its forgiving design and high MOI make it ideal for players who struggle with consistency and want to ensure solid contact and easy launch, even on off-center hits. The high launch characteristics are particularly beneficial for golfers who need help getting the ball airborne and maximizing carry distance. </span></p> <p><strong>The Tech Story</strong></p> <p><span style=""font-weight: 400;"">The Wilson Staff 2025 Dynapwr Max Fairway Wood is designed for maximum forgiveness and high launch, utilizing advanced technologies like PKR-360 and Forged Construction.  PKR-360, an AI-driven system, optimizes face and body locations, creating multiple sweet spots for increased ball speeds across the face. Forged Construction with custom 455 face material delivers exceptional strength, high ball speeds, and a premium feel. A thin-cast steel crown improves weight distribution, lowering the center of gravity for increased stability and tighter dispersion. Maximum forgiveness and high launch are achieved through a 12g rear weight, promoting towering ball flig(more...)",Wilson Staff
1/23/2025 1:58 pm,2025 DYNAPWR CARBON FWG,Wilson Staff 2025 DYNAPWR Carbon Fairway Wood,2025 DYNAPWR Carbon,No,Fairway Wood,2025,,,"<p><strong>Who’s It For?</strong></p> <p><span style=""font-weight: 400;"">The new Dynapwr Carbon Fairway Wood is ideal for consistent swinging players who prefer a flatter, more controlled ball flight. Optimized with multiple sweet spots and custom face material, the Carbon Fairway wood offers maximum distance with a penetrating ball flight and lower spin. The Dynapwr Carbon Fairway Wood caters to a wide range of players seeking distance and control, but its lower-spinning characteristics make it especially well-suited for those who prioritize a penetrating trajectory and workability from the fairway or the tee.</span></p> <p><strong>The Tech Story</strong></p> <p><span style=""font-weight: 400;"">The Wilson Staff 2025 Dynapwr Carbon Fairway Wood is engineered for exceptional distance, forgiveness, and workability, utilizing a combination of cutting-edge technologies. AI-powered PKR-360 optimizes face and body locations for increased ball speeds and a larger sweet spot, while Forged Construction with custom 455 face material delivers exceptional strength and feel. A lightweight carbon crown and thin-cast steel crown work together to lower the center of gravity, promoting higher launch and tighter dispersion. Open Hosel Construction enhances face flex for increased ball speeds and(more...)",Wilson Staff
1/23/2025 1:56 pm,2025 DYNAPWR MAX LITE DVR,Wilson Staff 2025 DYNAPWR Max Lite Driver,2025 DYNAPWR Max Lite,No,Driver,2025,,,"<p><strong>Who’s It For?</strong></p> <p><span style=""font-weight: 400;"">The next evolution in Wilson Drivers, the 2025 Dynapwr Max Lite, caters to slower swinging  golfers who prioritize forgiveness and straight ball flight. Its Stability Driven Shaping and high MOI make it incredibly forgiving on off-center hits, helping players find the fairway more consistently. The draw-biased design and adjustable features further enhance accuracy by counteracting slices and promoting a straighter ball flight. This driver is ideal for game improvement golfers, seniors, women or anyone who struggles with accuracy off the tee and wants to gain confidence in their long game.</span></p> <p><strong>The Tech Story</strong></p> <p><span style=""font-weight: 400;"">The Wilson Staff 2025 Dynapwr Max Lite Driver is engineered for maximum forgiveness and draw-biased control, utilizing advanced technologies like PKR-360 and Open Hosel Construction. PKR-360, an AI-driven system, optimizes face and body locations, creating a larger sweet spot and increasing ball speeds across the face. Open Hosel Construction further enhances forgiveness by removing unnecessary material and allowing the face to flex more freely. Stability Driven Shaping increases the driver's MOI for straighter shots, while a 6-way adju(more...)",Wilson Staff
1/23/2025 1:54 pm,2025 DYNAPWR MAX DVR,Wilson Staff 2025 DYNAPWR Max Driver,2025 DYNAPWR Max,No,Driver,2025,,,"<p><strong>Who’s It For?</strong></p> <p><span style=""font-weight: 400;"">The next evolution in Wilson Drivers, the 2025 Dynapwr Max, caters to a wide range of golfers who prioritize forgiveness and straight ball flight. Its Stability Driven Shaping and high MOI make it incredibly forgiving on off-center hits, helping players find the fairway more consistently. The draw-biased design and adjustable features further enhance accuracy by counteracting slices and promoting a straighter ball flight. This driver is ideal for game improvement golfers, high handicappers, or anyone who struggles with accuracy off the tee and wants to gain confidence in their long game.</span></p> <p><strong>The Tech Story</strong></p> <p><span style=""font-weight: 400;"">The Wilson Staff 2025 Dynapwr Max Driver is engineered for maximum forgiveness and draw-biased control, utilizing advanced technologies like PKR-360 and Open Hosel Construction. PKR-360, an AI-driven system, optimizes face and body locations, creating a larger sweet spot and increasing ball speeds across the face. Open Hosel Construction further enhances forgiveness by removing unnecessary material and allowing the face to flex more freely. Stability Driven Shaping increases the driver's MOI for straighter shots, while a 6-way adjustable (more...)",Wilson Staff
1/23/2025 1:53 pm,2025 DYNAPWR CARB LITE DVR,Wilson Staff 2025 DYNAPWR Carbon Lite Driver,2025 DYNAPWR Carbon Lite,No,Driver,2025,,,"<p><strong>Who’s It For?</strong></p> <p><span style=""font-weight: 400;"">The next evolution in Wilson Drivers, the 2025 Dynapwr Carbon Lite, caters to slower swinging golfers seeking both distance and forgiveness. Offering hosel adjustability for those who want to fine-tune ball flight, and a tour-inspired head which provides confidence at address. AI-Optimization and the Open Hosel construction help to maximize ball speed and forgiveness across the face, making it ideal for senior or women players who want to bomb it off the tee without sacrificing accuracy.</span></p> <p><strong>The Tech Story</strong></p> <p><span style=""font-weight: 400;"">The Wilson Staff 2025 Dynapwr Carbon Lite Driver utilizes advanced technologies like PKR-360 and Open Hosel Construction to deliver exceptional performance and forgiveness. PKR-360, an AI-driven system, optimizes face and body locations for increased ball speeds and a larger sweet spot across the face. Open Hosel Construction removes excess material, allowing the face to flex more for higher ball speeds and forgiveness. The Tour-Inspired 460cc head provides a balance of forgiveness and a compact look at address, inspired by feedback from Wilson's tour staff. Maximum workability is achieved through swappable weights and a 6-way adjustable (more...)",Wilson Staff
1/23/2025 1:51 pm,2025 DYNAPWR CARBON DVR,Wilson Staff 2025 DYNAPWR Carbon Driver,2025 DYNAPWR Carbon,No,Driver,2025,,,"<p><strong>Who’s It For?</strong></p>  <p><span style=""font-weight: 400;"">The next evolution in Wilson Drivers, the 2025 Dynapwr Carbon, caters to a wide range of golfers seeking both distance and forgiveness. Offering hosel adjustability for those who want to fine-tune ball flight, and a tour-inspired head which provides confidence at address. AI-Optimization and the Open Hosel construction help to maximize ball speed and forgiveness across the face, making it ideal for players who want to bomb it off the tee without sacrificing accuracy.</span></p>  <p><strong>The Tech Story</strong></p>  <p><span style=""font-weight: 400;"">The Wilson Staff 2025 Dynapwr Carbon Driver utilizes advanced technologies like PKR-360 and Open Hosel Construction to deliver exceptional performance and forgiveness. PKR-360, an AI-driven system, optimizes face and body locations for increased ball speeds and a larger sweet spot across the face. Open Hosel Construction removes excess material, allowing the face to flex more for higher ball speeds and forgiveness. The Tour-Inspired 460cc head provides a balance of forgiveness and a compact look at address, inspired by feedback from Wilson's tour staff. Maximum workability is achieved through swappable weights and a 6-way adjustable hosel, enabling golfers(more...)",Wilson Staff
1/23/2025 1:43 pm,2025 DYNAPWR LS DVR,Wilson Staff 2025 DYNAPWR LS Driver,2025 DYNAPWR LS,No,Driver,2025,,,"<p><strong>Who’s It For?</strong></p> <p><span style=""font-weight: 400;"">The next evolution in Wilson Drivers, the 2025 Dynapwr LS, comes in a tour inspired design and delivers exceptional control and accuracy for skilled golfers without sacrificing ball speed. Maximum workability features like adjustable weights and a 6-way adjustable hosel combine to produce the ultimate tool for optimal launch and shot shaping, making it best suited for experienced players with consistent swings.</span></p> <p><strong>The Tech Story</strong></p> <p><span style=""font-weight: 400;"">The Wilson Staff 2025 Dynapwr LS Driver is engineered for maximum performance and workability, utilizing advanced technologies like PKR-360 and Open Hosel Construction. PKR-360 employs AI to optimize face and body locations, resulting in a larger sweet spot and increased ball speeds across the face. Open Hosel Construction removes unnecessary material, further enhancing face flex and forgiveness. Optimized Aerodynamic Shaping with a raised skirt and curved crown reduces drag for increased clubhead speed. The Tour-Inspired, compact head provides exceptional control, while swappable weights and a 6-way adjustable hosel allow for customized launch, spin, and shot shaping. Precision rib placement ensures a powerful sou(more...)",Wilson Staff
1/23/2025 11:21 am,M CRAFT X B6 PUT,Mizuno M.Craft X B6 Putter,M.Craft X B6,No,Putter,2025,,,"<p><strong>Who’s It For?</strong></p>  <p><span style=""font-weight: 400;"">Experience the pinnacle of putting performance with the Mizuno M.Craft X B6. This fanged mallet, with a single bend hosel suited for a moderate arc, offers the perfect combination of feel, forgiveness, and adaptability. The masterful blend of blade-like precision and mallet-like forgiveness puts complete control in your hands to master every putt.</span></p>  <p><strong>The Tech Story</strong></p>  <p><span style=""font-weight: 400;""> The Mizuno M.Craft X Putter line delivers the best of both worlds, providing the feel and control of a blade with the forgiveness and stability of a mallet. This is achieved through a dynamically shallow center of gravity, a larger head design, and customizable weights that allow golfers to fine-tune feel and performance. Forged and CNC-milled from 1025 steel, the M.Craft X ensures exceptional feel, responsiveness, and consistent roll control. A lightweight aluminum back enhances MOI for increased forgiveness, while the Lamkin Sink Fit grip with a 1906 mosaic pattern adds a touch of Mizuno's heritage. Further customization is available with three neck styles (Plumber, Slant, and Bend) and three unique back shapes (Four, Five and Six) allowing golfers to optimize the putter f(more...)",Mizuno
1/23/2025 11:19 am,M CRAFT X P5 PUT,Mizuno M.Craft X P5 Putter,M.Craft X P5,No,Putter,2025,,,"<p><strong>Who’s It For?</strong></p>  <p><span style=""font-weight: 400;"">The Mizuno M.Craft X P5 putter delivers the ultimate putting experience, providing the perfect balance of feel, forgiveness, and adaptability. This classic mallet, with a plumber's neck hosel ideal for strokes with a slight arc, offers a masterful blend of blade-like precision and mallet-like forgiveness, putting complete control in your hands to master every putt.</span></p>  <p><strong>The Tech Story</strong></p>  <p><span style=""font-weight: 400;""> The Mizuno M.Craft X Putter line delivers the best of both worlds, providing the feel and control of a blade with the forgiveness and stability of a mallet. This is achieved through a dynamically shallow center of gravity, a larger head design, and customizable weights that allow golfers to fine-tune feel and performance. Forged and CNC-milled from 1025 steel, the M.Craft X ensures exceptional feel, responsiveness, and consistent roll control. A lightweight aluminum back enhances MOI for increased forgiveness, while the Lamkin Sink Fit grip with a 1906 mosaic pattern adds a touch of Mizuno's heritage. Further customization is available with three neck styles (Plumber, Slant, and Bend) and three unique back shapes (Four, Five and Six) allowing golfers to opt(more...)",Mizuno
1/23/2025 11:18 am,M CRAFT X S5 PUT,Mizuno M.Craft X S5 Putter,M.Craft X S5,No,Putter,2025,,,"<p><strong>Who’s It For?</strong></p>  <p><span style=""font-weight: 400;"">The M.Craft X S5 putter delivers the ultimate putting experience, combining precision engineering with unmatched customization. This classic mallet design, featuring a slant neck hosel ideal for strokes with a moderate arc, provides the perfect balance of feel, forgiveness, and adaptability. Experience a masterful blend of blade-like precision and mallet-like forgiveness, putting complete control in your hands to master every putt.</span></p>  <p><strong>The Tech Story</strong></p>  <p><span style=""font-weight: 400;""> The Mizuno M.Craft X Putter line delivers the best of both worlds, providing the feel and control of a blade with the forgiveness and stability of a mallet. This is achieved through a dynamically shallow center of gravity, a larger head design, and customizable weights that allow golfers to fine-tune feel and performance. Forged and CNC-milled from 1025 steel, the M.Craft X ensures exceptional feel, responsiveness, and consistent roll control. A lightweight aluminum back enhances MOI for increased forgiveness, while the Lamkin Sink Fit grip with a 1906 mosaic pattern adds a touch of Mizuno's heritage. Further customization is available with three neck styles (Plumber, Slant, and Bend) and t(more...)",Mizuno
1/23/2025 11:16 am,M CRAFT X B5 PUT,Mizuno M.Craft X B5 Putter,M.Craft X B5,No,Putter,2025,,,"<p><strong>Who’s It For?</strong></p>  <p><span style=""font-weight: 400;"">Elevate your putting game with the Mizuno M.Craft X B5 putter. This classic mallet putter, featuring a single bend hosel for golfers with a moderate arc, delivers the ultimate in performance by combining the pinpoint accuracy of a blade with the forgiving nature of a mallet.</span></p>  <p><strong>The Tech Story</strong></p>  <p><span style=""font-weight: 400;""> The Mizuno M.Craft X Putter line delivers the best of both worlds, providing the feel and control of a blade with the forgiveness and stability of a mallet. This is achieved through a dynamically shallow center of gravity, a larger head design, and customizable weights that allow golfers to fine-tune feel and performance. Forged and CNC-milled from 1025 steel, the M.Craft X ensures exceptional feel, responsiveness, and consistent roll control. A lightweight aluminum back enhances MOI for increased forgiveness, while the Lamkin Sink Fit grip with a 1906 mosaic pattern adds a touch of Mizuno's heritage. Further customization is available with three neck styles (Plumber, Slant, and Bend) and three unique back shapes (Four, Five and Six) allowing golfers to optimize the putter for their stroke and preference. The result is a putter that is both a work(more...)",Mizuno
1/23/2025 11:15 am,M CRAFT X B4 PUT,Mizuno M.Craft X B4 Putter,M.Craft X B4,No,Putter,2025,,,"<p><strong>Who’s It For?</strong></p>  <p><span style=""font-weight: 400;"">The Mizuno M.Craft X B4 putter offers the ultimate putting experience, perfectly balancing feel, forgiveness, and adaptability. This angled mallet putter, with its single bend hosel, is ideal for golfers with a moderate arc in their stroke. It masterfully blends the precision of a blade with the forgiveness of a mallet, giving you complete control to sink every putt.</span></p>  <p><strong>The Tech Story</strong></p>  <p><span style=""font-weight: 400;""> The Mizuno M.Craft X Putter line delivers the best of both worlds, providing the feel and control of a blade with the forgiveness and stability of a mallet. This is achieved through a dynamically shallow center of gravity, a larger head design, and customizable weights that allow golfers to fine-tune feel and performance. Forged and CNC-milled from 1025 steel, the M.Craft X ensures exceptional feel, responsiveness, and consistent roll control. A lightweight aluminum back enhances MOI for increased forgiveness, while the Lamkin Sink Fit grip with a 1906 mosaic pattern adds a touch of Mizuno's heritage. Further customization is available with three neck styles (Plumber, Slant, and Bend) and three unique back shapes (Four, Five and Six) allowing golfers to o(more...)",Mizuno
1/21/2025 2:19 pm,GT3 HYG,Titleist GT3 Hybrid,GT3,No,Hybrid,2025,,,"<p><strong>Who’s It For?</strong></p>  <p><span style=""font-weight: 400;"">The Titleist GT3 Hybrid offers a compelling blend of workability and forgiveness in a compact, player-preferred design. Its iron-like profile, refined contours, and adjustable heel-toe weighting provide golfers with the control and precision they demand. Despite its smaller size, the GT3 delivers impressive forgiveness and mid/high launch, making it a versatile option for players who want to shape shots with confidence and achieve optimal distance.</span></p>  <p><strong>The Tech Story</strong></p>  <p><span style=""font-weight: 400;"">The Titleist GT3 Hybrid is designed for golfers seeking workability and iron-like precision in a hybrid. Its compact shape, flatter sole, and adjustable heel-toe weighting provide control over shot shape and trajectory. Dual Weight Optimization allows golfers to fine-tune ball flight by positioning the heavier weight towards their typical impact location. Despite its smaller size, the GT3 Hybrid maintains impressive forgiveness due to increased inertia from perimeter weighting. This combination of features makes the GT3 a versatile option for players who demand control and precision without sacrificing distance or forgiveness. A wide range of exceptional featured shafts ensu(more...)",Titleist
1/21/2025 2:18 pm,GT2 HYG,Titleist GT2 Hybrid,GT2,No,Hybrid,2025,,,"<p><strong>Who’s It For?</strong></p>  <p><span style=""font-weight: 400;"">A high-launching and forgiving alternative to long irons, the Titleist GT2 Hybrid is ideal for a wide variety of players looking to hit more greens from long range with increased consistency. Its refined design features a flatter, more playable sole, a sleeker profile, and adjustable heel-toe weighting for optimized launch and forgiveness. Experience reimagined stability and consistency in a High-MOI hybrid, crafted to bring peak performance to a variety of lies.</span></p>  <p><strong>The Tech Story</strong></p>  <p><span style=""font-weight: 400;"">The Titleist GT2 Hybrid is engineered for exceptional stability and forgiveness, delivering consistent performance across the face. Its high-MOI design, achieved through strategically positioned weight, provides exceptional resistance to twisting on off-center hits. Dual Weight Optimization with adjustable heel-toe weights allows for further customization of speed, launch, and directional control. A flatter sole design and sleeker profile enhance turf interaction and promote clean contact, while a confidence-inspiring look at address improves aim.  A wide range of exceptional featured shafts ensures a precise fit for every player and swing profile.</span></p> (more...)",Titleist
1/21/2025 12:58 pm,PRO T3 SWS WGS,Mizuno Pro T-3 Soft White Satin Wedge,Pro T-3 Soft White Satin,No,Wedge,2025,,,"<p><strong>Who’s It For?</strong></p>  <p><span style=""font-weight: 400;"">Designed for golfers seeking a premium wedge that offers a balance of feel, forgiveness, and versatility, the Mizuno Pro T-3 Soft White Satin Wedge will appeal to all golfers who appreciate the soft feel of forged carbon steel and require different sole options for various shot types. Created with advanced forging techniques and meticulous craftsmanship, the T-3 Wedge delivers consistent spin, shot versatility, and the signature elegance synonymous with Mizuno.</span></p>  <p><strong>The Tech Story</strong></p>  <p><span style=""font-weight: 400;"">The Mizuno Pro T-3 Soft White Satin Wedge leverages cutting-edge technology to deliver a superior blend of feel, forgiveness, and versatility. Forged with Grain Flow Forged HD technology from 1025 Pure Select Mild Carbon Steel and featuring a Copper Underlay, the T-3 provides the signature soft feel Mizuno wedges are known for. A new shallow cavity back design increases head length for enhanced stability and forgiveness, especially on off-center hits. Three distinct sole profiles (S, M, and C) cater to diverse playing styles and shot types, from full swings to delicate touch shots around the green, with the M sole effectively replacing the previous S23 D profile(more...)",Mizuno
1/21/2025 12:57 pm,PRO T1 BLUE WGS,Mizuno Pro T-1 Blue Ion Wedge,Pro T-1 Blue Ion,No,Wedge,2025,,,"<p><strong>Who’s It For?</strong></p>  <p><span style=""font-weight: 400;"">A premium wedge with a distinctive finish, the Mizuno Pro T-1 Blue Ion Wedge balances feel, forgiveness, and versatility. Players of all skill levels who value the soft feel of forged carbon steel and the performance benefits of multiple sole options will appreciate the T-1 Wedge. Advanced forging techniques and meticulous craftsmanship ensure consistent spin, shot versatility, and the signature elegance synonymous with Mizuno.</span></p>  <p><strong>The Tech Story</strong></p>  <p><span style=""font-weight: 400;"">The Mizuno Pro T-1 Blue Ion Wedge embodies the iconic Mizuno Pro feel, forged in Hiroshima, Japan, using Grain Flow Forged HD technology. The combination of 1025 Pure Select Mild Carbon Steel and a Copper Underlay delivers exceptional feedback and a signature soft feel. Its compact teardrop shape and straighter leading edge provide a visually appealing profile and promote confident turf interaction. A comprehensive selection of six sole grinds (S, M, P, C, V, and X) ensures optimal performance for any swing type and course condition, with the new M grind replacing the T24 D-Grind and the P grind offering increased bounce compared to a similar D profile. Spin consistency is maintained in all cond(more...)",Mizuno
1/21/2025 12:56 pm,PRO T1 BLACK WGS,Mizuno Pro T-1 Black Ion Wedge,Pro T-1 Black Ion,No,Wedge,2025,,,"<p><strong>Who’s It For?</strong></p>  <p><span style=""font-weight: 400;"">Golfers seeking a premium wedge with a unique look and a balance of feel, forgiveness, and versatility will find the Mizuno Pro T-1 Black Ion Wedge appealing. Advanced forging and meticulous craftsmanship guarantee consistent spin, shot versatility, and the signature elegance of Mizuno. Its design caters to players of all skill levels who appreciate the soft feel of forged carbon steel and the performance benefits of multiple sole options.</span></p>  <p><strong>The Tech Story</strong></p>  <p><span style=""font-weight: 400;"">The Mizuno Pro T-1 Black Ion Wedge embodies the iconic Mizuno Pro feel, forged in Hiroshima, Japan, using Grain Flow Forged HD technology. The combination of 1025 Pure Select Mild Carbon Steel and a Copper Underlay delivers exceptional feedback and a signature soft feel. Its compact teardrop shape and straighter leading edge provide a visually appealing profile and promote confident turf interaction. A comprehensive selection of six sole grinds (S, M, P, C, V, and X) ensures optimal performance for any swing type and course condition, with the new M grind replacing the T24 D-Grind and the P grind offering increased bounce compared to a similar D profile. Spin consistency is maintaine(more...)",Mizuno
1/21/2025 12:08 pm,GT1 HYG,Titleist GT1 Hybrid,GT1,No,Hybrid,2025,,,"<p><strong>Who’s It For?</strong></p>  <p><span style=""font-weight: 400;"">Designed to deliver maximum launch and distance, particularly for golfers with moderate swing speeds, the Titleist GT1 Hybrid provides effortless performance. The GT1 features a larger face for increased confidence, a high-launching design for greater carry distance, and a high MOI for exceptional forgiveness. New front and back CG adjustability allows for further customization of ball flight, making the GT1 Hybrid an ideal choice for a wide range of players seeking easy launch, distance, and forgiveness.</span></p>  <p><strong>The Tech Story</strong></p>  <p><span style=""font-weight: 400;"">The Titleist GT1 Hybrid is designed for maximum forgiveness and effortless distance, especially for golfers with moderate swing speeds. Its ultra-lightweight construction contributes to higher launch and increased forgiveness.  Dual Performance Control settings with adjustable fore/aft weights allow for customized ball speed, launch, and spin.  Next-level forgiveness is achieved through enhanced perimeter weighting and a deeper CG, resulting in a high MOI for increased stability and consistency. A range of exceptional featured shafts, including ultra-lightweight options, ensures optimal performance for every swing.</s(more...)",Titleist
1/21/2025 11:46 am,GT1 FWG,Titleist GT1 Fairway Wood,GT1,No,Fairway Wood,2025,,,"<p><strong>Who’s It For?</strong></p> <p><span style=""font-weight: 400;"">Focused on higher flight and aerodynamic speed, the Titleist GT1 Fairway Wood offers a shallower face profile, lightweight construction, and a lower CG to lift your launch window. Adjustable fore/aft weights provide further customization, allowing golfers to fine-tune ball speed, launch, and spin for peak performance. The GT1 Fairway makes it easier to achieve optimal launch conditions and maximize distance from the fairway, particularly for players with moderate swing speeds.</span></p> <p><strong>The Tech Story</strong></p> <p><span style=""font-weight: 400;"">The Titleist GT1 Fairway Wood is designed for effortless distance and launch. Its ultra-lightweight construction contributes to a deeper CG, promoting higher launch and increased stability. Dual Performance Control settings with adjustable fore/aft weights allow for further customization of ball speed, launch, and spin. The GT1 features the deepest CG of any GT Fairway model, combined with a shallower face profile for enhanced playability. A redesigned internal hosel saves weight and contributes to overall performance.  A range of exceptional featured shafts, including ultra-lightweight options, ensures optimal performance for every swing.</span></p(more...)",Titleist
1/21/2025 11:39 am,GT1 DVR,Titleist GT1 Driver,GT1,No,Driver,2025,,,"<p><strong>Who’s It For?</strong></p> <p><span style=""font-weight: 400;"">Representing the biggest technological leap ever in a Titleist Driver, the GT1unlocks a new level of performance, making it easier than ever to achieve maximum distance off the tee. Its ultra-lightweight construction allows for a deep center of gravity, delivering effortless speed, forgiveness, and a high-launching, mid-spin trajectory. While ideal for moderate swing speeds, the GT1's adjustable features make it suitable for any golfer seeking to increase launch and optimize spin.</span></p> <p><strong>The Tech Story</strong></p> <p><span style=""font-weight: 400;"">The Titleist GT1 Driver is engineered for maximum distance and launch, utilizing a combination of innovative technologies. The Seamless Thermoform Crown, constructed from a Proprietary Matrix Polymer, minimizes weight while maintaining optimal sound and feel. Split Mass Construction strategically positions weight for higher launch, optimized speed, spin, and forgiveness. A Speed Ring VFT Face combines a titanium Speed Ring with variable face thickness to deliver consistently high ball speeds across the entire face. The GT1 also boasts the lowest and deepest CG of any GT Driver, promoting higher launch and increased stability. An interchangeable (more...)",Titleist
1/10/2025 2:35 pm,M CRAFT X P6 PUT,Mizuno M.Craft X P6 Putter,M.Craft X P6,No,Putter,2025,,,"<p><strong>Who’s It For?</strong></p>  <p><span style=""font-weight: 400;"">Experience the pinnacle of putting performance with the Mizuno M.Craft X P6. This fang-shaped mallet putter, featuring a plumber's neck hosel, is designed for golfers with a slight arc in their putting stroke.  It expertly combines the precision of a blade with the forgiveness of a mallet, giving you ultimate control over every putt.</span></p>  <p><strong>The Tech Story</strong></p>  <p><span style=""font-weight: 400;""> The Mizuno M.Craft X Putter line delivers the best of both worlds, providing the feel and control of a blade with the forgiveness and stability of a mallet. This is achieved through a dynamically shallow center of gravity, a larger head design, and customizable weights that allow golfers to fine-tune feel and performance. Forged and CNC-milled from 1025 steel, the M.Craft X ensures exceptional feel, responsiveness, and consistent roll control. A lightweight aluminum back enhances MOI for increased forgiveness, while the Lamkin Sink Fit grip with a 1906 mosaic pattern adds a touch of Mizuno's heritage. Further customization is available with three neck styles (Plumber, Slant, and Bend) and three unique back shapes (Four, Five and Six) allowing golfers to optimize the putter for their strok(more...)",Mizuno
1/10/2025 2:34 pm,M CRAFT X P4 PUT,Mizuno M.Craft X P4 Putter,M.Craft X P4,No,Putter,2025,,,"<p><strong>Who’s It For?</strong></p>  <p><span style=""font-weight: 400;"">Delivering the ultimate putting experience, the Mizuno M.Craft X P4 putter provides the perfect balance of feel, forgiveness, and adaptability. This angled mallet, with a plumber's neck hosel ideal for strokes with a slight arc, offers a masterful blend of blade-like precision and mallet-like forgiveness, putting complete control in your hands to master every putt.</span></p>  <p><strong>The Tech Story</strong></p>  <p><span style=""font-weight: 400;""> The Mizuno M.Craft X Putter line delivers the best of both worlds, providing the feel and control of a blade with the forgiveness and stability of a mallet. This is achieved through a dynamically shallow center of gravity, a larger head design, and customizable weights that allow golfers to fine-tune feel and performance. Forged and CNC-milled from 1025 steel, the M.Craft X ensures exceptional feel, responsiveness, and consistent roll control. A lightweight aluminum back enhances MOI for increased forgiveness, while the Lamkin Sink Fit grip with a 1906 mosaic pattern adds a touch of Mizuno's heritage. Further customization is available with three neck styles (Plumber, Slant, and Bend) and three unique back shapes (Four, Five and Six) allowing golfers to opt(more...)",Mizuno
1/10/2025 2:34 pm,M CRAFT X S6 PUT,Mizuno M.Craft X S6 Putter,M.Craft X S6,No,Putter,2025,,,"<p><strong>Who’s It For?</strong></p>  <p><span style=""font-weight: 400;"">The M.Craft X S6 putter is where artistry meets performance. This fanged mallet, with its slant neck hosel designed for strokes with a moderate arc, provides the perfect blend of precision, forgiveness, and customization. Experience the feel of a blade and the stability of a mallet, giving you ultimate control to sink more putts.</span></p>  <p><strong>The Tech Story</strong></p>  <p><span style=""font-weight: 400;""> The Mizuno M.Craft X Putter line delivers the best of both worlds, providing the feel and control of a blade with the forgiveness and stability of a mallet. This is achieved through a dynamically shallow center of gravity, a larger head design, and customizable weights that allow golfers to fine-tune feel and performance. Forged and CNC-milled from 1025 steel, the M.Craft X ensures exceptional feel, responsiveness, and consistent roll control. A lightweight aluminum back enhances MOI for increased forgiveness, while the Lamkin Sink Fit grip with a 1906 mosaic pattern adds a touch of Mizuno's heritage. Further customization is available with three neck styles (Plumber, Slant, and Bend) and three unique back shapes (Four, Five and Six) allowing golfers to optimize the putter for their stroke an(more...)",Mizuno
1/10/2025 2:33 pm,M CRAFT X S4 PUT,Mizuno M.Craft X S4 Putter,M.Craft X S4,No,Putter,2025,,,"<p><strong>Who’s It For?</strong></p>  <p><span style=""font-weight: 400;"">The M.Craft X S4 putter represents the ultimate fusion of precision engineering and customizable performance. Designed for golfers seeking the perfect balance of feel, forgiveness and adaptability, the M.Craft X S4 puts complete control in your hand by masterfully blending the precision of a blade with the forgiveness of a mallet. The M.Craft X S4 comes with an angled mallet head design, and features a slant neck hosel which is best suited for players with a moderate arc to their putting stroke.</span></p>  <p><strong>The Tech Story</strong></p>  <p><span style=""font-weight: 400;""> The Mizuno M.Craft X Putter line delivers the best of both worlds, providing the feel and control of a blade with the forgiveness and stability of a mallet. This is achieved through a dynamically shallow center of gravity, a larger head design, and customizable weights that allow golfers to fine-tune feel and performance. Forged and CNC-milled from 1025 steel, the M.Craft X ensures exceptional feel, responsiveness, and consistent roll control. A lightweight aluminum back enhances MOI for increased forgiveness, while the Lamkin Sink Fit grip with a 1906 mosaic pattern adds a touch of Mizuno's heritage. Further customization is (more...)",Mizuno
1/10/2025 2:25 pm,PRO T1 SWS WGS,Mizuno Pro T-1 Soft White Satin Wedge,Pro T-1 Soft White Satin,No,Wedge,2025,,,"<p><strong>Who’s It For?</strong></p>  <p><span style=""font-weight: 400;"">Players of all skill levels who value the soft feel of forged carbon steel and the performance advantages of multiple sole options will appreciate the Mizuno Pro T-1 Soft White Satin Wedge. Designed with a classic aesthetic and a balance of forgiveness and versatility, the T-1 Soft White Satin Wedge offers consistent spin, premium feel, and the signature elegance of Mizuno.</span></p>  <p><strong>The Tech Story</strong></p>  <p><span style=""font-weight: 400;"">The Mizuno Pro T-1 Soft White Satin Wedge embodies the iconic Mizuno Pro feel, forged in Hiroshima, Japan, using Grain Flow Forged HD technology. The combination of 1025 Pure Select Mild Carbon Steel and a Copper Underlay delivers exceptional feedback and a signature soft feel. Its compact teardrop shape and straighter leading edge provide a visually appealing profile and promote confident turf interaction. A comprehensive selection of six sole grinds (S, M, P, C, V, and X) ensures optimal performance for any swing type and course condition, with the new M grind replacing the T24 D-Grind and the P grind offering increased bounce compared to a similar D profile. Spin consistency is maintained in all conditions thanks to Quad Cut + Grooves and Hydrofl(more...)",Mizuno
12/19/2024 1:49 pm,REVA RISE STS,Callaway Reva Rise Iron Set,Reva Rise,No,Iron Set,2025,,,"<p><strong>Who’s it For?</strong></p>  <p><span style=""font-weight: 400;"">The Callaway Reva Rise Irons are designed for women golfers of all skill levels who are seeking to improve their scoring through more forgiving and easier-to-launch irons. The Ai-optimized faces, incorporating women's fitting data, provide enhanced ball speed, spin, and forgiveness for consistent distance and performance, while the overall design promotes effortless launch and added spin for better control and the ability to hold greens.</span></p>  <p><strong>The Tech Story</strong></p>  <p><span style=""font-weight: 400;"">The Callaway Reva Rise Irons are meticulously engineered to simplify scoring for women golfers through a combination of forgiving design and advanced technology. The irons feature an Ai 10x Face, an AI-optimized design that utilizes extensive women's fitting data to enhance ball speed, spin consistency, and forgiveness across the face of each iron. This personalized optimization delivers consistent and reliable performance, contributing to improved distance control and the added spin necessary to effectively hold greens. Designed for effortless launch, these irons boast a sleek yet forgiving profile that promotes easy elevation of the ball. Furthermore, the Reva Rise irons are specific(more...)",Callaway
12/19/2024 11:47 am,REVA RISE HYG,Callaway Reva Rise Hybrid,Reva Rise,No,Hybrid,2025,,,"<p><strong>Who’s it For?</strong></p>  <p><span style=""font-weight: 400;"">The Callaway Reva Rise Hybrid is specifically designed for women golfers seeking a versatile and forgiving club to replace longer irons, offering enhanced distance, a high and easy launch, and improved playability from various lies. Its Ai-optimized face, incorporating women's fitting data, maximizes ball speed and forgiveness tailored to their swing, while the shallow profile promotes effortless elevation for better control and stopping power on the green.</span></p>  <p><strong>The Tech Story</strong></p>  <p><span style=""font-weight: 400;"">The Callaway Reva Rise Hybrid is expertly engineered to provide women golfers with exceptional distance, a high and easy launch, and enhanced forgiveness for confident play from a variety of lies. At its core is the Ai 10x Face, an AI-designed face that utilizes extensive women's fitting data to optimize ball speed, spin characteristics, and off-center hit performance across the face, resulting in personalized distance gains and improved consistency. Mirroring the design philosophy of the Reva Rise fairway woods, these hybrids feature a shallow and easy-to-launch profile, allowing golfers to effortlessly elevate the ball on a higher trajectory, which is crucial for (more...)",Callaway
12/19/2024 11:46 am,REVA RISE FWG,Callaway Reva Rise Fairway Wood,Reva Rise,No,Fairway Wood,2025,,,"<p><strong>Who’s it For?</strong></p> <p><span style=""font-weight: 400;"">The Callaway Reva Rise Fairway Wood is specifically designed for women golfers who prioritize achieving both distance and a high, easy launch from the fairway or tee. Its Ai-optimized face, incorporating women's fitting data, helps maximize ball speed and forgiveness tailored to their swing, while the carbon crown and shallow profile make it effortless to get the ball airborne, making it an ideal choice for long approach shots and confident play.</span></p> <p><strong>The Tech Story</strong></p> <p><span style=""font-weight: 400;"">The Callaway Reva Rise Fairway Wood is expertly engineered to deliver exceptional distance and an easy, high launch for women golfers seeking reliable performance on long approach shots and off the tee. Its core technology lies in the Ai 10x Face, an artificial intelligence-optimized face that leverages extensive women's fitting data to precisely enhance ball speed, spin consistency, and forgiveness across the hitting area, providing personalized performance and maximizing results on every swing. This advanced face design is paired with a forgiving overall construction that contributes to faster ball speeds and a higher launch trajectory, making the club exceptionally easy to hit(more...)",Callaway
12/18/2024 11:05 am,PLD M KUSHIN S PUT,Ping PLD Milled Kushin Satin Putter,PLD Milled Kushin Satin,No,Putter,2025,,,"<p><strong>Who’s It For?</strong></p>  <p><span style=""font-weight: 400;"">The Ping PLD Milled Kushin Satin Putter is designed for golfers seeking a premium putter with exceptional feel and performance. A new addition to the Ping PLD putter line, the Kushin Satin putter best suits golfers with a straight-back, straight-through putting stroke.</span></p>  <p><strong>The Tech Story</strong></p>  <p><span style=""font-weight: 400;""> The Ping PLD Milled Kushin Satin Putter is a precision-milled blade crafted from 303 forged stainless steel. Each PLD Milled putter is meticulously crafted and custom built to provide golfers with a Tour-proven tool for improved accuracy and consistency on the greens. As part of the Putting Lab Design (PLD) line, the Kushin Satin features a shallow-milled face for a firmer feel preferred by many Tour players, promoting consistent ball speeds and control. Its wider body and perimeter weighting deliver a high MOI for increased stability and forgiveness, while the symmetrical design and face-balanced construction are optimized for golfers with a straight-back, straight-through stroke. A ball-width cavity and alignment line simplify aiming, ensuring confident alignment on every putt.</span></p>  <p><strong>Facts and Figures</strong></p>  <p><span style=""f(more...)",Ping
12/18/2024 10:29 am,PLD M ANSER 4D S PUT,Ping PLD Milled Anser 4D Satin Putter,PLD Milled Anser 4D Satin,No,Putter,2025,,,"<p><strong>Who’s It For?</strong></p>  <p><span style=""font-weight: 400;"">The Ping PLD Milled Anser 4D Satin Putter blends classic design with modern technology for golfers seeking the best of both worlds. With a classic Anser-style shape and PLD craftsmanship, the Anser 4D Satin putter best suits golfers with a strong-arc putting stroke.</span></p>  <p><strong>The Tech Story</strong></p>  <p><span style=""font-weight: 400;"">Precision-milled from 303 forged stainless steel, this putter belongs to the Putting Lab Design (PLD) line, offering Tour-validated performance in a refined package. The Anser 4D retains the iconic Anser shape but incorporates a deeper, perimeter-weighted blade design for enhanced forgiveness and accuracy, reminiscent of a mid-mallet. Its shallow-milled face delivers a firmer feel preferred by Tour professionals, promoting consistent ball speeds and control. Clean heel-toe ballasts, less-rounded corners, and a ball-width cavity with an alignment line inspire confidence at address. Each PLD Milled putter, including the Anser 4D Satin, is custom built to ensure a precise fit for every golfer's stroke and preference.</span></p>  <p><strong>Facts and Figures</strong></p>  <p><span style=""font-weight: 400;"">Head Type: Blade</span></p>  <p><span style=""font-we(more...)",Ping
12/18/2024 9:43 am,PLD M ANSER 30 S PUT,Ping PLD Milled Anser 30 Satin Putter,PLD Milled Anser 30 Satin,No,Putter,2025,,,"<p><strong>Who’s It For?</strong></p>  <p><span style=""font-weight: 400;"">The Ping PLD Milled Anser 30 Satin Putter is designed for golfers seeking a classic design with enhanced performance. With a classic Anser-style shape and PLD craftsmanship, the Anser 30 Satin putter best suits golfers with a slight-arc putting stroke.</span></p>  <p><strong>The Tech Story</strong></p>  <p><span style=""font-weight: 400;"">The Ping PLD Milled Anser 30 Satin Putter is a precision-engineered evolution of the iconic Anser. Milled from 303 forged stainless steel, this putter, part of the Putting Lab Design (PLD) line, features a shallow-milled face for a firmer feel favored by Tour players, promoting consistent ball speeds and control. The Anser 30 retains the traditional Anser shape but incorporates heel-toe weighting for increased stability and a high MOI, ensuring forgiveness on off-center hits. Its defining feature is a longer hosel that creates a 30-degree toe-down angle, specifically engineered to help golfers who play a slight-arc stroke and tend to miss right, promoting a square face at impact. Like all PLD Milled putters, the Anser 30 Satin is custom built to meet the unique needs and preferences of each golfer.</span></p>  <p><strong>Facts and Figures</strong></p>  <p><span style=""(more...)",Ping
12/17/2024 4:01 pm,PRO S3 STS,Mizuno Pro S-3 Iron Set,Pro S-3,No,Iron Set,2025,,,"<p><strong>Who’s It For?</strong></p>  <p><span style=""font-weight: 400;"">Designed for precision and control, the Mizuno Pro S-3 Irons combine a sleek, compact profile with an unparalleled feel. The Pro S-3 Irons represent the pinnacle of refined craftsmanship and elite performance, embodying the heritage of Mizuno’s forging expertise while catering to the demands of today’s golfers. These players irons are the ultimate choice for golfers who demand finesse and versatility in every shot. </span></p>  <p><strong>The Tech Story</strong></p>  <p><span style=""font-weight: 400;"">The Mizuno Pro S-3 irons are meticulously crafted to deliver the iconic feel and performance that discerning golfers demand. Forged from 1025E Pure Select Mild Carbon Steel at Mizuno's renowned Hiroshima plant, these irons offer an incredibly soft, responsive feel, further enhanced by a copper underlay for smoother vibrations at impact. The craftsman-refined shaping boasts a thin topline, thin sole, compact head length, and straighter lines, creating a classic yet modern aesthetic preferred by tour players. The Triple Cut Sole, featuring a beveled leading edge and hard-cut trailing edge, ensures optimal turf interaction and playability from any lie. Every aspect of the Mizuno Pro S-3 irons is designed to pr(more...)",Mizuno
12/16/2024 3:16 pm,JPX 925 FORGED BLACK STS,Mizuno JPX 925 Forged Black Iron Set,JPX 925 Forged Black,No,Iron Set,2025,,,"<p><strong>Who’s It For?</strong></p>  <p><span style=""font-weight: 400;"">Mizuno has always been synonymous with innovation and craftsmanship, and this is epitomized in the JPX 925 Forged Black irons. Designed for more skilled or low-to-mid handicap players seeking the ultimate in feel and precision and to those looking for more forgiveness and distance than a standard players iron. The new build features cater to players who demand exceptional performance and workability in their players-distance irons. Whether you're shaping shots into the green or seeking consistent ball striking, the JPX 925 Forged Black irons offer a powerful blend of technology and craftsmanship to your game.</span></p>  <p><strong>The Tech Story</strong></p>  <p><span style=""font-weight: 400;"">The Mizuno JPX 925 Forged Black irons represent a significant leap forward in forged iron technology, seamlessly blending Mizuno's renowned craftsmanship with cutting-edge design. The innovative CORTECH Design, featuring a Contour Ellipse Face, optimizes ball speed across the entire face for exceptional distance and forgiveness, even on off-center hits. This groundbreaking face technology is achieved through new construction methods, pushing the boundaries of forged iron performance. Furthermore, the JPX 925 Forge(more...)",Mizuno
12/16/2024 3:10 pm,JPX 925 FORGED STS,Mizuno JPX 925 Forged Iron Set,JPX 925 Forged,No,Iron Set,2025,,,"<p><strong>Who’s It For?</strong></p>  <p><span style=""font-weight: 400;"">Mizuno has always been synonymous with innovation and craftsmanship, and this is epitomized in the JPX 925 Forged irons. Designed for more skilled or low-to-mid handicap players seeking the ultimate in feel and precision and to those looking for more forgiveness and distance than a standard players iron. The new build features cater to players who demand exceptional performance and workability in their players-distance irons. Whether you're shaping shots into the green or seeking consistent ball striking, the JPX 925 Forged irons offer a powerful blend of technology and craftsmanship to your game.</span></p>  <p><strong>The Tech Story</strong></p>  <p><span style=""font-weight: 400;"">The Mizuno JPX 925 Forged irons represent a significant leap forward in forged iron technology, seamlessly blending Mizuno's renowned craftsmanship with cutting-edge design. The innovative CORTECH Design, featuring a Contour Ellipse Face, optimizes ball speed across the entire face for exceptional distance and forgiveness, even on off-center hits. This groundbreaking face technology is achieved through new construction methods, pushing the boundaries of forged iron performance. Furthermore, the JPX 925 Forged irons are Grain (more...)",Mizuno
12/10/2024 2:54 pm,QI35 HYG,TaylorMade Qi35 Rescue Hybrid,Qi35 Rescue,No,Hybrid,2025,,,"<p><strong>Who’s It For?</strong></p>  <p><span style=""font-weight: 400;"">The TaylorMade Qi35 Rescue Hybrid is designed for golfers of all skill levels seeking versatility and forgiveness in a hybrid club. Its confidence-inspiring shape and advanced technologies make it a great option for players who want to improve performance from a variety of lies, including the rough and fairway. The adjustable loft sleeve adds to its adaptability, allowing golfers to fine-tune trajectory and distance. Whether you struggle with long irons or simply want a more forgiving option, the TaylorMade Qi35 Rescue Hybrid can help you achieve consistent and confident results.</span></p>  <p><strong>The Tech Story</strong></p>  <p><span style=""font-weight: 400;"">The TaylorMade Qi35 Rescue Hybrid is engineered to inspire confidence and deliver exceptional performance from any lie. Its advanced multi-material construction, utilizing chromium carbon, steel, and aluminum, creates an optimal blend of form and function, ensuring playability in various conditions. The incorporation of a 3° loft sleeve across all lofts allows golfers to fine-tune their distance, trajectory, and preferred face angle for maximum control and versatility. The integrated TSS weighting system enables precise swing weight adjustment(more...)",TaylorMade
12/10/2024 2:38 pm,QI35 FWG,TaylorMade Qi35 Fairway Wood,Qi35,No,Fairway Wood,2025,,,"<p><strong>Who’s It For?</strong></p> <p><span style=""font-weight: 400;"">The TaylorMade Qi35 Fairway Wood is designed for a wide range of golfers seeking enhanced versatility and forgiveness. Its confidence-inspiring shape and advanced technologies make it suitable for players of all skill levels who want to improve their performance from the fairway or tee. The adjustable loft sleeve adds to its adaptability, allowing golfers to fine-tune their trajectory and distance. Whether you're a beginner or a seasoned player, the TaylorMade Qi35 Fairway Wood can help you achieve more consistent and confident shots.</span></p> <p><strong>The Tech Story</strong></p> <p><span style=""font-weight: 400;"">The TaylorMade Qi35 Fairway Wood is designed to deliver exceptional performance and versatility from any lie. Its advanced multi-material construction, utilizing chromium carbon, steel, and aluminum, creates an optimal blend of form and function, ensuring playability in various conditions. Modified CG locations promote efficient energy transfer, while a redesigned face profile and head shape enhance versatility both off the tee and from the fairway. The integrated TSS weighting system allows for precise swing weight adjustment during assembly, providing golfers with personalized feel and con(more...)",TaylorMade
12/10/2024 2:22 pm,QI35 DVR,TaylorMade Qi35 Driver,Qi35,No,Driver,2025,,,"<p><strong>Who’s It For?</strong></p> <p><span style=""font-weight: 400;"">The TaylorMade Qi35 driver is designed for a wide range of golfers seeking high launch, low spin, and maximum forgiveness. Its combination of advanced technologies, including the near-zero CG projection, high MOI, and Carbon Twist Face, promotes straighter shots and increased distance. The Qi35 prioritizes ease of use and forgiveness while still offering some adjustability, making it a great option for players who want to improve consistency and gain confidence off the tee.</span></p> <p><strong>The Tech Story</strong></p> <p><span style=""font-weight: 400;"">The TaylorMade Qi35 driver is engineered for golfers seeking optimal launch conditions and maximum forgiveness. Its multi-material construction, seamlessly blending chromium carbon, steel, aluminum, tungsten, and titanium, optimizes performance and creates a visually appealing design. The driver's near-zero CG projection, coupled with high MOI, promotes efficient launch and spin across a larger area of the face, resulting in straighter, longer shots. A Trajectory Adjustment System with two moveable weights allows for personalized spin and shot shape control, adapting to individual playing styles and course conditions. The fourth-generation Carbon Twist(more...)",TaylorMade
12/10/2024 10:16 am,ZXI UIR,Srixon ZXi Utility Iron,ZXi,No,Utility Iron,2025,,,"<p><strong>Who’s It For?</strong></p>  <p><span style=""font-weight: 400;"">The Srixon ZXi Utility Iron is designed for a wide range of golfers seeking a versatile long iron replacement that blends distance, forgiveness, and workability. Its hollow construction and wide sole provide increased forgiveness and ease of launch, making it a good choice for players who struggle with long irons. While forgiving, the ZXi Utility Iron also offers the workability and control that better players demand, making it a suitable option for both mid to high handicap players seeking confidence and skilled golfers looking for a versatile scoring club.</span></p>  <p><strong>The Tech Story</strong></p>  <p><span style=""font-weight: 400;"">The Srixon ZXi Utility Iron is designed to provide a combination of distance, forgiveness, and feel. i-FORGED construction with softened faces enhances strength, durability, and feedback. MainFrame technology utilizes milled channels on the back of the face to increase ball speed and forgiveness. For the first time in a Srixon utility iron, the Tour V.T. Sole with a leading-edge chamfer promotes smooth turf interaction and maintains clubhead speed through impact. Finally, Utility Iron Shaping with wide soles, minimal offset, and a confidence-inspiring look at addre(more...)",Srixon
12/10/2024 9:59 am,HB SOFT 2 BLACK RETREVE PUT,Cleveland HB Soft 2 Black Retreve Putter,HB Soft 2 Black Retreve,No,Putter,2025,,,"<p><strong>Who’s It For?</strong></p>  <p><span style=""font-weight: 400;"">The Cleveland HB Soft 2 Black Retreve Putter is specifically designed for golfers who prefer a face-balanced putter with a straight-back, straight-through putting stroke. Its unique design feature allows golfers to easily pick up their ball from the hole without bending over, making it ideal for those seeking convenience and ease of use on the green.</span></p>  <p><strong>The Tech Story</strong></p>  <p><span style=""font-weight: 400;"">Cleveland HB SOFT 2 Black Putters offer a premium putting experience with their black satin finish and multi-material UST Mamiya ALL-IN shaft, providing enhanced stability and feel. The putters leverage Speed Optimized Face Technology, a dynamic groove milling pattern that normalizes ball speed across the face for consistent distance performance. With nine unique head shapes, each putter is tailored to specific stroke types, featuring corresponding hosel styles, toe hang, alignment systems, and grips.  This ensures optimal performance for straight or slight arc strokes.  Additionally, a 20g weight in the butt end of the shaft for models 35"" and over guarantees a consistent swing feel across all putter lengths.</span></p>  <p><strong>Facts and Figures</strong></p>  <p><sp(more...)",Cleveland
12/10/2024 9:58 am,HB SOFT 2 BLACK 15 PUT,Cleveland HB Soft 2 Black 15 Putter,HB Soft 2 Black 15,No,Putter,2025,,,"<p><strong>Who’s It For?</strong></p>  <p><span style=""font-weight: 400;"">The Cleveland HB Soft 2 Black 15 putter is designed for golfers with a straight-back, straight-through putting stroke. Its mallet shape with a single bend hosel and three-line alignment system promotes a consistent stroke and provides maximum forgiveness, making it ideal for those who prioritize accuracy and stability on the green.</span></p>  <p><strong>The Tech Story</strong></p>  <p><span style=""font-weight: 400;"">Cleveland HB SOFT 2 Black Putters offer a premium putting experience with their black satin finish and multi-material UST Mamiya ALL-IN shaft, providing enhanced stability and feel. The putters leverage Speed Optimized Face Technology, a dynamic groove milling pattern that normalizes ball speed across the face for consistent distance performance. With nine unique head shapes, each putter is tailored to specific stroke types, featuring corresponding hosel styles, toe hang, alignment systems, and grips.  This ensures optimal performance for straight or slight arc strokes.  Additionally, a 20g weight in the butt end of the shaft for models 35"" and over guarantees a consistent swing feel across all putter lengths.</span></p>  <p><strong>Facts and Figures</strong></p>  <p><span style=""font-weig(more...)",Cleveland
12/10/2024 9:57 am,HB SOFT 2 BLACK 11C PUT,Cleveland HB Soft 2 Black 11C Putter,HB Soft 2 Black 11C,No,Putter,2025,,,"<p><strong>Who’s It For?</strong></p>  <p><span style=""font-weight: 400;"">The Cleveland HB Soft 2 Black 11C putter is best suited for golfers with a straight-back, straight-through putting stroke. Its winged mallet design, center shafted hosel, and three-line alignment system promote a square face at impact and offer high MOI for stability and forgiveness. This makes it a great choice for golfers who struggle with consistency in their stroke and want to minimize the negative effects of off-center hits.</span></p>  <p><strong>The Tech Story</strong></p>  <p><span style=""font-weight: 400;"">Cleveland HB SOFT 2 Black Putters offer a premium putting experience with their black satin finish and multi-material UST Mamiya ALL-IN shaft, providing enhanced stability and feel. The putters leverage Speed Optimized Face Technology, a dynamic groove milling pattern that normalizes ball speed across the face for consistent distance performance. With nine unique head shapes, each putter is tailored to specific stroke types, featuring corresponding hosel styles, toe hang, alignment systems, and grips.  This ensures optimal performance for straight or slight arc strokes.  Additionally, a 20g weight in the butt end of the shaft for models 35"" and over guarantees a consistent swing feel across al(more...)",Cleveland
12/10/2024 9:56 am,HB SOFT 2 BLACK 11S PUT,Cleveland HB Soft 2 Black 11S Putter,HB Soft 2 Black 11S,No,Putter,2025,,,"<p><strong>Who’s It For?</strong></p>  <p><span style=""font-weight: 400;"">The Cleveland HB Soft 2 Black 11S putter is designed for golfers with a slight arcing putting stroke. This winged mallet putter features a slant neck hosel and a single alignment line to encourage a slight arc in the stroke, promoting a more natural feel for those who don't have a perfectly straight putting stroke. The high MOI design provides forgiveness and stability, making it a good option for golfers who tend to miss-hit putts towards the toe or heel.</span></p>  <p><strong>The Tech Story</strong></p>  <p><span style=""font-weight: 400;"">Cleveland HB SOFT 2 Black Putters offer a premium putting experience with their black satin finish and multi-material UST Mamiya ALL-IN shaft, providing enhanced stability and feel. The putters leverage Speed Optimized Face Technology, a dynamic groove milling pattern that normalizes ball speed across the face for consistent distance performance. With nine unique head shapes, each putter is tailored to specific stroke types, featuring corresponding hosel styles, toe hang, alignment systems, and grips.  This ensures optimal performance for straight or slight arc strokes.  Additionally, a 20g weight in the butt end of the shaft for models 35"" and over guarantees a cons(more...)",Cleveland
12/10/2024 9:55 am,HB SOFT 2 BLACK 11 PUT,Cleveland HB Soft 2 Black 11 Putter,HB Soft 2 Black 11,No,Putter,2025,,,"<p><strong>Who’s It For?</strong></p>  <p><span style=""font-weight: 400;"">The Cleveland HB Soft 2 Black 11 putter is designed for golfers with a straight-back, straight-through putting stroke. Its winged mallet shape, combined with a single bend hosel and a three-line alignment aid, encourages a square face at impact and maximizes forgiveness. This makes it a solid choice for golfers who value consistency and accuracy in their putting stroke, and who want to minimize the effects of off-center hits.</span></p>  <p><strong>The Tech Story</strong></p>  <p><span style=""font-weight: 400;"">Cleveland HB SOFT 2 Black Putters offer a premium putting experience with their black satin finish and multi-material UST Mamiya ALL-IN shaft, providing enhanced stability and feel. The putters leverage Speed Optimized Face Technology, a dynamic groove milling pattern that normalizes ball speed across the face for consistent distance performance. With nine unique head shapes, each putter is tailored to specific stroke types, featuring corresponding hosel styles, toe hang, alignment systems, and grips.  This ensures optimal performance for straight or slight arc strokes.  Additionally, a 20g weight in the butt end of the shaft for models 35"" and over guarantees a consistent swing feel across all pu(more...)",Cleveland
12/10/2024 9:55 am,HB SOFT 2 BLACK 105P PUT,Cleveland HB Soft 2 Black 10.5P Putter,HB Soft 2 Black 10.5P,No,Putter,2025,,,"<p><strong>Who’s It For?</strong></p>  <p><span style=""font-weight: 400;"">The Cleveland HB Soft 2 Black 10.5P putter is designed for golfers with a slight arcing putting stroke. Its oval mallet shape, plumber's neck hosel, and single topline alignment promote a smooth, arcing stroke path, making it a good fit for those who find this motion more natural. The mallet design also offers increased MOI for forgiveness on off-center hits.</span></p>  <p><strong>The Tech Story</strong></p>  <p><span style=""font-weight: 400;"">Cleveland HB SOFT 2 Black Putters offer a premium putting experience with their black satin finish and multi-material UST Mamiya ALL-IN shaft, providing enhanced stability and feel. The putters leverage Speed Optimized Face Technology, a dynamic groove milling pattern that normalizes ball speed across the face for consistent distance performance. With nine unique head shapes, each putter is tailored to specific stroke types, featuring corresponding hosel styles, toe hang, alignment systems, and grips. This ensures optimal performance for straight or slight arc strokes. Additionally, a 20g weight in the butt end of the shaft for models 35"" and over guarantees a consistent swing feel across all putter lengths.</span></p>  <p><strong>Facts and Figures</strong></p>  (more...)",Cleveland
12/10/2024 9:54 am,HB SOFT 2 BLACK 8S PUT,Cleveland HB Soft 2 Black 8S Putter,HB Soft 2 Black 8S,No,Putter,2025,,,"<p><strong>Who’s It For?</strong></p>  <p><span style=""font-weight: 400;"">The Cleveland HB Soft 2 Black 8S putter is designed for golfers with a slight arcing putting stroke. As a slightly larger blade style putter, it features a slant neck hosel and a single alignment line to promote a gentle arc in the stroke, which can feel more natural for many players. This makes it a good choice for those who don't have a perfectly straight back-and-through stroke and prefer a bit of toe flow in their putter.</span></p>  <p><strong>The Tech Story</strong></p>  <p><span style=""font-weight: 400;"">Cleveland HB SOFT 2 Black Putters offer a premium putting experience with their black satin finish and multi-material UST Mamiya ALL-IN shaft, providing enhanced stability and feel. The putters leverage Speed Optimized Face Technology, a dynamic groove milling pattern that normalizes ball speed across the face for consistent distance performance. With nine unique head shapes, each putter is tailored to specific stroke types, featuring corresponding hosel styles, toe hang, alignment systems, and grips. This ensures optimal performance for straight or slight arc strokes. Additionally, a 20g weight in the butt end of the shaft for models 35"" and over guarantees a consistent swing feel across all putt(more...)",Cleveland
12/10/2024 9:53 am,HB SOFT 2 BLACK 8C PUT,Cleveland HB Soft 2 Black 8C Putter,HB Soft 2 Black 8C,No,Putter,2025,,,"<p><strong>Who’s It For?</strong></p>  <p><span style=""font-weight: 400;"">The Cleveland HB Soft 2 Black 8C putter is designed for golfers with a straight-back, straight-through putting stroke. Its classic blade shape with a center shafted hosel and three-line alignment aid promotes a square face at impact and provides a stable feel. This makes it a good choice for golfers who prefer a traditional look and feel, and who want to ensure consistent contact and accuracy on their putts.</span></p>  <p><strong>The Tech Story</strong></p>  <p><span style=""font-weight: 400;"">Cleveland HB SOFT 2 Black Putters offer a premium putting experience with their black satin finish and multi-material UST Mamiya ALL-IN shaft, providing enhanced stability and feel. The putters leverage Speed Optimized Face Technology, a dynamic groove milling pattern that normalizes ball speed across the face for consistent distance performance. With nine unique head shapes, each putter is tailored to specific stroke types, featuring corresponding hosel styles, toe hang, alignment systems, and grips. This ensures optimal performance for straight or slight arc strokes. Additionally, a 20g weight in the butt end of the shaft for models 35"" and over guarantees a consistent swing feel across all putter lengths.</span>(more...)",Cleveland
12/10/2024 9:52 am,HB SOFT 2 BLACK 1 PUT,Cleveland HB Soft 2 Black 1 Putter,HB Soft 2 Black 1,No,Putter,2025,,,"<p><strong>Who’s It For?</strong></p>  <p><span style=""font-weight: 400;"">The Cleveland HB Soft 2 Black 1 putter is designed for golfers with a slight arcing putting stroke. This classic blade-style putter features a plumber's neck hosel and a single alignment line to encourage a gentle arc in the stroke, making it a good fit for players who find this type of motion more natural. Its traditional design offers a familiar feel and promotes better accuracy for those with a slight arc in their stroke.</span></p>  <p><strong>The Tech Story</strong></p>  <p><span style=""font-weight: 400;"">Cleveland HB SOFT 2 Black Putters offer a premium putting experience with their black satin finish and multi-material UST Mamiya ALL-IN shaft, providing enhanced stability and feel. The putters leverage Speed Optimized Face Technology, a dynamic groove milling pattern that normalizes ball speed across the face for consistent distance performance. With nine unique head shapes, each putter is tailored to specific stroke types, featuring corresponding hosel styles, toe hang, alignment systems, and grips. This ensures optimal performance for straight or slight arc strokes. Additionally, a 20g weight in the butt end of the shaft for models 35"" and over guarantees a consistent swing feel across all putte(more...)",Cleveland
12/6/2024 2:12 pm,G440 HL STS,Ping G440 HL Iron Set,G440 HL,No,Iron Set,2025,,,"<p><strong>Who’s It For?</strong></p>  <p><span style=""font-weight: 400;"">The Ping G440 HL irons are designed for slower swinging golfers seeking game-improvement technology packaged in a players-style aesthetic. They offer increased ball speed and forgiveness for higher, longer shots that stop on the green. The shallow face, compact head, and premium chrome finishes provide an appealing look, while the cavity-back design ensures consistency and feel. Longer long irons and a streamlined wedge selection further enhance performance and ease of use.</span></p>  <p><strong>The Tech Story</strong></p>  <p><span style=""font-weight: 400;"">The Ping G440 HL irons use lighter toe and tip weights, combined with a lightweight shaft to achieve the lighter overall build.  A lower CG system, achieved by redistributing weight from the face, enhances forgiveness and launch. The PurFlex cavity badge contributes to both ball speed and improved feel and sound. Aesthetically, the G440 HL boasts a premium chrome finish for a high-quality appearance. Design elements like the shorter blade length and thin top line give the G440 HL a players iron look while maintaining game-improvement forgiveness. Improved set gapping, with longer 4, 5, and 6 irons, promotes consistent distance gaps, and re-configure(more...)",Ping
12/6/2024 2:02 pm,G440 HL HYG,Ping G440 HL Hybrid,G440 HL,No,Hybrid,2025,,,"<p><strong>Who’s It For?</strong></p>  <p><span style=""font-weight: 400;"">The Ping G440 HL Hybrid is designed for slower swinging golfers who want to improve their long game performance. The HL Hybrids help you swing faster and launch the ball higher and farther to reach more greens and stop the ball close. Whether you struggle with hitting long irons or want a more forgiving option off the tee, the G440 HL hybrid can help you gap your set and achieve better results on the course.</span></p>  <p><strong>The Tech Story</strong></p>  <p><span style=""font-weight: 400;"">The G440 HL Hybrid combines a lighter headweight and a lighter shaft, making them an easy to swing and versatile hybrid option. A new, shallower and thinner face design promotes higher launch and increased ball speed, while a lower CG in the multi-material head contributes to greater distance. Ping's Free-Hosel Technology further lowers the CG by redistributing weight, enhancing launch and stopping power without sacrificing ball speed. The contoured sole design ensures consistent contact and face angle, regardless of lie or loft adjustments. A CarbonFly Wrap crown saves weight and enhances forgiveness, while the Trajectory Tuning 2.0 adjustable hosel allows for precise customization of loft and lie to dial in optim(more...)",Ping
12/6/2024 1:49 pm,G440 HL SFT FWG,Ping G440 HL SFT Fairway Wood,G440 HL SFT,No,Fairway Wood,2025,,,"<p><strong>Who’s It For?</strong></p> <p><span style=""font-weight: 400;"">For golfers who tend to slice the ball and want to achieve straighter, high-launching shots with a draw bias, the Ping G440 HL SFT Fairway Wood is the best fit. The ""Straight Flight Technology"" built into this club helps square the face at impact, reducing side spin that causes slices. Its lightweight design makes it an easy-to-swing alternative that will make hitting greens easier than ever.</span></p> <p><strong>The Tech Story</strong></p> <p><span style=""font-weight: 400;"">The Ping G440 HL SFT Fairway Wood is engineered for players in need of slice-correction, and forgiveness across the face. It combines a lighter back weight, and a lightweight shaft to achieve its overall lighter design. Its redesigned face structure is taller for increased confidence, while maintaining a low center of gravity for optimal launch conditions. Ping's Free-Hosel Technology removes weight from the hosel and redistributes it to create a taller face without compromising CG height. This innovative design promotes consistent performance, even on off-center hits. The contoured sole design ensures a flush contact at address, regardless of loft or lie adjustments. A CarbonFly Wrap crown further optimizes weight distribution for e(more...)",Ping
12/6/2024 1:38 pm,G440 HL MAX FWG,Ping G440 HL MAX Fairway Wood,G440 HL MAX,No,Fairway Wood,2025,,,"<p><strong>Who’s It For?</strong></p> <p><span style=""font-weight: 400;"">The Ping G440 HL MAX fairway wood is designed for slower swinging players of all skill levels seeking high-launching, forgiving performance off the tee and the turf. Its lightweight design makes them easy-to-swing alternatives that will make hitting greens easier than ever. The confidence-inspiring design and adjustable features make it particularly appealing to those seeking consistent performance, maximum forgiveness, and a high launch.</span></p> <p><strong>The Tech Story</strong></p> <p><span style=""font-weight: 400;"">The Ping G440 HL MAX fairway wood combines a lighter back weight, and a lightweight shaft to achieve its overall lighter design. Its redesigned face structure is taller for increased confidence, while maintaining a low center of gravity for optimal launch conditions. Ping's Free-Hosel Technology removes weight from the hosel and redistributes it to create a 4% taller face than prior models without compromising CG height. This innovative design promotes consistent performance, even on off-center hits. The contoured sole design ensures a flush contact at address, regardless of loft or lie adjustments. A CarbonFly Wrap crown further optimizes weight distribution for enhanced forgiveness and(more...)",Ping
12/6/2024 1:34 pm,G440 HL SFT DVR,Ping G440 HL SFT Driver,G440 HL SFT,No,Driver,2025,,,"<p><strong>Who’s It For?</strong></p> <p><span style=""font-weight: 400;"">The Ping G440 HL SFT driver is designed for slower swinging players who struggle with a slice and want to hit straighter, more draw-biased shots that launch higher. It's engineered to help players square the clubface at impact and reduce side spin, resulting in a more consistent and forgiving ball flight. The ""Straight Flight Technology"" in the SFT model makes it particularly well-suited for those who want to eliminate their slice and find more fairways.</span></p> <p><strong>The Tech Story</strong></p> <p><span style=""font-weight: 400;"">The Ping G440 HL SFT driver features a two-position backweight (Draw and Draw+) for the ultimate forgiveness and slice-correction. It combines a lighter back weight, and a lightweight shaft to achieve its overall lighter design. Free-Hosel Technology redistributes weight for a deeper CG, increasing ball speed and optimizing launch. A thinner, hotter face design promotes faster ball speeds across the entire face, while a lighter overall weight and longer shaft length encourage faster swing speeds for increased distance. The CarbonFly Wrap crown saves weight to lower the CG and enhance forgiveness, while a heavier, adjustable back weight allows for precise shot shape custom(more...)",Ping
12/6/2024 1:29 pm,G440 HL MAX DVR,Ping G440 HL MAX Driver,G440 HL MAX,No,Driver,2025,,,"<p><strong>Who’s It For?</strong></p> <p><span style=""font-weight: 400;"">The most forgiving model in the G440 lineup, the Ping G440 HL MAX driver is designed for a wide range of golfers, usually with slower swing speeds, seeking maximum forgiveness and distance and an easy-to-swing club. Its innovative technologies, like the deeper CG and lighter overall weight, help golfers achieve faster ball speeds and optimal launch conditions. The adjustable back weight and hosel provide personalized fine-tuning for shot shape and trajectory, making it a versatile option for players of all skill levels looking to improve their driving performance.</span></p> <p><strong>The Tech Story</strong></p> <p><span style=""font-weight: 400;"">The Ping G440 HL MAX driver is engineered for maximum forgiveness, distance, and launch by combining a lighter back weight, and a lightweight shaft to achieve its overall lighter design. Free-Hosel Technology redistributes weight for a deeper CG, increasing ball speed and optimizing launch. A thinner, hotter face design promotes faster ball speeds across the entire face, while a lighter overall weight and longer shaft length encourage faster swing speeds for increased distance. The CarbonFly Wrap crown saves weight to lower the CG and enhance forgiveness, while (more...)",Ping
12/4/2024 10:57 am,SPIDER TOUR S BLACK CS L PUT,TaylorMade Spider Tour S Black CS Long Putter,Spider Tour S Black CS Long,No,Putter,2024,,,"<p><strong>Who’s It For?</strong></p>  <p><span style=""font-weight: 400;"">The TaylorMade Spider Tour S Black CS Long Putter is designed for golfers who prefer a long putter and value stability, alignment, and a soft feel. Its long length and counterbalanced design promote a smoother, more controlled putting stroke, reducing unwanted wrist movement and promoting consistency. This putter is particularly well-suited for golfers who struggle with consistency on the greens and those who prefer the feel and stability of a counterbalanced long putter.</span></p>  <p><strong>The Tech Story</strong></p>  <p><span style=""font-weight: 400;"">The TaylorMade Spider Tour Black Putters are engineered for stability and visual precision on the green, employing a combination of technologies to enhance putting performance. The durable black PVD finish creates a high-quality look with contrasting sole plate, back badge, and copper accents. The True Path™ alignment system provides visual clarity, helping golfers better envision the line to the hole. A white TPU Pure Roll™ insert, made from Surlyn and aluminum, creates a softer feel and features 45° grooves to encourage optimal forward roll, better sound and feel, and improved roll characteristics. The thin wall undercut construction removes excess (more...)",TaylorMade
12/4/2024 10:52 am,SPIDER TOUR BLACK CB PUT,TaylorMade Spider Tour Black Counterbalance Putter,Spider Tour Black Counterbalance,No,Putter,2024,,,"<p><strong>Who’s It For?</strong></p>  <p><span style=""font-weight: 400;"">The TaylorMade Spider Tour Black Counterbalance Putter is designed for golfers who value stability and alignment in their putting stroke. Its counterbalanced design helps to quiet the hands and wrists, promoting a smoother, more consistent stroke. This putter is a good choice for golfers who struggle with consistency on the greens and those who want a putter that helps them maintain a stable and controlled putting motion.</span></p>  <p><strong>The Tech Story</strong></p>  <p><span style=""font-weight: 400;"">The TaylorMade Spider Tour Black Putters are engineered for stability and visual precision on the green, employing a combination of technologies to enhance putting performance. The durable black PVD finish creates a high-quality look with contrasting sole plate, back badge, and copper accents. The True Path™ alignment system provides visual clarity, helping golfers better envision the line to the hole. A white TPU Pure Roll™ insert, made from Surlyn and aluminum, creates a softer feel and features 45° grooves to encourage optimal forward roll, better sound and feel, and improved roll characteristics. The thin wall undercut construction removes excess weight for high MOI and legendary Spider stability,(more...)",TaylorMade
12/4/2024 9:53 am,SPIDER TOUR BLACK S PUT,TaylorMade Spider Tour Black Slant Putter,Spider Tour Black Slant,No,Putter,2024,,,"<p><strong>Who’s It For?</strong></p>  <p><span style=""font-weight: 400;"">The TaylorMade Spider Tour Black Slant Putter is designed for golfers who prefer a classic mallet shape with a slant neck hosel and prioritize stability and alignment. The slant neck promotes a slight arc in the putting stroke, which can be beneficial for players with a slight to moderate arc to their stroke. This putter is a good choice for those who want a traditional mallet shape with enhanced alignment features and a stable feel.</span></p>  <p><strong>The Tech Story</strong></p>  <p><span style=""font-weight: 400;"">The TaylorMade Spider Tour Black Putters are engineered for stability and visual precision on the green, employing a combination of technologies to enhance putting performance. The durable black PVD finish creates a high-quality look with contrasting sole plate, back badge, and copper accents. The True Path™ alignment system provides visual clarity, helping golfers better envision the line to the hole. A white TPU Pure Roll™ insert, made from Surlyn and aluminum, creates a softer feel and features 45° grooves to encourage optimal forward roll, better sound and feel, and improved roll characteristics. The thin wall undercut construction removes excess weight for high MOI and legendary Spide(more...)",TaylorMade
12/4/2024 9:45 am,SPIDER TOUR X BLACK S PUT,TaylorMade Spider Tour X Black Slant Putter,Spider Tour X Black Slant,No,Putter,2024,,,"<p><strong>Who’s It For?</strong></p>  <p><span style=""font-weight: 400;"">The TaylorMade Spider Tour X Black Slant Putter is designed for golfers who want the stability of a mallet putter with the toe hang and feel of a blade. Its unique ""X"" shape combines the benefits of both designs, offering high MOI for stability while still allowing for moderate face rotation. The slant neck hosel further enhances toe hang, making it a good choice for golfers with a strong arcing stroke.</span></p>  <p><strong>The Tech Story</strong></p>  <p><span style=""font-weight: 400;"">The TaylorMade Spider Tour Black Putters are engineered for stability and visual precision on the green, employing a combination of technologies to enhance putting performance. The durable black PVD finish creates a high-quality look with contrasting sole plate, back badge, and copper accents. The True Path™ alignment system provides visual clarity, helping golfers better envision the line to the hole. A white TPU Pure Roll™ insert, made from Surlyn and aluminum, creates a softer feel and features 45° grooves to encourage optimal forward roll, better sound and feel, and improved roll characteristics. The thin wall undercut construction removes excess weight for high MOI and legendary Spider stability, while the HYBRAR E(more...)",TaylorMade
12/4/2024 9:40 am,SPIDER TOUR X BLACK L PUT,TaylorMade Spider Tour X Black L Neck Putter,Spider Tour X Black L Neck,No,Putter,2024,,,"<p><strong>Who’s It For?</strong></p>  <p><span style=""font-weight: 400;"">The TaylorMade Spider Tour X Black L Neck Putter is designed for golfers who want a mallet putter with more toe hang to accommodate an arcing putting stroke. The ""X"" shape design provides high MOI for stability, while the L-neck hosel promotes moderate face rotation. This makes it a good fit for golfers who like the forgiveness of a mallet but prefer a putter that allows for a slight arc in their stroke. It combines elements of both mallet and blade putters, offering a balance of stability and feel.</span></p>  <p><strong>The Tech Story</strong></p>  <p><span style=""font-weight: 400;"">The TaylorMade Spider Tour Black Putters are engineered for stability and visual precision on the green, employing a combination of technologies to enhance putting performance. The durable black PVD finish creates a high-quality look with contrasting sole plate, back badge, and copper accents. The True Path™ alignment system provides visual clarity, helping golfers better envision the line to the hole. A white TPU Pure Roll™ insert, made from Surlyn and aluminum, creates a softer feel and features 45° grooves to encourage optimal forward roll, better sound and feel, and improved roll characteristics. The thin wall undercut (more...)",TaylorMade
12/3/2024 4:07 pm,OZ1 I CB PUT,L.A.B. Golf OZ.1i Counterbalance Putter,OZ.1i Counterbalance,No,Putter,2025,,,"<p><strong>Who’s It For?</strong></p>  <p><span style=""font-weight: 400;"">The L.A.B. Golf OZ.1i Counterbalance putter is designed for golfers seeking enhanced stability and control in their putting stroke. The added weight in the grip end helps to smooth out inconsistencies and minimize unwanted movement, leading to a more reliable and repeatable motion. This design also reduces tension in the hands and wrists, promoting a more relaxed and fluid stroke. Players who value a solid feel and a stable putter head will appreciate the OZ.1i's solid-body construction and lie angle balance, promoting consistent accuracy and distance control. The classic half-moon mallet shape appeals to those seeking a traditional aesthetic with modern performance benefits. The stainless steel insert provides a firmer feel and faster ball speeds, catering to players who prefer that distinct response. Like other L.A.B. Golf putters, the OZ.1i offers exceptional forgiveness, making it ideal for golfers of all skill levels.</span></p>  <p><strong>The Tech Story</strong></p>  <p><span style=""font-weight: 400;"">L.A.B. Golf had always aspired to craft a tour-inspired putter, driven by a fascination with the nuanced preferences of professional golfers. This ambition led them to collaborate with Adam Scott, wh(more...)",L.A.B. Golf
12/2/2024 2:49 pm,G440 LST FWG,Ping G440 LST Fairway Wood,G440 LST,No,Fairway Wood,2025,,,"<p><strong>Who’s It For?</strong></p> <p><span style=""font-weight: 400;"">The Ping G440 LST Fairway Wood is designed for skilled golfers with faster swing speeds who demand low spin and a penetrating ball flight. It's ideal for players who want to maximize distance and control their trajectory, especially off the tee. The LST's compact shape and adjustable features cater to those seeking workability and precision in their long game.</span></p> <p><strong>The Tech Story</strong></p> <p><span style=""font-weight: 400;"">The multi-material LST (Low Spin) design of the G440 LST Fairway Wood provides a high launch and lower spin. A new HST (High-Strength Titanium) face combines with a lightweight Ti811 body, 85g tungsten sole plate and CarbonFly Wrap crown to optimize mass distribution. This positions the CG low/back for faster ball speed with reduced spin for more distance. Ping's Free-Hosel Technology removes weight from the hosel and redistributes it to create a taller face without compromising CG height. This innovative design promotes consistent performance, even on off-center hits. The contoured sole design ensures a flush contact at address, regardless of loft or lie adjustments. The CarbonFly Wrap crown further optimizes weight distribution for enhanced forgiveness and a pleas(more...)",Ping
12/2/2024 2:22 pm,OZ1 I PUT,L.A.B. Golf OZ.1i Putter,OZ.1i,No,Putter,2024,,,"<p><strong>Who’s It For?</strong></p>  <p><span style=""font-weight: 400;"">The L.A.B. Golf OZ.1i putter is designed for a wide range of golfers seeking a premium putting experience. Players who value a solid feel and a stable putter head will appreciate the OZ.1i's solid-body construction and lie angle balance, promoting consistent accuracy and distance control. The classic half-moon mallet shape appeals to those seeking a traditional aesthetic with modern performance benefits. The stainless steel insert provides a firmer feel and faster ball speeds, catering to players who prefer that distinct response. Like other L.A.B. Golf putters, the OZ.1i offers exceptional forgiveness, making it ideal for golfers of all skill levels.</span></p>  <p><strong>The Tech Story</strong></p>  <p><span style=""font-weight: 400;"">L.A.B. Golf had always aspired to craft a tour-inspired putter, driven by a fascination with the nuanced preferences of professional golfers. This ambition led them to collaborate with Adam Scott, who envisioned a putter with design cues from a German sports car and a classic mallet. Through iterative prototyping, feedback and a deep understanding of Lie Angle Balance, the OZ.1 was born, their first half-moon style mallet featuring a solid-body construction for exceptiona(more...)",L.A.B. Golf
12/2/2024 2:18 pm,OZ1 PUT,L.A.B. Golf OZ.1 Putter,OZ.1,No,Putter,2024,,,"<p><strong>Who’s It For?</strong></p>  <p><span style=""font-weight: 400;"">The L.A.B. Golf OZ.1 putter is designed for a wide range of golfers seeking a premium putting experience. Players who value a solid feel and a stable putter head will appreciate the OZ.1's solid-body construction and lie angle balance, promoting consistent accuracy and distance control. The classic half-moon mallet shape appeals to those seeking a traditional aesthetic with modern performance benefits. Like other L.A.B. Golf putters, the OZ.1 offers exceptional forgiveness, making it ideal for golfers of all skill levels.</span></p>  <p><strong>The Tech Story</strong></p>  <p><span style=""font-weight: 400;"">L.A.B. Golf had always aspired to craft a tour-inspired putter, driven by a fascination with the nuanced preferences of professional golfers. This ambition led them to collaborate with Adam Scott, who envisioned a putter with design cues from a German sports car and a classic mallet. Through iterative prototyping, feedback and a deep understanding of Lie Angle Balance, the OZ.1 was born, their first half-moon style mallet featuring a solid-body construction for exceptional feel and stability. Maintaining the forgiveness of their acclaimed DF3 and MEZZ.1 MAX putters, the OZ.1 ensures optimal accuracy a(more...)",L.A.B. Golf
12/2/2024 11:29 am,G440 SFT FWG,Ping G440 SFT Fairway Wood,G440 SFT,No,Fairway Wood,2025,,,"<p><strong>Who’s It For?</strong></p> <p><span style=""font-weight: 400;"">For golfers who tend to slice the ball and want to achieve straighter shots with a draw bias, the Ping G440 SFT Fairway Wood is the best fit. The ""Straight Flight Technology"" built into this club helps square the face at impact, reducing side spin that causes slices. The confidence-inspiring design and adjustable features make it particularly appealing to those seeking consistent performance and draw-inducing technology.</span></p> <p><strong>The Tech Story</strong></p> <p><span style=""font-weight: 400;"">The Ping G440 SFT Fairway Wood is engineered for players in need of slice-correction, and forgiveness across the face. Its redesigned face structure is taller for increased confidence, while maintaining a low center of gravity for optimal launch conditions. Ping's Free-Hosel Technology removes weight from the hosel and redistributes it to create a taller face without compromising CG height. This innovative design promotes consistent performance, even on off-center hits. The contoured sole design ensures a flush contact at address, regardless of loft or lie adjustments. A CarbonFly Wrap crown further optimizes weight distribution for enhanced forgiveness and a pleasing sound at impact. Finally, the Traject(more...)",Ping
11/26/2024 3:15 pm,G440 HYG,Ping G440 Hybrid,G440,No,Hybrid,2025,,,"<p><strong>Who’s It For?</strong></p>  <p><span style=""font-weight: 400;"">The Ping G440 Hybrid is designed for golfers of all skill levels who want to improve their long game performance. Its versatility and wide range of loft options make it suitable for players seeking higher launch, increased ball speed, and more stopping power. Whether you struggle with hitting long irons or want a more forgiving option off the tee, the G440 hybrid can help you gap your set and achieve better results on the course.</span></p>  <p><strong>The Tech Story</strong></p>  <p><span style=""font-weight: 400;"">Engineered for a wide range of golfers, the Ping G440 hybrid offers a wide range of lofts, from the fade-biased 2 hybrid for off-the-tee performance to the draw-biased 5, 6, and 7 hybrids for optimized gapping and higher launch. A new, shallower and thinner face design promotes higher launch and increased ball speed, while a lower CG in the multi-material head contributes to greater distance. Ping's Free-Hosel Technology further lowers the CG by redistributing weight, enhancing launch and stopping power without sacrificing ball speed. The contoured sole design ensures consistent contact and face angle, regardless of lie or loft adjustments. A CarbonFly Wrap crown saves weight and enhances forg(more...)",Ping
11/26/2024 1:39 pm,G440 MAX FWG,Ping G440 MAX Fairway Wood,G440 MAX,No,Fairway Wood,2025,,,"<p><strong>Who’s It For?</strong></p> <p><span style=""font-weight: 400;"">The Ping G440 MAX Fairway Wood is designed for a wide range of golfers who want to maximize both distance and forgiveness. Its versatility makes it a great option for golfers  who desire high-launching shots from a variety of positions. The confidence-inspiring design and adjustable features make it particularly appealing to those seeking consistent performance and the ability to fine-tune their ball flight.</span></p> <p><strong>The Tech Story</strong></p> <p><span style=""font-weight: 400;"">The Ping G440 MAX fairway wood is engineered for golfers seeking high-launching, forgiving performance off the tee and the turf. Its redesigned face structure is taller for increased confidence, while maintaining a low center of gravity for optimal launch conditions. Ping's Free-Hosel Technology removes weight from the hosel and redistributes it to create a 4% taller face than prior models without compromising CG height. This innovative design promotes consistent performance, even on off-center hits. The contoured sole design ensures a flush contact at address, regardless of loft or lie adjustments. A CarbonFly Wrap crown further optimizes weight distribution for enhanced forgiveness and a pleasing sound at impact. Fi(more...)",Ping
11/26/2024 1:27 pm,G440 LST DVR,Ping G440 LST Driver,G440 LST,No,Driver,2025,,,"<p><strong>Who’s It For?</strong></p> <p><span style=""font-weight: 400;"">The Ping G440 LST Driver is specifically designed for players with faster swing speeds who want to reduce spin and maximize control over their drives. It's ideal for those who tend to hit the ball high and want to achieve a more penetrating ball flight with a lower trajectory for increased distance and accuracy. The LST's adjustable features make it suitable for skilled players who like to fine-tune their equipment to perfectly match their swing and desired shot shape.</span></p> <p><strong>The Tech Story</strong></p> <p><span style=""font-weight: 400;"">The Ping G440 LST driver is engineered for golfers with faster swing speeds seeking low spin and maximum control. Free-Hosel Technology redistributes weight for a deeper CG, increasing ball speed and optimizing launch. A thinner, hotter face design promotes faster ball speeds across the entire face, while a lighter overall weight and longer shaft length encourage faster swing speeds for increased distance. The CarbonFly Wrap crown saves weight to lower the CG and enhance forgiveness, while a heavier, adjustable back weight allows for precise shot shape customization. Finally, the Trajectory Tuning 2.0 adjustable hosel provides further fine-tuning of loft an(more...)",Ping
11/26/2024 11:05 am,G440 SFT DVR,Ping G440 SFT Driver,G440 SFT,No,Driver,2025,,,"<p><strong>Who’s It For?</strong></p> <p><span style=""font-weight: 400;"">The Ping G440 SFT driver is designed for players who struggle with a slice and want to hit straighter, more draw-biased shots. It's engineered to help players square the clubface at impact and reduce side spin, resulting in a more consistent and forgiving ball flight. The ""Straight Flight Technology"" in the SFT model makes it particularly well-suited for those who want to eliminate their slice and find more fairways.</span></p> <p><strong>The Tech Story</strong></p> <p><span style=""font-weight: 400;"">The Ping G440 SFT driver features a two-position backweight (Draw and Draw+) for the ultimate forgiveness and slice-correction. Free-Hosel Technology redistributes weight for a deeper CG, increasing ball speed and optimizing launch. A thinner, hotter face design promotes faster ball speeds across the entire face, while a lighter overall weight and longer shaft length encourage faster swing speeds for increased distance. The CarbonFly Wrap crown saves weight to lower the CG and enhance forgiveness, while a heavier, adjustable back weight allows for precise shot shape customization. Finally, the Trajectory Tuning 2.0 adjustable hosel provides further fine-tuning of loft and lie for optimal ball flight.</span></(more...)",Ping
11/25/2024 1:51 pm,G440 MAX DVR,Ping G440 MAX Driver,G440 MAX,No,Driver,2025,,,"<p><strong>Who’s It For?</strong></p> <p><span style=""font-weight: 400;"">The most forgiving model in the G440 lineup, the PING G440 MAX driver is designed for a wide range of golfers seeking maximum forgiveness and distance. Its innovative technologies, like the deeper CG and lighter overall weight, help golfers achieve faster ball speeds and optimal launch conditions. The adjustable back weight and hosel provide personalized fine-tuning for shot shape and trajectory, making it a versatile option for players of all skill levels looking to improve their driving performance.</span></p> <p><strong>The Tech Story</strong></p> <p><span style=""font-weight: 400;"">The Ping G440 MAX driver is engineered for maximum forgiveness and distance, achieved through a combination of innovative technologies. Free-Hosel Technology redistributes weight for a deeper CG, increasing ball speed and optimizing launch. A thinner, hotter face design promotes faster ball speeds across the entire face, while a lighter overall weight and longer shaft length encourage faster swing speeds for increased distance. The CarbonFly Wrap crown saves weight to lower the CG and enhance forgiveness, while a heavier, adjustable back weight allows for precise shot shape customization. Finally, the Trajectory Tuning 2.0 a(more...)",Ping
11/19/2024 2:28 pm,ANTIDOTE SB2 CB PUT,Bettinardi Antidote SB2	Counterbalance Putter,Antidote SB2	Counterbalance,No,Putter,2024,,,"<p><strong>Who&rsquo;s It For?</strong></p>  <p><span style=""font-weight: 400;"">The Bettinardi Antidote SB2 Counterbalance Putter is an excellent choice for golfers seeking ultimate stability and a smooth, consistent stroke. This mallet putter, with its larger head and face-balanced design, promotes a straight-back-straight-through stroke and offers increased MOI and forgiveness. The F.I.T. Face™ milling provides a soft yet responsive feel at impact, while the contrasting alignment lines promote easy and accurate alignment.  As with all Bettinardi putters, the Antidote SB2 boasts meticulous craftsmanship and attention to detail, making it a premium option for discerning golfers who demand the best.</span></p>  <p><strong>The Tech Story</strong></p>  <p><span style=""font-weight: 400;"">The Bettinardi Antidote SB2 Counterbalance Putter is meticulously crafted to deliver exceptional stability and a smooth, consistent stroke.  Its precisely engineered 6061 Aluminum body, center insert, and 303 Stainless Steel face optimize the Center of Gravity (CoG), promoting a zero-torque stroke that helps the putter stay square to the path for enhanced accuracy. The SB2's face incorporates Bettinardi's exclusive F.I.T. Face™ milling, which removes 55% of the face material for a remarkably soft (more...)",Bettinardi
11/19/2024 2:23 pm,ANTIDOTE SB1 CB PUT,Bettinardi Antidote SB1 Counterbalance Putter,Antidote SB1 Counterbalance,No,Putter,2024,,,"<p><strong>Who&rsquo;s It For?</strong></p>  <p><span style=""font-weight: 400;"">The Bettinardi Antidote SB1 Counterbalance Putter is an excellent choice for golfers seeking a stable, classic blade putter with a soft feel and premium craftsmanship. The counterbalance design promotes a smoother, more stable stroke, minimizing unwanted movement and enhancing consistency. Its face-balanced design encourages a straight-back-straight-through stroke, making it ideal for those who struggle with an arcing putting path.  The F.I.T. Face™ milling provides a soft yet responsive feel at impact, while the contrasting alignment lines promote easy and accurate alignment. As with all Bettinardi putters, the Antidote SB1 boasts meticulous craftsmanship and attention to detail, making it a premium option for discerning golfers.</span></p>  <p><strong>The Tech Story</strong></p>  <p><span style=""font-weight: 400;"">The Bettinardi Antidote SB1 Counterbalance Putter is meticulously crafted to deliver exceptional stability and a smooth, consistent stroke, all within a classic blade design. Its precisely engineered pocket and 6061 Aluminum insert optimize the Center of Gravity (CoG), promoting a zero-torque stroke that enhances accuracy and consistency.  The SB1's face incorporates Bettinardi's exclus(more...)",Bettinardi
11/19/2024 2:12 pm,ANTIDOTE SB1 PUT,Bettinardi Antidote SB1 Putter,Antidote SB1,No,Putter,2024,,,"<p><strong>Who&rsquo;s It For?</strong></p>  <p><span style=""font-weight: 400;"">The Bettinardi Antidote SB1 putter is designed for golfers of all skill levels who demand the ultimate in precision and feel. Its forgiving design, featuring Simply Balanced™ Technology, minimizes twisting and promotes a square face, making it ideal for those seeking consistency in their putting stroke. The F.I.T. Face™ provides exceptional feedback, allowing golfers to better judge distance and control their putts. Crafted from high-quality materials and featuring a Tour Grade shaft, the SB1 offers the performance and durability that serious golfers expect. Whether you're a seasoned pro or a weekend enthusiast, the Antidote SB1 can help you improve your putting and lower your scores.</span></p>  <p><strong>The Tech Story</strong></p>  <p><span style=""font-weight: 400;"">The Bettinardi Antidote SB1 putter is meticulously crafted to elevate your putting performance. It features Simply Balanced™ Technology, with a precisely engineered pocket and 6061 Aluminum insert that perfectly positions the Center of Gravity (CoG) for a zero-torque head, promoting a naturally square putter face from start to finish. The F.I.T. Face™ (Feel Impact Technology), milled from 303 Stainless Steel, undergoes a unique mill(more...)",Bettinardi
11/19/2024 1:47 pm,ANTIDOTE SB2 PUT,Bettinardi Antidote SB2 Putter,Antidote SB2,No,Putter,2024,,,"<p><strong>Who&rsquo;s It For?</strong></p>  <p><span style=""font-weight: 400;"">The Bettinardi Antidote SB2 Putter is a great choice for golfers who prefer a mallet style with a moderate head size, offering a balance of forgiveness and feel. Its face-balanced design promotes a straight-back-straight-through stroke, making it ideal for those who struggle with an arcing putting path or inconsistent face rotation.  The F.I.T. Face™ milling provides a soft yet responsive feel at impact, while the contrasting alignment lines offer excellent alignment assistance. As expected from a Bettinardi, the Antidote SB2 boasts meticulous craftsmanship and attention to detail, making it a premium option for discerning golfers.</span></p>  <p><strong>The Tech Story</strong></p>  <p><span style=""font-weight: 400;"">The Bettinardi Antidote SB2 Putter is meticulously crafted to deliver exceptional accuracy and feel. Its precisely engineered 6061 Aluminum body, center insert, and 303 Stainless Steel face optimize the Center of Gravity (CoG), promoting a zero-torque stroke for enhanced consistency.  The SB2's face incorporates Bettinardi's exclusive F.I.T. Face™ milling, which removes 55% of the face material for a remarkably soft and responsive feel.  The stunning Diamond Blast finish on the 303 Sta(more...)",Bettinardi
11/19/2024 11:22 am,2025 QUEEN B 16 PUT,Bettinardi 2025 Queen B 16 Putter,2025 Queen B 16,No,Putter,2024,,,"<p><strong>Who’s It For?</strong></p>  <p><span style=""font-weight: 400;"">The Bettinardi 2025 Queen B 16 putter is a perfect blend of classic design and modern technology, appealing to golfers who appreciate tradition but demand performance. Beyond its performance benefits, the Queen B 16 boasts a luxurious aesthetic with its Royal Rose PVD finish and intricate sole engraving. Its classic heel-toe weighted blade design with a wider flange and crowned topline provides a timeless look, while the re-engineered center of gravity ensures stability and promotes a smoother stroke.</span></p>  <p><strong>The Tech Story</strong></p>  <p><span style=""font-weight: 400;"">The Bettinardi 2025 Queen B putters are designed for the golfer who demands the ultimate in performance, feel, and beauty.  Engineered with a re-imagined center of gravity, these putters promote a more natural alignment and boast a larger sweet spot for incredible forgiveness.  The iconic Mini Honeycomb face milling, a Bettinardi hallmark, provides exceptional feel and a firm, yet responsive roll.  Crafted from 303 Stainless Steel with a stunning Royal Rose PVD finish, the Queen B series features intricate sole engravings for a touch of unmatched elegance.  Premium components, such as a  luxurious embroidered magnetic hea(more...)",Bettinardi
11/19/2024 11:21 am,2025 QUEEN B 8 P PUT,Bettinardi 2025 Queen B 8 Plumbers Putter,2025 Queen B 8 Plumbers,No,Putter,2024,,,"<p><strong>Who’s It For?</strong></p>  <p><span style=""font-weight: 400;"">The Bettinardi 2025 Queen B 8 Plumbers Neck putter is a versatile choice that blends classic design with modern performance benefits, making it appealing to a wide range of golfers. Its compact, squared-off head with softened edges offers a timeless look, while the mini plumbers neck promotes a slight arc in the putting stroke, ideal for those who don't have a perfectly straight back-and-through motion. Despite its blade-style head, the QB8 provides surprising forgiveness and stability thanks to its re-engineered center of gravity.</span></p>  <p><strong>The Tech Story</strong></p>  <p><span style=""font-weight: 400;"">The Bettinardi 2025 Queen B putters are designed for the golfer who demands the ultimate in performance, feel, and beauty.  Engineered with a re-imagined center of gravity, these putters promote a more natural alignment and boast a larger sweet spot for incredible forgiveness.  The iconic Mini Honeycomb face milling, a Bettinardi hallmark, provides exceptional feel and a firm, yet responsive roll.  Crafted from 303 Stainless Steel with a stunning Royal Rose PVD finish, the Queen B series features intricate sole engravings for a touch of unmatched elegance.  Premium components, such as a  lux(more...)",Bettinardi
11/19/2024 11:18 am,2025 QUEEN B 8 CS PUT,Bettinardi 2025 Queen B 8 Center Shaft Putter,2025 Queen B 8 Center Shaft,No,Putter,2024,,,"<p><strong>Who’s It For?</strong></p>  <p><span style=""font-weight: 400;"">The Bettinardi 2025 Queen B 8 Center Shaft putter is a compelling choice for golfers who value a face-balanced stroke and a clean look at address. Its center shaft design promotes a straight back-and-through putting motion, minimizing unwanted face rotation and improving accuracy. This configuration also provides an unobstructed view of the putter face at address, which can boost confidence and alignment. While maintaining a compact blade-style head, the QB8 Center Shaft offers the forgiveness and stability often found in larger mallets. </span></p>  <p><strong>The Tech Story</strong></p>  <p><span style=""font-weight: 400;"">The Bettinardi 2025 Queen B putters are designed for the golfer who demands the ultimate in performance, feel, and beauty.  Engineered with a re-imagined center of gravity, these putters promote a more natural alignment and boast a larger sweet spot for incredible forgiveness.  The iconic Mini Honeycomb face milling, a Bettinardi hallmark, provides exceptional feel and a firm, yet responsive roll.  Crafted from 303 Stainless Steel with a stunning Royal Rose PVD finish, the Queen B series features intricate sole engravings for a touch of unmatched elegance.  Premium components, such as(more...)",Bettinardi
11/19/2024 10:22 am,2025 QUEEN B 7 PUT,Bettinardi 2025 Queen B 7 Putter,2025 Queen B 7,No,Putter,2024,,,"<p><strong>Who’s It For?</strong></p>  <p><span style=""font-weight: 400;"">The Bettinardi 2025 Queen B 7 putter is a unique and compelling option for golfers seeking the forgiveness of a mallet in a more manageable size. As one of Bettinardi's most compact mallets ever, the QB7 offers stability and confidence without feeling bulky.  Its symmetrical design, a first for Bettinardi, features precision-milled shoulders that seamlessly blend into the rounded flange, creating a visually appealing and balanced look at address.</span></p>  <p><strong>The Tech Story</strong></p>  <p><span style=""font-weight: 400;"">The Bettinardi 2025 Queen B putters are designed for the golfer who demands the ultimate in performance, feel, and beauty.  Engineered with a re-imagined center of gravity, these putters promote a more natural alignment and boast a larger sweet spot for incredible forgiveness.  The iconic Mini Honeycomb face milling, a Bettinardi hallmark, provides exceptional feel and a firm, yet responsive roll.  Crafted from 303 Stainless Steel with a stunning Royal Rose PVD finish, the Queen B series features intricate sole engravings for a touch of unmatched elegance.  Premium components, such as a  luxurious embroidered magnetic headcover, your choice of a standard Lamkin Deep Etched smo(more...)",Bettinardi
11/19/2024 10:12 am,2025 QUEEN B 6 SS PUT,Bettinardi 2025 Queen B 6 Slotback Slant Putter,2025 Queen B 6 Slotback Slant,No,Putter,2024,,,"<p><strong>Who’s It For?</strong></p>  <p><span style=""font-weight: 400;"">The Bettinardi 2025 Queen B 6 Slotback Slant putter, or QB6 SBS,  is a compelling choice for golfers seeking a classic design with modern enhancements.  Bettinardi takes their popular wide-body QB6 head shape and adds a slant neck and milled slot in the flange, creating a distinctive look that also aids in alignment. The slant neck promotes a moderate toe hang, making it ideal for golfers with a slight arc in their putting stroke, helping to square the face at impact for improved accuracy. The milled slot in the flange provides a clear visual guide for alignment, instilling confidence at address. </span></p>  <p><strong>The Tech Story</strong></p>  <p><span style=""font-weight: 400;"">The Bettinardi 2025 Queen B putters are designed for the golfer who demands the ultimate in performance, feel, and beauty.  Engineered with a re-imagined center of gravity, these putters promote a more natural alignment and boast a larger sweet spot for incredible forgiveness.  The iconic Mini Honeycomb face milling, a Bettinardi hallmark, provides exceptional feel and a firm, yet responsive roll.  Crafted from 303 Stainless Steel with a stunning Royal Rose PVD finish, the Queen B series features intricate sole engravings for(more...)",Bettinardi
11/19/2024 9:55 am,2025 QUEEN B 6 PUT,Bettinardi 2025 Queen B 6 Putter,2025 Queen B 6,No,Putter,2024,,,"<p><strong>Who’s It For?</strong></p>  <p><span style=""font-weight: 400;"">The Bettinardi 2025 Queen B 6 putter is a classic blade design that will appeal to a wide range of golfers who appreciate a traditional look and feel.  With its wider body and heel-toe weighting, the QB6 offers a balanced and familiar feel, promoting a smooth and controlled putting stroke. The QB6 is a versatile and reliable putter that performs well on a variety of greens and complements different putting styles, making it an excellent choice for golfers who value tradition, performance, and forgiveness in a classic design.</span></p>  <p><strong>The Tech Story</strong></p>  <p><span style=""font-weight: 400;"">The Bettinardi 2025 Queen B putters are designed for the golfer who demands the ultimate in performance, feel, and beauty.  Engineered with a re-imagined center of gravity, these putters promote a more natural alignment and boast a larger sweet spot for incredible forgiveness.  The iconic Mini Honeycomb face milling, a Bettinardi hallmark, provides exceptional feel and a firm, yet responsive roll.  Crafted from 303 Stainless Steel with a stunning Royal Rose PVD finish, the Queen B series features intricate sole engravings for a touch of unmatched elegance.  Premium components, such as a  luxurious (more...)",Bettinardi
10/21/2024 2:33 pm,ZERO Z2S PUT,Evnroll Zero Z2s Putter,Zero Z2s,No,Putter,2024,,,"<p><strong>Who’s It For?</strong></p>  <p><span style=""font-weight: 400;"">The Evnroll Zero Z2s putter caters to golfers seeking enhanced accuracy and consistency on the green. Its design, featuring FaceForward Technology and Zero Torque, minimizes face rotation and the impact of off-center hits, making it suitable for players of all skill levels. The high MOI and SweetFace Technology further contribute to stability and consistent ball speeds, even on mis-hits. Golfers struggling with maintaining a square putter face, seeking a stable stroke, or frequently hitting off-center will find this putter particularly beneficial. </span></p>  <p><strong>The Tech Story</strong></p>  <p><span style=""font-weight: 400;"">The Evnroll Zero putters are designed for ultimate accuracy and consistency. The Face Forward Technology virtually eliminates face rotation, keeping your putts on track by aligning the shaft with the putter head's center of mass. This translates to straighter putts and fewer misses, even with off-center hits. The secret lies in the unique reverse plumber-neck hosel and SweetFace Technology, which combine to deliver uniform energy transfer across the entire face for consistent distance and zero dispersion.  With high MOI for incredible stability and customizable swing weights(more...)",Evnroll
10/21/2024 2:30 pm,ZERO Z5S PUT,Evnroll Zero Z5s Putter,Zero Z5s,No,Putter,2024,,,"<p><strong>Who’s It For?</strong></p>  <p><span style=""font-weight: 400;"">The Evnroll Zero Z5s putter is a mallet-style putter designed for golfers who value stability, forgiveness, and alignment assistance. Its larger head and ""winged"" design promote a stable stroke and provide clear visual cues for accurate aiming.  Featuring Face Forward and SweetFace Technologies, the Z5s minimizes the impact of off-center hits and ensures consistent ball speeds for improved distance control. This makes it a great choice for high-handicap golfers, those with an arc stroke, or anyone struggling with consistent putting.</span></p>  <p><strong>The Tech Story</strong></p>  <p><span style=""font-weight: 400;"">The Evnroll Zero putters are designed for ultimate accuracy and consistency. The Face Forward Technology virtually eliminates face rotation, keeping your putts on track by aligning the shaft with the putter head's center of mass. This translates to straighter putts and fewer misses, even with off-center hits. The secret lies in the unique reverse plumber-neck hosel and SweetFace Technology, which combine to deliver uniform energy transfer across the entire face for consistent distance and zero dispersion.  With high MOI for incredible stability and customizable swing weights, the Evnroll Ze(more...)",Evnroll
10/21/2024 2:19 pm,ZERO Z1 PUT,Evnroll Zero Z1 Putter,Zero Z1,No,Putter,2024,,,"<p><strong>Who’s It For?</strong></p>  <p><span style=""font-weight: 400;"">The Evnroll Zero Z1 putter is a high-MOI mallet designed for golfers who demand stability and forgiveness. Its innovative features, including Face Forward Technology and SweetFace Technology, ensure consistent ball speeds and minimize the impact of off-center hits. The Z1's clean lines and contrasting colors also provide excellent alignment assistance.  This putter is ideal for golfers who prefer a mallet shape, struggle with keeping the putter face square, or want to improve their overall putting consistency.</span></p>  <p><strong>The Tech Story</strong></p>  <p><span style=""font-weight: 400;"">The Evnroll Zero putters are designed for ultimate accuracy and consistency. The Face Forward Technology virtually eliminates face rotation, keeping your putts on track by aligning the shaft with the putter head's center of mass. This translates to straighter putts and fewer misses, even with off-center hits. The secret lies in the unique reverse plumber-neck hosel and SweetFace Technology, which combine to deliver uniform energy transfer across the entire face for consistent distance and zero dispersion.  With high MOI for incredible stability and customizable swing weights, the Evnroll Zero Putters offer person(more...)",Evnroll
10/16/2024 10:37 am,G440 STS,Ping G440 Iron Set,G440,No,Iron Set,2025,,,"<p><strong>Who’s It For?</strong></p>  <p><span style=""font-weight: 400;"">The Ping G440 irons are designed for golfers seeking game-improvement technology packaged in a players-style aesthetic.  They offer increased ball speed and forgiveness for higher, longer shots that stop on the green.  The shallow face, compact head, and premium chrome finishes provide an appealing look, while the cavity-back design ensures consistency and feel.  Longer long irons and a streamlined wedge selection further enhance performance and ease of use.</span></p>  <p><strong>The Tech Story</strong></p>  <p><span style=""font-weight: 400;"">The Ping G440 irons introduce a thinner, shallower face design that increases ball speed and offers a player-preferred look. A lower CG system, achieved by redistributing weight from the face, enhances forgiveness and launch. The PurFlex cavity badge contributes to both ball speed and improved feel and sound. Aesthetically, the G440 boasts a premium chrome finish for a high-quality appearance. Design elements like the shorter blade length and thin top line give the G440 a players iron look while maintaining game-improvement forgiveness. Improved set gapping, with longer 4, 5, and 6 irons, promotes consistent distance gaps, and re-configured wedge options simplify s(more...)",Ping
9/30/2024 3:04 pm,ER ZERO PUT,Evnroll ER Zero Putter,ER Zero,No,Putter,2024,,,"<p><strong>Who’s It For?</strong></p>  <p><span style=""font-weight: 400;"">The Evnroll ERZ Zero mallet putter combines the forgiveness and stability of a mallet head with the accuracy of Face Forward Technology. This makes it ideal for golfers who prefer a mallet shape and struggle with consistency, but also want the precision of advanced face rotation technology. It's a great choice for those seeking a balance of classic design and modern performance benefits.</span></p>  <p><strong>The Tech Story</strong></p>  <p><span style=""font-weight: 400;"">The Evnroll Zero putters are designed for ultimate accuracy and consistency. The Face Forward Technology virtually eliminates face rotation, keeping your putts on track by aligning the shaft with the putter head's center of mass. This translates to straighter putts and fewer misses, even with off-center hits. The secret lies in the SweetFace Technology, which helps to deliver uniform energy transfer across the entire face for consistent distance and zero dispersion.  With high MOI for incredible stability, the Evnroll Zero Putters offer personalized feel and unparalleled control.</span></p>  <p><strong>Facts and Figures</strong></p>  <p><span style=""font-weight: 400;"">Head Style: Mallet</span></p>  <p><span style=""font-weight: 400;""(more...)",Evnroll
9/18/2024 10:12 am,MEZZ.1 MAX CB PUT,L.A.B. Golf MEZZ.1 Max Counterbalanced Putter,MEZZ.1 Max Counterbalanced,No,Putter,2024,,,"<p><strong>Who’s It For?</strong></p>  <p><span style=""font-weight: 400;"">Are you a golfer seeking the ultimate edge on the greens? Look no further than the L.A.B. MEZZ.1 MAX Putter, meticulously engineered to elevate your putting game to unprecedented levels of precision and consistency. The MEZZ.1 MAX's groundbreaking Lie Angle Balance (LAB) design promises to revolutionize your approach to putting. Designed for golfers of all skill levels, the L.A.B. MEZZ.1 MAX offers outrageous stability and the most forgiveness possible in a wing-back design.</span></p>  <p><strong>The Tech Story</strong></p>  <p><span style=""font-weight: 400;"">The L.A.B. MEZZ.1 MAX Putter is a masterpiece of engineering prowess, meticulously crafted to redefine the very essence of putting performance. At its core lies the groundbreaking Lie Angle Balance (LAB) technology, a culmination of years of research and development aimed at revolutionizing the putting stroke. This cutting-edge design ensures that the center of gravity aligns perfectly with the axis of the shaft, effectively neutralizing unwanted twisting forces and promoting a smoother, more consistent roll. The MEZZ.1 MAX boasts a meticulously milled face, engineered to precise tolerances to enhance ball contact and impart optimal forward spin fo(more...)",L.A.B. Golf
9/17/2024 12:20 pm,TOUR AD VF HST,Graphite Design Tour AD VF Hybrid Hybrid Shaft,Tour AD VF Hybrid,No,Hybrid Shaft,2024,,,"<h2>Graphite Design Tour AD VF Hybrid Shaft</h2>  <p>Unleash the power and precision of the Graphite Design Tour AD VF Hybrid Shaft, the perfect complement to your hybrid club. Designed for golfers seeking exceptional performance, this shaft delivers a winning combination of distance, control, and feel.</p>  <h3>Features:</h3>  <ul>   <li><strong>Enhanced Power and Stability:</strong> The Tour AD VF Hybrid Shaft is engineered to provide explosive power and unmatched stability, allowing you to confidently attack any shot.</li>   <li><strong>Optimal Trajectory and Spin:</strong> Experience a mid-launch trajectory with reduced spin, resulting in longer carry distances and improved accuracy.</li>   <li><strong>Superior Feel:</strong> The premium materials and meticulous craftsmanship of the Tour AD VF Hybrid Shaft deliver an exceptional feel, providing unparalleled feedback and control.</li>   <li><strong>Unmatched Consistency:</strong> Graphite Design's renowned quality and precision ensure consistent performance with every swing.</li> </ul>  <h3>Specifications:</h3>  <ul>   <li><strong>Weight Options:</strong> 75g, 85g, 95g, and 105g</li>   <li><strong>Flex Options:</strong> R, S, and X (availability varies by weight)</li>   <li><strong>Bend Profile:</strong> Firm(more...)",Graphite Design
9/4/2024 12:08 pm,TOUR AD GC DST,Graphite Design Tour AD GC Driver Shaft,Tour AD GC,No,Driver Shaft,2024,,,"<h2>Graphite Design Tour AD GC Driver Shaft - The Game Changer</h2>  <p>Experience the next generation of performance with the Graphite Design Tour AD GC driver shaft. Engineered for the evolving swing, the GC delivers exceptional stability, control, and feel to help you elevate your game.</p>  <h3>Unleash Your Potential:</h3>  <ul>   <li><strong>Increased Ball Speed and Distance:</strong> The Tour AD GC's advanced design promotes efficient energy transfer, resulting in explosive ball speeds and maximum distance.</li>   <li><strong>Enhanced Accuracy and Control:</strong>  AD SHIELD technology minimizes twisting and bending, providing exceptional stability and control for straighter, more accurate drives.</li>   <li><strong>Unmatched Feel:</strong>  Premium materials and meticulous craftsmanship deliver a smooth, responsive feel that inspires confidence with every swing.</li>   <li><strong>Neutral Launch Profile:</strong>  The GC's mid launch and low spin characteristics make it ideal for a wide range of golfers seeking optimal trajectory and distance.</li> </ul>  <h3>Cutting-Edge Technology:</h3>  <ul>   <li><strong>AD SHIELD:</strong>  Strategically placed carbon fiber plies combined with TORAYCA® M40X material in the handle section create a stiff yet smooth feel(more...)",Graphite Design
8/30/2024 10:45 am,JPX 925 HM HL COMBO STS,Mizuno JPX 925 Hot Metal HL Combo Iron Set,JPX 925 Hot Metal HL Combo,No,Iron Set,2024,,,"<h2>Mizuno JPX 925 Hot Metal HL/Fli-Hi Combo Iron Set: The Ultimate Distance and Control Machine</h2>  <p><strong>Unlock your scoring potential with the Mizuno JPX 925 Hot Metal HL/Fli-Hi Combo Iron Set.</strong></p>  <p>This expertly crafted set combines the effortless distance and forgiveness of the JPX 925 Hot Metal HL irons with the versatility and control of the JPX 925 Fli-Hi hybrids. It's the perfect solution for golfers who want maximum distance and high launch in their long irons, seamless transitions in the mid-irons, and precision in their scoring clubs.</p>  <h3>Features:</h3>  <ul>   <li><strong>Chromoly 4140M Construction (Hot Metal HL):</strong> The high-strength Chromoly 4140M face delivers exceptional ball speed and distance while maintaining Mizuno's legendary feel.</li>   <li><strong>CORTECH Design (Hot Metal HL):</strong> A re-engineered CORTECH face with a multi-thickness design promotes increased ball speeds across a wider area of the face for enhanced forgiveness and distance.</li>   <li><strong>High Launch Design (Hot Metal HL):</strong> The JPX 925 Hot Metal HL irons feature a wider profile, optimized CG location, and stronger lofts to promote a higher launch angle and increased carry distance.</li>   <li><strong>JPX 925 Fli-Hi Hybrids:</stron(more...)",Mizuno
8/30/2024 9:34 am,JPX 925 FLI HI HYG,Mizuno JPX 925 Fli-Hi Hybrid,JPX 925 Fli-Hi,No,Hybrid,2024,,,"<p><strong>Who&rsquo;s It For?</strong></p> <p><span style=""font-weight: 400;"">The JPX925 Fli-Hi is an ideal addition to the top end of any golf set for players aiming to enhance height and control with stronger lofts. By substituting your longest irons with these wood-style designs, you can achieve more consistent distance gaps in the longer range of your set. Internal weight placement on the back side promotes a draw bias and higher launch. The JPX Fli-Hi can also be customized to match your iron set, with the same shafts and specifications.</span></p> <p> </p> <p><strong>The Tech Story</strong></p> <p><span style=""font-weight: 400;"">The JPX925 Fli-Hi incorporates advanced technology to enhance performance and playability. Its Flow Profile Design offers a seamless transition from a wider profile in the stronger lofts to a more compact, hybrid shape as loft increases, optimizing control and distance throughout the set. The club's construction features an Optimal Material Selection, blending the strength of a 17-4 stainless steel face with a softer 431 stainless steel body to maximize speed while allowing for precise hosel adjustments. The innovative Wave Sole design ensures that more of the clubhead engages at impact, boosting ball speed and delivering consistent distan(more...)",Mizuno
8/28/2024 3:37 pm,JPX 925 HM HL STS,Mizuno JPX 925 Hot Metal HL Iron Set,JPX 925 Hot Metal HL,No,Iron Set,2024,,,"<p><strong>Who&rsquo;s It For?</strong></p> <p><span style=""font-weight: 400;"">The Mizuno JPX 925 Hot Metal redefines the performance of an already industry-leading franchise. By blending the power and speed of Nickel Chromoly with a newly designed CORTECH face featuring a Contour Ellipse, it delivers unmatched consistency in distance across the entire impact zone. The inclusion of tungsten weighting, positioned low in the clubhead, enhances height and landing angles, making it easier than ever to hit precise shots into greens. The Hot Metal HL is one of three models within the JPX 925 line and is designed for players with slower swing speeds that are seeking maximum launch and spin.</span></p> <p> </p> <p><strong>The Tech Story</strong></p> <p><span style=""font-weight: 400;"">The Mizuno JPX 925 Hot Metal irons represent a pinnacle of innovation, combining advanced materials and cutting-edge design for superior performance. At the core is the CORTECH Design featuring a Contour Ellipse Face, a completely re-engineered multi-thickness profile that is 30% thinner than previous generations. This design maximizes ball speed retention across the impact zone. The Chromoly 4140M material offers a high-strength face with a bendable hosel, enhancing custom fitting options. A Seamle(more...)",Mizuno
8/28/2024 2:53 pm,JPX 925 HM PRO STS,Mizuno JPX 925 Hot Metal Pro Iron Set,JPX 925 Hot Metal Pro,No,Iron Set,2024,,,"<p><strong>Who&rsquo;s It For?</strong></p> <p><span style=""font-weight: 400;"">The Mizuno JPX 925 Hot Metal redefines the performance of an already industry-leading franchise. By blending the power and speed of Nickel Chromoly with a newly designed CORTECH face featuring a Contour Ellipse, it delivers unmatched consistency in distance across the entire impact zone. The inclusion of tungsten weighting, positioned low in the clubhead, enhances height and landing angles, making it easier than ever to hit precise shots into greens. The Hot Metal Pro is one of three models within the JPX 925 line and is designed for mid-to-high handicap players that are seeking a high-launching, forgiving iron, but in a slimmer, more compact profile.</span></p> <p> </p> <p><strong>The Tech Story</strong></p> <p><span style=""font-weight: 400;"">The Mizuno JPX 925 Hot Metal irons represent a pinnacle of innovation, combining advanced materials and cutting-edge design for superior performance. At the core is the CORTECH Design featuring a Contour Ellipse Face, a completely re-engineered multi-thickness profile that is 30% thinner than previous generations. This design maximizes ball speed retention across the impact zone. The Chromoly 4140M material offers a high-strength face with a bendable hos(more...)",Mizuno
8/27/2024 1:20 pm,JPX 925 HM STS,Mizuno JPX 925 Hot Metal Iron Set,JPX 925 Hot Metal,No,Iron Set,2024,,,"<p><strong>Who’s It For?</strong></p> <p><span style=""font-weight: 400;"">The Mizuno JPX 925 Hot Metal redefines the performance of an already industry-leading franchise. By blending the power and speed of Nickel Chromoly with a newly designed CORTECH face featuring a Contour Ellipse, it delivers unmatched consistency in distance across the entire impact zone. The inclusion of tungsten weighting, positioned low in the clubhead, enhances height and landing angles, making it easier than ever to hit precise shots into greens. The Hot Metal is one of three models within the JPX 925 line and is designed for mid-to-high handicap players that are seeking a high-launching, forgiving iron.</span></p> <p> </p> <p><strong>The Tech Story</strong></p> <p><span style=""font-weight: 400;"">The Mizuno JPX 925 Hot Metal irons represent a pinnacle of innovation, combining advanced materials and cutting-edge design for superior performance. At the core is the CORTECH Design featuring a Contour Ellipse Face, a completely re-engineered multi-thickness profile that is 30% thinner than previous generations. This design maximizes ball speed retention across the impact zone. The Chromoly 4140M material offers a high-strength face with a bendable hosel, enhancing custom fitting options. A Seamless Cup Fa(more...)",Mizuno
8/21/2024 1:23 pm,TENSEI 1K PRO RED DST,Mitsubishi Golf Tensei 1K Pro Red Driver Shaft,Tensei 1K Pro Red,No,Driver Shaft,2024,,,"<h2>Mitsubishi Rayon Tensei 1K Pro Red Driver Shaft - Ignite Your Launch</h2>  <p>The Mitsubishi Rayon Tensei 1K Pro Red Driver Shaft is engineered for golfers seeking <strong>maximum launch and distance</strong> without sacrificing control. This high-performance shaft delivers exceptional feel and stability, making it the perfect choice for players who want to bomb it off the tee.</p>  <h3>Experience Explosive Distance:</h3>  <ul>   <li><strong>Sky-High Launch:</strong> The Tensei 1K Pro Red's high launch design helps you achieve optimal trajectory and carry distance, maximizing your driving potential.</li>   <li><strong>Increased Ball Speed:</strong>  Proprietary materials and advanced construction promote efficient energy transfer, leading to explosive ball speeds and increased distance.</li>   <li><strong>Unmatched Feel:</strong>  Premium 1K carbon fiber in the handle section delivers exceptional feel and responsiveness, providing unparalleled feedback with every swing.</li>   <li><strong>Ultimate Stability:</strong>  A super-stiff handle section and reinforced tip section work together to minimize twisting and bending, ensuring exceptional control and accuracy.</li> </ul>  <h3>Technology That Delivers:</h3>  <ul>   <li><strong>1K Carbon Fiber:</strong>  Ultra(more...)",Mitsubishi Golf
8/21/2024 1:06 pm,DIAMANA BB DST,Mitsubishi Golf Diamana BB Driver Shaft,Diamana BB,No,Driver Shaft,2024,,,"<h2>Mitsubishi Rayon Diamana BB Driver Shaft - Experience the Legend Reborn</h2>  <p>The Diamana™ BB (Blue Board) driver shaft marks the return of a legend, reimagined with modern technology for today's game.  Building upon the legacy of the iconic ""Blue Board"" series, the Diamana BB delivers exceptional feel, stability, and performance for golfers of all skill levels.</p>  <h3>Feel the Difference:</h3>  <ul>   <li><strong>Signature Smooth Feel:</strong> Experience the legendary smooth feel that Diamana™ is known for, providing unparalleled feedback and control with every swing.</li>   <li><strong>Enhanced Stability:</strong>  Advanced materials and innovative design minimize unwanted twisting and bending, leading to greater consistency and accuracy off the tee.</li>   <li><strong>Optimized Launch and Spin:</strong>  The Diamana BB offers a mid-launch profile with low spin, promoting optimal trajectory and maximizing distance for a wide range of swing speeds.</li>   <li><strong>Unleash Your Power:</strong>  Efficient energy transfer throughout the swing helps you generate maximum ball speed and distance.</li> </ul>  <h3>Technology that Performs:</h3>  <ul>   <li><strong>Dialead Pitch Fiber:</strong>  Super high-modulus 80-ton Dialead Pitch Fiber in the butt sectio(more...)",Mitsubishi Golf
8/6/2024 9:38 am,DF3 BS PUT,L.A.B. Golf DF3 Sweeper Putter,DF3 Sweeper,No,Putter,2024,,,"<p><strong>Who’s It For?</strong></p>  <p><span style=""font-weight: 400;"">L.A.B. Golf’s newest release the DF3 has incorporated everything golfers loved about the original Lie Angle Balanced Directed Force, but now comes in a smaller, sleeker, though similar design to the L.A.B. putter that started it all. It still stays square by itself and is irrationally forgiving on mishits, but now suits more golfers thanks to a more visually appealing, less bulky design.</span></p>  <p><strong>The Tech Story</strong></p>  <p><span style=""font-weight: 400;"">The L.A.B. Golf DF3 embodies the pinnacle of putting technology, integrating advanced features to redefine precision on the greens. At its core lies the groundbreaking Lie Angle Balance technology, which strategically redistributes weight towards the rear of the putter head, minimizing torque and promoting a smoother, more stable putting stroke. This innovative design enhances consistency and accuracy, enabling golfers to achieve optimal roll characteristics with every putt. The DF3 boasts a smaller, sleeker body design compared to its predecessor, while still enhancing forgiveness and performance on off-center strikes. Its re-engineered shaft attachment system offers increased adjustability, allowing golfers to tailor their setup to s(more...)",L.A.B. Golf
8/6/2024 9:31 am,DF3 CB PUT,L.A.B. Golf DF3 Counterbalanced Putter,DF3 Counterbalanced,No,Putter,2024,,,"<p><strong>Who’s It For?</strong></p>  <p><span style=""font-weight: 400;"">L.A.B. Golf’s newest release the DF3 has incorporated everything golfers loved about the original Lie Angle Balanced Directed Force, but now comes in a smaller, sleeker, though similar design to the L.A.B. putter that started it all. It still stays square by itself and is irrationally forgiving on mishits, but now suits more golfers thanks to a more visually appealing, less bulky design.</span></p>  <p><strong>The Tech Story</strong></p>  <p><span style=""font-weight: 400;"">The L.A.B. Golf DF3 embodies the pinnacle of putting technology, integrating advanced features to redefine precision on the greens. At its core lies the groundbreaking Lie Angle Balance technology, which strategically redistributes weight towards the rear of the putter head, minimizing torque and promoting a smoother, more stable putting stroke. This innovative design enhances consistency and accuracy, enabling golfers to achieve optimal roll characteristics with every putt. The DF3 boasts a smaller, sleeker body design compared to its predecessor, while still enhancing forgiveness and performance on off-center strikes. Its re-engineered shaft attachment system offers increased adjustability, allowing golfers to tailor their setup to s(more...)",L.A.B. Golf
8/6/2024 9:29 am,DF3 AL PUT,L.A.B. Golf DF3 Armlock Putter,DF3 Armlock,No,Putter,2024,,,"<p><strong>Who’s It For?</strong></p>  <p><span style=""font-weight: 400;"">L.A.B. Golf’s newest release the DF3 has incorporated everything golfers loved about the original Lie Angle Balanced Directed Force, but now comes in a smaller, sleeker, though similar design to the L.A.B. putter that started it all. It still stays square by itself and is irrationally forgiving on mishits, but now suits more golfers thanks to a more visually appealing, less bulky design.</span></p>  <p><strong>The Tech Story</strong></p>  <p><span style=""font-weight: 400;"">The L.A.B. Golf DF3 embodies the pinnacle of putting technology, integrating advanced features to redefine precision on the greens. At its core lies the groundbreaking Lie Angle Balance technology, which strategically redistributes weight towards the rear of the putter head, minimizing torque and promoting a smoother, more stable putting stroke. This innovative design enhances consistency and accuracy, enabling golfers to achieve optimal roll characteristics with every putt. The DF3 boasts a smaller, sleeker body design compared to its predecessor, while still enhancing forgiveness and performance on off-center strikes. Its re-engineered shaft attachment system offers increased adjustability, allowing golfers to tailor their setup to s(more...)",L.A.B. Golf
8/2/2024 10:27 am,APEX AI300 STS,Callaway Apex Ai300 Iron Set,Apex Ai300,No,Iron Set,2024,,,"<p><strong>Who&rsquo;s It For?</strong></p> <p><span style=""font-weight: 400;"">Callaway continues to dive into data driven artificial intelligence design with its Apex Ai 300 irons. The Callaway Apex Ai 300 Irons offer exceptional feel, power, and consistency. Meticulously designed, these elegant cavity-back irons feature a slightly larger profile that masterfully blends performance and forgiveness. As Callaway's most complete game-improvement iron, the Apex Ai 300 delivers unparalleled performance, ensuring golfers stand out on the course. With the perfect combination of power, precision, and forgiveness, these irons elevate any game.</span></p> <p> </p> <p><strong>The Tech Story</strong></p> <p><span style=""font-weight: 400;"">The new Callaway Apex Ai 300 Irons boast a premium look and feel with a forged cavity-back design combined with a forged 455 face, delivering Tour-level sound and feel. This advanced construction is paired with a stunning, premium design that captivates golfers. As Callaway's most complete game-improvement iron, the Forged 455 Face Cup provides outstanding power across the face, offering an unmatched combination of power and feel. Consistency is achieved through the Ai Smart Face, which leverages real golfer swing data and artificial intelligence (more...)",Callaway
8/2/2024 10:15 am,APEX AI200 STS,Callaway Apex Ai200 Iron Set,Apex Ai200,No,Iron Set,2024,,,"<p><strong>Who&rsquo;s It For?</strong></p> <p><span style=""font-weight: 400;"">Callaway continues to dive into data driven artificial intelligence design with its Apex Ai 200 irons. The Ai 200 Irons are a hollow-body  iron that blends performance with precision in Callaway&rsquo;s most complete player&rsquo;s distance iron to date. With its Ai Smart Face delivering consistent ball speed, spin and dispersion, and its premium look and feel, the Apex Ai 200 is designed for golfers looking for irons with plenty of distance and forgiveness, but in a more compact shape.</span></p> <p> </p> <p><strong>The Tech Story</strong></p> <p><span style=""font-weight: 400;"">The new Callaway Apex Ai 200 Irons feature a premium look and feel, with a forged hollow-body combined with a forged 455 face that provides Tour-level sound and feel. This advanced construction is complemented by a stunning, premium design that captivates golfers. As Callaway's most complete player&rsquo;s distance iron, the Forged 455 Face Cup delivers outstanding power across the face, setting the Apex Ai200 apart. Incredibly consistent ball speed, spin, and dispersion are achieved through the Ai Smart Face, which utilizes real golfer swing data and artificial intelligence to generate exceptional speed and spin (more...)",Callaway
7/24/2024 1:12 pm,2024 P7CB STS,TaylorMade 2024 P7CB Iron Set,2024 P7CB,No,Iron Set,2024,,,"<p><strong>Who&rsquo;s It For?</strong></p> <p><span style=""font-weight: 400;"">TaylorMade has added a new member to its P7 family with the 2024 P7CB Irons. These irons provide everything golfers expect in a forged players iron with exceptional feel, control and consistency. These irons blend stability with workability for maximum accuracy, and are an ideal fit for consistent ball-strikers looking for an iron that&rsquo;s workable, provides the feel and control they seek, while also highly accurate and consistent. </span></p> <p><br /><br /></p> <p><strong>The Tech Story</strong></p> <p><span style=""font-weight: 400;"">The TaylorMade 2024 P7CB Irons are engineered to deliver best-in-class feel, precision, and consistency, making them ideal for discerning golfers. Using Tour feedback and modal analysis, mass placement has been meticulously designed for an unparalleled feel, enhanced by Compact Grain Forging and 2000 tons of pressure to produce the purest 1025 soft carbon steel. These irons feature a precise milled face and grooves, along with a constant center of gravity (CG), ensuring optimal launch and spin for ultimate control and precision. The P7CB Irons also incorporate optimized perimeter weighting and co-forged tungsten, achieving a perfect balance of stability and (more...)",TaylorMade
7/24/2024 10:43 am,2024 P770 STS,TaylorMade 2024 P770 Iron Set,2024 P770,No,Iron Set,2024,,,"<p><strong>Who’s It For?</strong></p>  <p><span style=""font-weight: 400;"">Building on one of its most successful iron series to date, TaylorMade’s new 2024 P770 irons come with a more solid feel than any P770 iron before. Engineered for the modern player, these irons feature a solid forged construction enhanced by advanced modal analysis, delivering the most exceptional feel in the P770 lineup. With optimal launch, spin and weight distribution, along with refined shaping, a thinner topline, and a compact head shape, the P770 Irons deliver clean visuals and improved turf interaction, making them perfect for players seeking both performance and aesthetics.</span></p>  <p><strong>The Tech Story</strong></p>  <p><span style=""font-weight: 400;"">The 2024 TaylorMade P770 Irons epitomize advanced golfing technology, designed to deliver an unparalleled feel and performance. With a solid forged construction, these irons have been meticulously tuned using modal analysis, providing a notably improved and superior feel compared to previous models. Engineered as a modern player’s iron, the P770 features TaylorMade’s FLTD CG™ technology, which, combined with a precision-milled face and grooves, ensures the ideal launch and spin characteristics that today's golfers demand. The irons boast hig(more...)",TaylorMade
7/23/2024 12:39 pm,PRODI G JR WGS,Ping Prodi G Junior Wedge,Prodi G Junior,No,Wedge,2024,,,"<p><strong>Who’s It For?</strong></p> <p><span style=""font-weight: 400;"">Introducing the new 2024 Prodi G junior clubs! These clubs feature all the advanced technology and power of PING’s renowned G series, and have been expertly refined and optimized for young golfers. Every club, from driver to putter, is meticulously crafted at PING headquarters and fully customized to your child's exact specifications. </span></p> <p> </p> <p><strong>The Tech Story</strong></p> <p><span style=""font-weight: 400;"">The 2024 PING Prodi G line, where PING’s renowned technology meets junior golfers' specific needs. The Prodi G Driver boasts a thinner Ti 6-4 face and innovative Spinsistency technology, providing faster ball speeds and greater distance. Its lower center of gravity (CG) and higher moment of inertia (MOI) ensure exceptional forgiveness, while crown turbulators, a lighter head, and a lightweight graphite shaft enhance speed in this G Series-inspired 460cc design. The 15° loft optimizes launch conditions for maximum performance. The Prodi G Irons feature a lower CG for increased ball speed and easy launch, with heel-toe weighting for forgiveness from the cast 17-4 stainless steel body. More bounce across the set improves turf interaction and solid contact, while custom-engineered lof(more...)",Ping
7/23/2024 12:24 pm,PRODI G TYNE H PUT,Ping Prodi G Tyne H Putter,Prodi G Tyne H,No,Putter,2024,,,"<p><strong>Who’s It For?</strong></p> <p><span style=""font-weight: 400;"">Introducing the new 2024 Prodi G junior clubs! These clubs feature all the advanced technology and power of PING’s renowned G series, and have been expertly refined and optimized for young golfers. Every club, from driver to putter, is meticulously crafted at PING headquarters and fully customized to your child's exact specifications. </span></p> <p> </p> <p><strong>The Tech Story</strong></p> <p><span style=""font-weight: 400;"">The 2024 PING Prodi G line, where PING’s renowned technology meets junior golfers' specific needs. The Prodi G Driver boasts a thinner Ti 6-4 face and innovative Spinsistency technology, providing faster ball speeds and greater distance. Its lower center of gravity (CG) and higher moment of inertia (MOI) ensure exceptional forgiveness, while crown turbulators, a lighter head, and a lightweight graphite shaft enhance speed in this G Series-inspired 460cc design. The 15° loft optimizes launch conditions for maximum performance. The Prodi G Irons feature a lower CG for increased ball speed and easy launch, with heel-toe weighting for forgiveness from the cast 17-4 stainless steel body. More bounce across the set improves turf interaction and solid contact, while custom-engineered lof(more...)",Ping
7/23/2024 12:20 pm,PRODI G ANSER PUT,Ping Prodi G Anser Putter,Prodi G Anser,No,Putter,2024,,,"<p><strong>Who’s It For?</strong></p> <p><span style=""font-weight: 400;"">Introducing the new 2024 Prodi G junior clubs! These clubs feature all the advanced technology and power of PING’s renowned G series, and have been expertly refined and optimized for young golfers. Every club, from driver to putter, is meticulously crafted at PING headquarters and fully customized to your child's exact specifications. </span></p> <p> </p> <p><strong>The Tech Story</strong></p> <p><span style=""font-weight: 400;"">The 2024 PING Prodi G line, where PING’s renowned technology meets junior golfers' specific needs. The Prodi G Driver boasts a thinner Ti 6-4 face and innovative Spinsistency technology, providing faster ball speeds and greater distance. Its lower center of gravity (CG) and higher moment of inertia (MOI) ensure exceptional forgiveness, while crown turbulators, a lighter head, and a lightweight graphite shaft enhance speed in this G Series-inspired 460cc design. The 15° loft optimizes launch conditions for maximum performance. The Prodi G Irons feature a lower CG for increased ball speed and easy launch, with heel-toe weighting for forgiveness from the cast 17-4 stainless steel body. More bounce across the set improves turf interaction and solid contact, while custom-engineered lof(more...)",Ping
7/23/2024 12:14 pm,PRODI G JR HYG,Ping Prodi G Junior Hybrid,Prodi G Junior,No,Hybrid,2024,,,"<p><strong>Who’s It For?</strong></p> <p><span style=""font-weight: 400;"">Introducing the new 2024 Prodi G junior clubs! These clubs feature all the advanced technology and power of PING’s renowned G series, and have been expertly refined and optimized for young golfers. Every club, from driver to putter, is meticulously crafted at PING headquarters and fully customized to your child's exact specifications. </span></p> <p> </p> <p><strong>The Tech Story</strong></p> <p><span style=""font-weight: 400;"">The 2024 PING Prodi G line, where PING’s renowned technology meets junior golfers' specific needs. The Prodi G Driver boasts a thinner Ti 6-4 face and innovative Spinsistency technology, providing faster ball speeds and greater distance. Its lower center of gravity (CG) and higher moment of inertia (MOI) ensure exceptional forgiveness, while crown turbulators, a lighter head, and a lightweight graphite shaft enhance speed in this G Series-inspired 460cc design. The 15° loft optimizes launch conditions for maximum performance. The Prodi G Irons feature a lower CG for increased ball speed and easy launch, with heel-toe weighting for forgiveness from the cast 17-4 stainless steel body. More bounce across the set improves turf interaction and solid contact, while custom-engineered lof(more...)",Ping
7/23/2024 12:09 pm,PRODI G JR FWG,Ping Prodi G Junior Fairway Wood,Prodi G Junior,No,Fairway Wood,2024,,,"<p><strong>Who’s It For?</strong></p> <p><span style=""font-weight: 400;"">Introducing the new 2024 Prodi G junior clubs! These clubs feature all the advanced technology and power of PING’s renowned G series, and have been expertly refined and optimized for young golfers. Every club, from driver to putter, is meticulously crafted at PING headquarters and fully customized to your child's exact specifications. </span></p> <p> </p> <p><strong>The Tech Story</strong></p> <p><span style=""font-weight: 400;"">The 2024 PING Prodi G line, where PING’s renowned technology meets junior golfers' specific needs. The Prodi G Driver boasts a thinner Ti 6-4 face and innovative Spinsistency technology, providing faster ball speeds and greater distance. Its lower center of gravity (CG) and higher moment of inertia (MOI) ensure exceptional forgiveness, while crown turbulators, a lighter head, and a lightweight graphite shaft enhance speed in this G Series-inspired 460cc design. The 15° loft optimizes launch conditions for maximum performance. The Prodi G Irons feature a lower CG for increased ball speed and easy launch, with heel-toe weighting for forgiveness from the cast 17-4 stainless steel body. More bounce across the set improves turf interaction and solid contact, while custom-engineered lof(more...)",Ping
7/23/2024 12:04 pm,PRODI G JR DVR,Ping Prodi G Junior Driver,Prodi G Junior,No,Driver,2024,,,"<p><strong>Who’s It For?</strong></p> <p><span style=""font-weight: 400;"">Introducing the new 2024 Prodi G junior clubs! These clubs feature all the advanced technology and power of PING’s renowned G series, and have been expertly refined and optimized for young golfers. Every club, from driver to putter, is meticulously crafted at PING headquarters and fully customized to your child's exact specifications. </span></p> <p> </p> <p><strong>The Tech Story</strong></p> <p><span style=""font-weight: 400;"">The 2024 PING Prodi G line, where PING’s renowned technology meets junior golfers' specific needs. The Prodi G Driver boasts a thinner Ti 6-4 face and innovative Spinsistency technology, providing faster ball speeds and greater distance. Its lower center of gravity (CG) and higher moment of inertia (MOI) ensure exceptional forgiveness, while crown turbulators, a lighter head, and a lightweight graphite shaft enhance speed in this G Series-inspired 460cc design. The 15° loft optimizes launch conditions for maximum performance. The Prodi G Irons feature a lower CG for increased ball speed and easy launch, with heel-toe weighting for forgiveness from the cast 17-4 stainless steel body. More bounce across the set improves turf interaction and solid contact, while custom-engineered lof(more...)",Ping
6/21/2024 11:35 am,VENTUS RED VELO PL DST,Fujikura Ventus Red Velocore+ Driver Shaft,Ventus Red Velocore+,No,Driver Shaft,2024,,,"<p><strong>Who&rsquo;s It For?</strong></p> <p><span style=""font-weight: 400;"">An enhanced technology platform and advanced design techniques have created the perfect evolution of one of the winningest and highest performance shafts in Fujikura history. Fujikura&rsquo;s new VENTUS line featuring VeloCore+ now includes 3 launch profiles to fine tune player performance. 2024 VENTUS shafts feature technological advancements that improve speed, distance, and accuracy for golfers of all abilities and skill levels.</span></p> <p><br /><br /></p> <p><strong>The Tech Story</strong></p> <p><span style=""font-weight: 400;"">Introducing the next generation of Fujikura Ventus&rsquo; revolutionary proprietary key technology, VeloCore+. This advanced multi-material bias core construction technique not only improves upon the original blend of Pitch 70 and 40 Ton materials but also integrates a new premium material to deliver even tighter dispersion and increased ball speeds. VeloCore+ builds on the advantages of the original VeloCore design, further enhancing performance by reinforcing and refining the overall structure.</span></p><p><strong>Get Fit</strong></p> <p>2nd Swing offers award-winning club fitting services at each of our store locations and through the 2nd Swing Online Fitting and(more...)",Fujikura
6/21/2024 11:34 am,VENTUS BLACK VELO PL DST,Fujikura Ventus Black Velocore+ Driver Shaft,Ventus Black Velocore+,No,Driver Shaft,2024,,,"<p><strong>Who&rsquo;s It For?</strong></p> <p><span style=""font-weight: 400;"">An enhanced technology platform and advanced design techniques have created the perfect evolution of one of the winningest and highest performance shafts in Fujikura history. Fujikura&rsquo;s new VENTUS line featuring VeloCore+ now includes 3 launch profiles to fine tune player performance. 2024 VENTUS shafts feature technological advancements that improve speed, distance, and accuracy for golfers of all abilities and skill levels.</span></p> <p><br /><br /></p> <p><strong>The Tech Story</strong></p> <p><span style=""font-weight: 400;"">Introducing the next generation of Fujikura Ventus&rsquo; revolutionary proprietary key technology, VeloCore+. This advanced multi-material bias core construction technique not only improves upon the original blend of Pitch 70 and 40 Ton materials but also integrates a new premium material to deliver even tighter dispersion and increased ball speeds. VeloCore+ builds on the advantages of the original VeloCore design, further enhancing performance by reinforcing and refining the overall structure.</span></p><p><strong>Get Fit</strong></p> <p>2nd Swing offers award-winning club fitting services at each of our store locations and through the 2nd Swing Online Fitting and(more...)",Fujikura
6/20/2024 12:20 pm,MODEL RB UT HYG,Wilson Staff Model RB Utility Utility Iron,Model RB Utility,No,Utility Iron,2024,,,"<h2>Wilson Staff Model RB Utility Iron:  Power and Precision for Your Long Game</h2>  <p>The Wilson Staff Model RB Utility Iron seamlessly blends the distance and forgiveness of a hybrid with the control and precision of an iron.  Engineered for discerning golfers seeking a versatile long game weapon, the RB Utility delivers confidence-inspiring performance from the tee, fairway, or rough.</p>  <h3>High-Strength Performance:</h3>  <ul>   <li><strong>C300 Maraging Steel Face:</strong>  The high-strength C300 maraging steel face delivers explosive ball speeds for exceptional distance, while maintaining a soft, forged-like feel for enhanced feedback and control.</li>   <li><strong>Hollow Body Construction:</strong>  The hollow body design redistributes weight to the perimeter, increasing the Moment of Inertia (MOI) for enhanced forgiveness on off-center hits.</li> </ul>  <h3>Tour-Inspired Design:</h3>  <ul>   <li><strong>Sleek Profile:</strong>  The RB Utility features a confidence-inspiring profile at address with a thinner topline and minimal offset, preferred by better players.</li>   <li><strong>Versatile Sole:</strong>  The optimized sole design ensures smooth turf interaction, preventing digging and promoting consistent contact, even on less-than-perfect lies.</(more...)",Wilson Staff
5/30/2024 9:03 am,SPIDER TOUR X L PUT,TaylorMade Spider Tour X L Neck Putter,Spider Tour X L Neck,No,Putter,2024,,,"<p><strong>Who&rsquo;s It For?</strong></p> <p> </p> <p><span style=""font-weight: 400;"">Putt like Scottie Scheffler by using the same putter as he does with the Spider Tour X L-Neck putter. Over the last couple of decades, TaylorMade Spider putters have spearheaded a revolution in putter design and construction. Sure, there&rsquo;s still a large contingent of golfers that prefer a traditional blade-style putter, but the percentage of golfers playing a high-MOI mallet-style putter continues to grow, and much of that movement can be attributed to the many iterations of TaylorMade Spider putters. Scheffler recently made the switch to a Spider Tour X mallet, opting for the L-Neck putter, which has slight toe hang, ideally suited for golfers with a slight arc in their putting stroke.</span></p> <p> </p> <p><strong>The Tech Story</strong></p> <p> </p> <p><span style=""font-weight: 400;"">The TaylorMade Spider Tour Series putters include a number of technologies ultimately created to deliver exceptional forgiveness and stability. A new Thin Wall Undercut Construction removes excess weight to further improve MOI, while a Steel Wireframe allows engineers to better control weight distribution and the center of gravity location. Meanwhile, TSS weights provide balanced wei(more...)",TaylorMade
5/15/2024 1:12 pm,POWER RANGE DST,TPT Golf Power Range Driver Shaft,Power Range,No,Driver Shaft,2024,,,"<p><strong>Who’s It For?</strong></p>  <p><span style=""font-weight: 400;"">The TPT Golf Power Range Driver Shaft is designed for golfers seeking exceptional stability and consistency in their game. Engineered to deliver high launch with low spin for maximum carry, it suits virtually any swing type. Its advanced manufacturing process ensures a perfectly balanced shaft, giving players optimal control and precision. Ideal for those taking their first step into TPT technology, this shaft offers high stability and performance for golfers who value accuracy and dependable results.</span></p>  <p><strong>The Tech Story</strong></p>  <p><span style=""font-weight: 400;""> The TPT Golf Power Range Driver Shaft is built on Thin Ply Technology (TPT), an advanced process that uses ultra-thin graphite fiber plies—twice as thin as traditional graphite—to create a more uniform and precise structure, much like sharpening an image’s resolution. Originally developed for high-performance industries such as aerospace, motorsport, and elite sail racing, this technology delivers immediate feedback and enhanced club head awareness, allowing golfers to swing with confidence while the shaft maintains consistent strike locations. TPT’s breakthrough lies in its automated, spine-free design, achieved by perf(more...)",TPT Golf
5/7/2024 8:46 am,LIMIT3D STS,Cobra LIMIT3D Iron Set,LIMIT3D,No,Iron Set,2024,,,"<h2>Cobra LIMIT3D Irons: Redefining the Limits of Iron Performance</h2>  <p>Experience the future of golf club engineering with the Cobra LIMIT3D irons, the world's first 3D printed iron set.  This groundbreaking innovation pushes the boundaries of traditional manufacturing to deliver an unparalleled combination of precision, feel, and forgiveness.</p>  <h3>3D Printing Revolution:</h3>  <ul>   <li><strong>Unprecedented Design Freedom:</strong> 3D printing allows for intricate internal lattice structures that are impossible to achieve with traditional forging or casting. This unlocks a new level of design freedom, optimizing weight distribution for maximum performance.</li>   <li><strong>Ultimate Feel:</strong> The 3D printed 17-4 stainless steel construction delivers a remarkably soft and satisfying feel at impact, rivaling that of forged blades.</li> </ul>  <h3>Performance Unleashed:</h3>  <ul>   <li><strong>Extreme Forgiveness:</strong> The complex internal structure allows for significant weight savings, which are redistributed to the perimeter of the clubhead. This increases MOI for exceptional forgiveness on off-center hits, ensuring consistent results even on mishits.</li>   <li><strong>Enhanced Launch and Distance:</strong>  The optimized weight distribution(more...)",Cobra
5/6/2024 3:09 pm,38 TS ER8 PUT,Evnroll 38 Tour Spec ER8 Satin Putter,38 Tour Spec ER8 Satin,No,Putter,2024,,,"<p><strong>Who’s It For?</strong></p>  <p><span style=""font-weight: 400;"">The Evnroll 38 Tour Spec ER8 Satin Putter is the ideal choice for golfers seeking maximum forgiveness and consistency on the greens. Its wider mallet design with a unique wing shape provides exceptional stability and resistance to twisting on off-center hits. Its refined design, featuring a deep, three-section rear cavity and a thin topline, provides a clean and sophisticated aesthetic.  Overall, the ER8 Satin is a top-tier choice for golfers who demand the highest level of performance and appreciate a blend of stability, feel, and visual appeal.</span></p>  <p><strong>The Tech Story</strong></p>  <p><span style=""font-weight: 400;"">Evnroll 38 Tour Spec putters are designed to elevate your putting game with unmatched precision and stability. These meticulously crafted putters utilize revolutionary Sweet Face Technology, which ensures consistent distance control and minimizes the impact of mishits by imparting progressively greater energy transfer on off-center hits. The counterbalanced design, featuring a 38"" length and heavier head, promotes a smoother and more stable stroke, enhancing consistency and reducing unwanted movement. With a selection of classic blade and mallet designs, each featuring refined(more...)",Evnroll
5/6/2024 3:07 pm,38 TS ER5 PUT,Evnroll 38 Tour Spec ER5 Satin Putter,38 Tour Spec ER5 Satin,No,Putter,2024,,,"<p><strong>Who’s It For?</strong></p>  <p><span style=""font-weight: 400;"">The Evnroll 38 Tour Spec ER5 Satin Putter is a sleek and refined mallet designed for golfers who value precision, consistency, and a touch of elegance on the greens. It offers a balanced feel with a subtle toe hang, making it suitable for those with a slight arc in their stroke. The gently radiused topline and precise directional milling in the cavity create a visually appealing and confidence-inspiring look at address. Ultimately, the ER5 Satin is a great choice for golfers who desire the forgiveness of a mallet with a touch of toe hang to accommodate a slight arc in their stroke, all while enjoying a sophisticated design with exceptional feel and performance.</span></p>  <p><strong>The Tech Story</strong></p>  <p><span style=""font-weight: 400;"">Evnroll 38 Tour Spec putters are designed to elevate your putting game with unmatched precision and stability. These meticulously crafted putters utilize revolutionary Sweet Face Technology, which ensures consistent distance control and minimizes the impact of mishits by imparting progressively greater energy transfer on off-center hits. The counterbalanced design, featuring a 38"" length and heavier head, promotes a smoother and more stable stroke, enhancing con(more...)",Evnroll
5/6/2024 3:04 pm,38 TS ER2 PUT,Evnroll 38 Tour Spec ER2 Satin Putter,38 Tour Spec ER2 Satin,No,Putter,2024,,,"<p><strong>Who’s It For?</strong></p>  <p><span style=""font-weight: 400;"">The Evnroll 38 Tour Spec ER2 Satin Putter is a classic blade designed for golfers who appreciate a traditional look and feel without sacrificing cutting-edge performance. This putter is perfect for those who prefer a slight arc in their putting stroke, thanks to its design that promotes a more flowing motion. The shorter yet wider blade design, complemented by a longer sightline, creates a clean and classic aesthetic. Overall, the ER2 Satin is an excellent choice for golfers who value the feedback and control of a blade putter while benefiting from the stability and consistency of a longer, heavier design.</span></p>  <p><strong>The Tech Story</strong></p>  <p><span style=""font-weight: 400;"">Evnroll 38 Tour Spec putters are designed to elevate your putting game with unmatched precision and stability. These meticulously crafted putters utilize revolutionary Sweet Face Technology, which ensures consistent distance control and minimizes the impact of mishits by imparting progressively greater energy transfer on off-center hits. The counterbalanced design, featuring a 38"" length and heavier head, promotes a smoother and more stable stroke, enhancing consistency and reducing unwanted movement. With a selectio(more...)",Evnroll
5/1/2024 2:02 pm,S SEL SB2 LONG PUT,Titleist Scotty Cameron Super Select Squareback 2 Long Putter,Super Select Squareback 2 Long,No,Putter,2024,,,"<p><strong>Who&rsquo;s It For?</strong></p>  <p><span style=""font-weight: 400;"">The Long Design Squareback 2 putter from Scotty Cameron is tailored for golfers seeking ultimate stability and precision on the green. Crafted with meticulous attention to detail, this putter is ideal for players who prioritize a smooth, controlled putting stroke. With its solid milled face, integrated aluminum sole plate, and strategically positioned tungsten weights, the Squareback 2 offers exceptional Moment of Inertia (MOI), making it perfect for golfers looking to improve their consistency and confidence on the putting surface.</span></p>  <p> </p>  <p><strong>The Tech Story</strong></p>  <p><span style=""font-weight: 400;"">The Super Select Squareback 2 Long Design emerges as a true game-changer. Boasting a solid milled face and an integrated 6061 aluminum sole plate, it's engineered to optimize Moment of Inertia (MOI) by strategically distributing weight across the heel, toe, and perimeter. This powerhouse features dual 25-gram tungsten sole weights, coupled with a longer, heavier 17-inch pistol-style grip and a custom-designed stiffer shaft, all aimed at enhancing stability and control. Designed to quiet the player's hands and engage the shoulders, it promises smoother strokes and heightened(more...)",Titleist Scotty Cameron
3/29/2024 10:32 am,IC-602 STS,Miura IC-602 Iron Set,IC-602,No,Iron Set,2024,,,"<h2>Miura IC-602 Iron Set: Where Distance Meets Artistry</h2>  <p>The Miura IC-602 Iron Set embodies the legendary craftsmanship and performance that Miura Golf is renowned for. These meticulously engineered irons combine a classic design with modern technology to deliver exceptional distance, forgiveness, and feel for golfers of all skill levels.</p>  <h3>Unleash Your Potential:</h3>  <ul>   <li><strong>Hollow Body Construction:</strong> The IC-602 features a hollow body construction that maximizes face flex for increased ball speed and distance. Unlike typical hollow-bodied irons, the IC-602 maintains a solid feel and sound at impact, providing exceptional feedback and control.</li>   <li><strong>Premium Materials:</strong> Crafted with a premium S35C Carbon Steel face for unmatched responsiveness and feel. The body is constructed from a combination of 8620 Soft Steel and strategically placed tungsten weights for optimal launch angles and forgiveness.</li>   <li><strong>Miura Versatile Sole (MVS):</strong> The innovative MVS sole design ensures optimal turf interaction and launch conditions from any lie. Experience consistent performance and effortless contact, whether you're hitting from the fairway or the rough.</li> </ul>  <h3>Precision Engineering:</h3>  <ul> (more...)",Miura
3/27/2024 9:46 am,MB24 STS,Bettinardi MB24 Iron Set,MB24,No,Iron Set,2024,,,"<p><strong>Who&rsquo;s It For?</strong></p>  <p><span style=""font-weight: 400;"">Bettinardi's commitment to innovation and craftsmanship remains steadfast. Their 2024 irons are the culmination of over 30 years of expertise in metal machining and a quarter-century of dedication to the game of golf. Using their proprietary One Piece Forging Technology, these seamlessly co-forged irons employ a tri-material construction to individually optimize the center of gravity (COG) across the set, delivering maximum forgiveness, tight dispersion, and consistent gapping. The Bettinardi MB24 Irons are a traditional muscle back blade iron and are best suited for low-handicap players that are seeking consistency and workability in an iron.</span></p>  <p> </p>  <p><strong>The Tech Story</strong></p>  <p><span style=""font-weight: 400;"">The Bettinardi 2024 Irons showcase advanced technology, starting with the One Piece Co-Forged Solid Body. This unique engineering technique seamlessly co-forges interior components within a 1025 Carbon Steel chassis, creating a solid-body iron that offers a remarkable feel and responsive feedback for the player. The tri-material construction combines high-density Tungsten and Military-Grade Ceramic Matrix Composite (CMC) within the forged Carbon Steel body, resul(more...)",Bettinardi
3/26/2024 3:54 pm,CB24 STS,Bettinardi CB24 Iron Set,CB24,No,Iron Set,2024,,,"<p><strong>Who&rsquo;s It For?</strong></p>  <p><span style=""font-weight: 400;"">Bettinardi's commitment to innovation and craftsmanship remains steadfast. Their 2024 irons are the culmination of over 30 years of expertise in metal machining and a quarter-century of dedication to the game of golf. Using their proprietary One Piece Forging Technology, these seamlessly co-forged irons employ a tri-material construction to individually optimize the center of gravity (COG) across the set, delivering maximum forgiveness, tight dispersion, and consistent gapping. The Bettinardi CB24 irons are a versatile player&rsquo;s distance iron suited for a wide range of golfers that prefer a compact look, with more forgiveness and distance than a traditional blade.  </span></p>  <p> </p>  <p><strong>The Tech Story</strong></p>  <p><span style=""font-weight: 400;"">The Bettinardi 2024 Irons showcase advanced technology, starting with the One Piece Co-Forged Solid Body. This unique engineering technique seamlessly co-forges interior components within a 1025 Carbon Steel chassis, creating a solid-body iron that offers a remarkable feel and responsive feedback for the player. The tri-material construction combines high-density Tungsten and Military-Grade Ceramic Matrix Composite (CMC) within the for(more...)",Bettinardi
3/20/2024 10:46 am,P-DHY HYG,TaylorMade P-DHY Utility Iron,P-DHY,No,Utility Iron,2024,,,"<p><strong>Who&rsquo;s It For?</strong></p>  <p><span style=""font-weight: 400;"">Attack greens from distance with the &ldquo;Beautiful Flight&rdquo; of the TaylorMade P-DHY Utility Iron. Designed for golfers of all skill levels, the TaylorMade P-DHY gives players more versatility with their preferred flight, and added launch, providing maximum performance at the top end of their bag.</span></p>  <p> </p>  <p><strong>The Tech Story</strong></p>  <p><span style=""font-weight: 400;"">The TaylorMade P-DHY Utility Iron redefines long iron performance with its innovative technology and design. Its shallower face height, increased sole width, and longer blade length combine to create a remarkably forgiving and versatile club, perfect for players seeking consistency and control. Engineered with a low CG, this iron delivers  mid-high launch and mid-range spin, optimizing trajectory and distance. Through Individual Mass Optimization, the P-DHY incorporates advanced thick-thin back wall construction and a sound stabilization bar, strategically distributing mass to maximize forgiveness and provide a premium forged feel. Furthermore, its internal weighting structure, including technologies like the forged 4140 OptiFace and Speed Pocket&trade;, along with up to 26g of tungsten, ensures optima(more...)",TaylorMade
3/20/2024 10:40 am,P-UDI UIRON,TaylorMade P-UDI Utility Iron,P-UDI,No,Utility Iron,2024,,,"<p><strong>Who&rsquo;s It For?</strong></p>  <p><span style=""font-weight: 400;"">Attack greens from distance with the &ldquo;Beautiful Flight&rdquo; of the TaylorMade P-UDI Utility Iron. Designed for golfers of all skill levels, the TaylorMade P-UDI gives players more versatility with their preferred flight, providing maximum performance at the top end of their bag.</span></p>  <p> </p>  <p><strong>The Tech Story</strong></p>  <p><span style=""font-weight: 400;"">The TaylorMade P-UDI sets a new standard in long iron performance. Its tour-inspired shaping ensures a balanced and playable appearance at address, instilling confidence in players of all levels. Crafted with strategically positioned CG, this club produces a penetrating ball flight with optimal backspin, providing players with distance and stopping power. Thanks to its Individual Mass Optimization, each iron is designed with advanced thick-thin back wall construction and a sound stabilization bar, ensuring maximum forgiveness and a premium forged feel. Furthermore, its optimal launch and forgiveness are achieved through a combination of internal weighting structure, forged 4140 OptiFace, Speed Pocket&trade;, and up to 26g of tungsten, providing easy launch, increased forgiveness, and enhanced consistency. The Thru-Slot (more...)",TaylorMade
3/15/2024 9:18 am,DF3 PUT,L.A.B. Golf DF3 Putter,DF3,No,Putter,2024,,,"<p><strong>Who’s It For?</strong></p>  <p><span style=""font-weight: 400;"">L.A.B. Golf’s newest release the DF3 has incorporated everything golfers loved about the original Lie Angle Balanced Directed Force, but now comes in a smaller, sleeker, though similar design to the L.A.B. putter that started it all. It still stays square by itself and is irrationally forgiving on mishits, but now suits more golfers thanks to a more visually appealing, less bulky design.</span></p>  <p><strong>The Tech Story</strong></p>  <p><span style=""font-weight: 400;"">The L.A.B. Golf DF3 embodies the pinnacle of putting technology, integrating advanced features to redefine precision on the greens. At its core lies the groundbreaking Lie Angle Balance technology, which strategically redistributes weight towards the rear of the putter head, minimizing torque and promoting a smoother, more stable putting stroke. This innovative design enhances consistency and accuracy, enabling golfers to achieve optimal roll characteristics with every putt. The DF3 boasts a smaller, sleeker body design compared to its predecessor, while still enhancing forgiveness and performance on off-center strikes. Its re-engineered shaft attachment system offers increased adjustability, allowing golfers to tailor their setup to s(more...)",L.A.B. Golf
3/13/2024 3:00 pm,RESERVE 4S NC CONTRAST PUT,Never Compromise Reserve 4S NC Contrast Putter,Reserve 4S NC Contrast,No,Putter,2024,,,"<p><strong>Who’s It For?</strong></p>  <p><span style=""font-weight: 400;"">The Never Compromise Reserve 4S NC Contrast Putter is an excellent option for golfers who want the forgiveness of a high-MOI mallet but prefer a slight arc in their putting stroke. This putter combines a winged mallet design, which provides exceptional stability and forgiveness, with a slant neck hosel that encourages a smooth arcing motion. The Reserve 4S also features a simple alignment line to aid in aiming and a NC Contrast finish that minimizes distractions. This makes it ideal for players who don't have a perfectly straight back-and-through stroke.</span></p>  <p><strong>The Tech Story</strong></p>  <p><span style=""font-weight: 400;"">Never Compromise Reserve Putters are engineered for the discerning golfer seeking peak performance on the green. Each putter head is meticulously crafted using 100% CNC milling from soft 303 stainless steel, ensuring exceptional quality and consistent performance across all models.  Beyond precision milling, these putters feature length-tuned weighting, carefully balancing each club for optimal feel and consistency at any shaft length. This creates a harmonious feel and enhances the overall putting experience.  With a variety of toe hang and face-balanced options, Neve(more...)",Never Compromise
3/13/2024 2:44 pm,RESERVE 4 NC CONTRAST PUT,Never Compromise Reserve 4 NC Contrast Putter,Reserve 4 NC Contrast,No,Putter,2024,,,"<p><strong>Who’s It For?</strong></p>  <p><span style=""font-weight: 400;"">The Never Compromise Reserve 4 NC Contrast Putter is the perfect choice for golfers who prioritize forgiveness and consistency on the greens. Its winged mallet design offers exceptional stability and a high MOI, making it incredibly forgiving on off-center hits. The contrasting alignment system provides a clear visual guide to help golfers aim accurately, while the NC Contrast finish minimizes distractions. This putter is specifically designed for golfers with a straight-back-straight-through putting stroke, as its single bend hosel promotes a face-balanced setup.</span></p>  <p><strong>The Tech Story</strong></p>  <p><span style=""font-weight: 400;"">Never Compromise Reserve Putters are engineered for the discerning golfer seeking peak performance on the green. Each putter head is meticulously crafted using 100% CNC milling from soft 303 stainless steel, ensuring exceptional quality and consistent performance across all models.  Beyond precision milling, these putters feature length-tuned weighting, carefully balancing each club for optimal feel and consistency at any shaft length. This creates a harmonious feel and enhances the overall putting experience.  With a variety of toe hang and face-balanced opt(more...)",Never Compromise
3/13/2024 2:36 pm,RESERVE 3 NC CONTRAST PUT,Never Compromise Reserve 3 NC Contrast Putter,Reserve 3 NC Contrast,No,Putter,2024,,,"<p><strong>Who’s It For?</strong></p>  <p><span style=""font-weight: 400;"">The Never Compromise Reserve 3 NC Contrast Putter is a compelling choice for golfers seeking the forgiveness of a mallet with a more compact and refined shape. This putter provides the stability you'd expect from a mallet but in a design that maintains a clean and classic look at address. With its simple alignment line and glare-reducing NC Contrast finish, the Reserve 3 emphasizes feel and control, making it a great option for players who appreciate a balance of modern performance and traditional aesthetics. Its slant neck hosel is ideal for golfers with a slight arc in their putting stroke, promoting a smooth and consistent motion.</span></p>  <p><strong>The Tech Story</strong></p>  <p><span style=""font-weight: 400;"">Never Compromise Reserve Putters are engineered for the discerning golfer seeking peak performance on the green. Each putter head is meticulously crafted using 100% CNC milling from soft 303 stainless steel, ensuring exceptional quality and consistent performance across all models.  Beyond precision milling, these putters feature length-tuned weighting, carefully balancing each club for optimal feel and consistency at any shaft length. This creates a harmonious feel and enhances the overal(more...)",Never Compromise
3/13/2024 1:55 pm,RESERVE 2 NC CONTRAST PUT,Never Compromise Reserve 2 NC Contrast Putter,Reserve 2 NC Contrast,No,Putter,2024,,,"<p><strong>Who’s It For?</strong></p>  <p><span style=""font-weight: 400;"">The Never Compromise Reserve 2 NC Contrast Putter is a great choice for golfers who appreciate the classic look and feel of a blade putter but desire a bit more forgiveness. Its slightly larger blade design provides a confidence-inspiring look at address while still maintaining the traditional aesthetics that many golfers prefer. The single bend hosel creates a face-balanced design, making this putter ideal for those with a straight-back-straight-through putting stroke. Featuring a simple alignment line and a glare-reducing NC Contrast finish, the Reserve 2 prioritizes feel and control, making it a perfect fit for golfers who value a clean look and a pure roll.</span></p>  <p><strong>The Tech Story</strong></p>  <p><span style=""font-weight: 400;"">Never Compromise Reserve Putters are engineered for the discerning golfer seeking peak performance on the green. Each putter head is meticulously crafted using 100% CNC milling from soft 303 stainless steel, ensuring exceptional quality and consistent performance across all models.  Beyond precision milling, these putters feature length-tuned weighting, carefully balancing each club for optimal feel and consistency at any shaft length. This creates a harmonious (more...)",Never Compromise
3/13/2024 1:26 pm,RESERVE 1 NC CONTRAST PUT,Never Compromise Reserve 1 NC Contrast Putter,Reserve 1 NC Contrast,No,Putter,2024,,,"<p><strong>Who’s It For?</strong></p>  <p><span style=""font-weight: 400;"">The Never Compromise Reserve 1 NC Contrast Putter is a classic blade designed for golfers who appreciate a traditional look and feel on the green. Crafted from 303 stainless steel, it delivers a soft feel and consistent roll, while the two toned NC Contrast finish minimizes glare and distractions, while aiding in alignment. This putter prioritizes feel and control, making it a great choice for golfers seeking a timeless design with a modern touch. It's especially well-suited for those with a slight arc in their putting stroke.</span></p>  <p><strong>The Tech Story</strong></p>  <p><span style=""font-weight: 400;"">Never Compromise Reserve Putters are engineered for the discerning golfer seeking peak performance on the green. Each putter head is meticulously crafted using 100% CNC milling from soft 303 stainless steel, ensuring exceptional quality and consistent performance across all models.  Beyond precision milling, these putters feature length-tuned weighting, carefully balancing each club for optimal feel and consistency at any shaft length. This creates a harmonious feel and enhances the overall putting experience.  With a variety of toe hang and face-balanced options, Never Compromise Reserve offers (more...)",Never Compromise
3/13/2024 12:42 pm,RESERVE 4S TOUR SATIN PUT,Never Compromise Reserve 4S Tour Satin Putter,Reserve 4S Tour Satin,No,Putter,2024,,,"<p><strong>Who’s It For?</strong></p>  <p><span style=""font-weight: 400;"">The Never Compromise Reserve 4S Tour Satin Putter is an excellent option for golfers who want the forgiveness of a high-MOI mallet but prefer a slight arc in their putting stroke. This putter combines a winged mallet design, which provides exceptional stability and forgiveness, with a slant neck hosel that encourages a smooth arcing motion. The Reserve 4S also features a simple alignment line to aid in aiming and a classic tour satin finish that minimizes distractions. This makes it ideal for players who don't have a perfectly straight back-and-through stroke.</span></p>  <p><strong>The Tech Story</strong></p>  <p><span style=""font-weight: 400;"">Never Compromise Reserve Putters are engineered for the discerning golfer seeking peak performance on the green. Each putter head is meticulously crafted using 100% CNC milling from soft 303 stainless steel, ensuring exceptional quality and consistent performance across all models.  Beyond precision milling, these putters feature length-tuned weighting, carefully balancing each club for optimal feel and consistency at any shaft length. This creates a harmonious feel and enhances the overall putting experience.  With a variety of toe hang and face-balanced options(more...)",Never Compromise
3/13/2024 12:32 pm,RESERVE 4 TOUR SATIN PUT,Never Compromise Reserve 4 Tour Satin Putter,Reserve 4 Tour Satin,No,Putter,2024,,,"<p><strong>Who’s It For?</strong></p>  <p><span style=""font-weight: 400;"">The Never Compromise Reserve 4 Tour Satin Putter is the perfect choice for golfers who prioritize forgiveness and consistency on the greens.  Its winged mallet design offers exceptional stability and a high MOI, making it incredibly forgiving on off-center hits. The contrasting alignment system provides a clear visual guide to help golfers aim accurately, while the classic tour satin finish minimizes distractions. This putter is specifically designed for golfers with a straight-back-straight-through putting stroke, as its single bend hosel promotes a face-balanced setup.</span></p>  <p><strong>The Tech Story</strong></p>  <p><span style=""font-weight: 400;"">Never Compromise Reserve Putters are engineered for the discerning golfer seeking peak performance on the green. Each putter head is meticulously crafted using 100% CNC milling from soft 303 stainless steel, ensuring exceptional quality and consistent performance across all models.  Beyond precision milling, these putters feature length-tuned weighting, carefully balancing each club for optimal feel and consistency at any shaft length. This creates a harmonious feel and enhances the overall putting experience.  With a variety of toe hang and face-balan(more...)",Never Compromise
3/13/2024 12:24 pm,RESERVE 3 TOUR SATIN PUT,Never Compromise Reserve 3 Tour Satin Putter,Reserve 3 Tour Satin,No,Putter,2024,,,"<p><strong>Who’s It For?</strong></p>  <p><span style=""font-weight: 400;"">The Never Compromise Reserve 3 Tour Satin Putter is a compelling choice for golfers seeking the forgiveness of a mallet with a more compact and refined shape. This putter provides the stability you'd expect from a mallet but in a design that maintains a clean and classic look at address. With its simple alignment line and glare-reducing tour satin finish, the Reserve 3 emphasizes feel and control, making it a great option for players who appreciate a balance of modern performance and traditional aesthetics. Its slant neck hosel is ideal for golfers with a slight arc in their putting stroke, promoting a smooth and consistent motion.</span></p>  <p><strong>The Tech Story</strong></p>  <p><span style=""font-weight: 400;"">Never Compromise Reserve Putters are engineered for the discerning golfer seeking peak performance on the green. Each putter head is meticulously crafted using 100% CNC milling from soft 303 stainless steel, ensuring exceptional quality and consistent performance across all models.  Beyond precision milling, these putters feature length-tuned weighting, carefully balancing each club for optimal feel and consistency at any shaft length. This creates a harmonious feel and enhances the overall (more...)",Never Compromise
3/13/2024 11:12 am,RESERVE 2 TOUR SATIN PUT,Never Compromise Reserve 2 Tour Satin Putter,Reserve 2 Tour Satin,No,Putter,2024,,,"<p><strong>Who’s It For?</strong></p>  <p><span style=""font-weight: 400;"">The Never Compromise Reserve 2 Tour Satin Putter is a great choice for golfers who appreciate the classic look and feel of a blade putter but desire a bit more forgiveness. Its slightly larger blade design provides a confidence-inspiring look at address while still maintaining the traditional aesthetics that many golfers prefer. The single bend hosel creates a face-balanced design, making this putter ideal for those with a straight-back-straight-through putting stroke. Featuring a simple alignment line and a glare-reducing tour satin finish, the Reserve 2 prioritizes feel and control, making it a perfect fit for golfers who value a clean look and a pure roll.</span></p>  <p><strong>The Tech Story</strong></p>  <p><span style=""font-weight: 400;"">Never Compromise Reserve Putters are engineered for the discerning golfer seeking peak performance on the green. Each putter head is meticulously crafted using 100% CNC milling from soft 303 stainless steel, ensuring exceptional quality and consistent performance across all models.  Beyond precision milling, these putters feature length-tuned weighting, carefully balancing each club for optimal feel and consistency at any shaft length. This creates a harmonious fe(more...)",Never Compromise
3/13/2024 11:04 am,RESERVE 1 TOUR SATIN PUT,Never Compromise Reserve 1 Tour Satin Putter,Reserve 1 Tour Satin,No,Putter,2024,,,"<p><strong>Who’s It For?</strong></p>  <p><span style=""font-weight: 400;"">The Never Compromise Reserve 1 Tour Satin Putter is a classic blade designed for golfers who appreciate a traditional look and feel on the green. Crafted from 303 stainless steel, it delivers a soft feel and consistent roll, while the tour satin finish minimizes glare and distractions. With a simple alignment line to aid in aiming, this putter prioritizes feel and control, making it a great choice for golfers seeking a timeless design with a modern touch. It's especially well-suited for those with a slight arc in their putting stroke.</span></p>  <p><strong>The Tech Story</strong></p>  <p><span style=""font-weight: 400;"">Never Compromise Reserve Putters are engineered for the discerning golfer seeking peak performance on the green. Each putter head is meticulously crafted using 100% CNC milling from soft 303 stainless steel, ensuring exceptional quality and consistent performance across all models.  Beyond precision milling, these putters feature length-tuned weighting, carefully balancing each club for optimal feel and consistency at any shaft length. This creates a harmonious feel and enhances the overall putting experience.  With a variety of toe hang and face-balanced options, Never Compromise Reserve(more...)",Never Compromise
2/28/2024 12:31 pm,VENTUS BLUE VELOCORE PL DST,Fujikura Ventus Blue Velocore+ Driver Shaft,Ventus Blue Velocore+,No,Driver Shaft,2024,,,"<p><strong>Who’s It For?</strong></p> <p><span style=""font-weight: 400;"">An enhanced technology platform and advanced design techniques have created the perfect evolution of one of the winningest and highest performance shafts in Fujikura history. Fujikura’s new VENTUS line featuring VeloCore+ now includes 3 launch profiles to fine tune player performance. 2024 VENTUS shafts feature technological advancements that improve speed, distance, and accuracy for golfers of all abilities and skill levels.</span></p> <p><br /><br /></p> <p><strong>The Tech Story</strong></p> <p><span style=""font-weight: 400;"">Introducing the next generation of Fujikura Ventus’ revolutionary proprietary key technology, VeloCore+. This advanced multi-material bias core construction technique not only improves upon the original blend of Pitch 70 and 40 Ton materials but also integrates a new premium material to deliver even tighter dispersion and increased ball speeds. VeloCore+ builds on the advantages of the original VeloCore design, further enhancing performance by reinforcing and refining the overall structure.</span></p><p><strong>Get Fit</strong></p> <p>2nd Swing offers award-winning club fitting services at each of our store locations and through the 2nd Swing Online Fitting and Support team on <(more...)",Fujikura
2/6/2024 2:00 pm,2024 INF BT NEW PUT,Wilson Staff 2024 Infinite Bucktown Putter,2024 Infinite Bucktown,No,Putter,2024,,,"<p><strong>Who’s It For?</strong></p>  <p><span style=""font-weight: 400;"">The Wilson Infinite Putter line features nine distinct head shapes finished in a two-tone PVD anti-glare finish to emphasize sight lines for improved accuracy on every putt. With built-in counterbalanced technology, these putters offer enhanced stability, promoting a smoother and more controlled stroke. Paying homage to the iconic landmarks and neighborhoods of Chicago, each putter in the collection bears a unique name, infusing your game with a touch of the Windy City. The Bucktown Putter is a fang mallet designed for golfers that prefer a more forgiving, precise and consistent putter.</span></p>  <p><strong>The Tech Story</strong></p>  <p><span style=""font-weight: 400;"">Experience unparalleled precision and control with the Wilson Infinite Putter line, engineered with cutting-edge technology to elevate your putting game to new heights. The double-milled face pattern guarantees a consistent feel and roll, delivering perfect distance control regardless of the strike location. Enhancing your focus and alignment, a bold thick middle line flanked by two thinner support lines ensures you stay locked in on your target with every putt. The two-tone PVD anti-glare finish not only reduces distractions but also a(more...)",Wilson Staff
2/6/2024 2:00 pm,2024 INF BEA NEW PUT,Wilson Staff 2024 Infinite Bean Putter,2024 Infinite Bean,No,Putter,2024,,,"<p><strong>Who’s It For?</strong></p>  <p><span style=""font-weight: 400;"">The Wilson Infinite Putter line features nine distinct head shapes finished in a two-tone PVD anti-glare finish to emphasize sight lines for improved accuracy on every putt. With built-in counterbalanced technology, these putters offer enhanced stability, promoting a smoother and more controlled stroke. Paying homage to the iconic landmarks and neighborhoods of Chicago, each putter in the collection bears a unique name, infusing your game with a touch of the Windy City. The Bean is a balanced mallet putter designed for optimal precision, control and consistency.</span></p>  <p><strong>The Tech Story</strong></p>  <p><span style=""font-weight: 400;"">Experience unparalleled precision and control with the Wilson Infinite Putter line, engineered with cutting-edge technology to elevate your putting game to new heights. The double-milled face pattern guarantees a consistent feel and roll, delivering perfect distance control regardless of the strike location. Enhancing your focus and alignment, a bold thick middle line flanked by two thinner support lines ensures you stay locked in on your target with every putt. The two-tone PVD anti-glare finish not only reduces distractions but also allows you to concentrate (more...)",Wilson Staff
2/6/2024 2:00 pm,2024 INF SS NEW PUT,Wilson Staff 2024 Infinite South Side Putter,2024 Infinite South Side,No,Putter,2024,,,"<p><strong>Who’s It For?</strong></p>  <p><span style=""font-weight: 400;"">The Wilson Infinite Putter line features nine distinct head shapes finished in a two-tone PVD anti-glare finish to emphasize sight lines for improved accuracy on every putt. With built-in counterbalanced technology, these putters offer enhanced stability, promoting a smoother and more controlled stroke. Paying homage to the iconic landmarks and neighborhoods of Chicago, each putter in the collection bears a unique name, infusing your game with a touch of the Windy City. The South Side Putter is a half-moon mallet designed for ultimate precision, consistency and control.</span></p>  <p><strong>The Tech Story</strong></p>  <p><span style=""font-weight: 400;"">Experience unparalleled precision and control with the Wilson Infinite Putter line, engineered with cutting-edge technology to elevate your putting game to new heights. The double-milled face pattern guarantees a consistent feel and roll, delivering perfect distance control regardless of the strike location. Enhancing your focus and alignment, a bold thick middle line flanked by two thinner support lines ensures you stay locked in on your target with every putt. The two-tone PVD anti-glare finish not only reduces distractions but also allows you to conc(more...)",Wilson Staff
2/6/2024 2:00 pm,2024 INF TL NEW PUT,Wilson Staff 2024 Infinite The L Putter,2024 Infinite The L,No,Putter,2024,,,"<p><strong>Who’s It For?</strong></p>  <p><span style=""font-weight: 400;"">The Wilson Infinite Putter line features nine distinct head shapes finished in a two-tone PVD anti-glare finish to emphasize sight lines for improved accuracy on every putt. With built-in counterbalanced technology, these putters offer enhanced stability, promoting a smoother and more controlled stroke. Paying homage to the iconic landmarks and neighborhoods of Chicago, each putter in the collection bears a unique name, infusing your game with a touch of the Windy City. The L Putter is another mallet putter within the Infinite line and is designed for golfers of all skill levels due to its control, consistency, and precision.</span></p>  <p><strong>The Tech Story</strong></p>  <p><span style=""font-weight: 400;"">Experience unparalleled precision and control with the Wilson Infinite Putter line, engineered with cutting-edge technology to elevate your putting game to new heights. The double-milled face pattern guarantees a consistent feel and roll, delivering perfect distance control regardless of the strike location. Enhancing your focus and alignment, a bold thick middle line flanked by two thinner support lines ensures you stay locked in on your target with every putt. The two-tone PVD anti-glare finish (more...)",Wilson Staff
2/6/2024 2:00 pm,2024 INF WL NEW PUT,Wilson Staff 2024 Infinite West Loop Putter,2024 Infinite West Loop,No,Putter,2024,,,"<p><strong>Who’s It For?</strong></p>  <p><span style=""font-weight: 400;"">The Wilson Infinite Putter line features nine distinct head shapes finished in a two-tone PVD anti-glare finish to emphasize sight lines for improved accuracy on every putt. With built-in counterbalanced technology, these putters offer enhanced stability, promoting a smoother and more controlled stroke. Paying homage to the iconic landmarks and neighborhoods of Chicago, each putter in the collection bears a unique name, infusing your game with a touch of the Windy City. The West Loop putter is a balanced, double-wide blade, ideal for players who prefer a more traditional setup without sacrificing forgiveness.</span></p>  <p><strong>The Tech Story</strong></p>  <p><span style=""font-weight: 400;"">Experience unparalleled precision and control with the Wilson Infinite Putter line, engineered with cutting-edge technology to elevate your putting game to new heights. The double-milled face pattern guarantees a consistent feel and roll, delivering perfect distance control regardless of the strike location. Enhancing your focus and alignment, a bold thick middle line flanked by two thinner support lines ensures you stay locked in on your target with every putt. The two-tone PVD anti-glare finish not only reduces (more...)",Wilson Staff
2/6/2024 2:00 pm,2024 INF GP NEW PUT,Wilson Staff 2024 Infinite Grant Park Putter,2024 Infinite Grant Park,No,Putter,2024,,,"<p><strong>Who’s It For?</strong></p>  <p><span style=""font-weight: 400;"">The Wilson Infinite Putter line features nine distinct head shapes finished in a two-tone PVD anti-glare finish to emphasize sight lines for improved accuracy on every putt. With built-in counterbalanced technology, these putters offer enhanced stability, promoting a smoother and more controlled stroke. Paying homage to the iconic landmarks and neighborhoods of Chicago, each putter in the collection bears a unique name, infusing your game with a touch of the Windy City. The Grant Park putter is another half-moon mallet, but designed with more toe hang, ideal for golfers with some arc in their putting stroke.</span></p>  <p><strong>The Tech Story</strong></p>  <p><span style=""font-weight: 400;"">Experience unparalleled precision and control with the Wilson Infinite Putter line, engineered with cutting-edge technology to elevate your putting game to new heights. The double-milled face pattern guarantees a consistent feel and roll, delivering perfect distance control regardless of the strike location. Enhancing your focus and alignment, a bold thick middle line flanked by two thinner support lines ensures you stay locked in on your target with every putt. The two-tone PVD anti-glare finish not only reduces d(more...)",Wilson Staff
2/6/2024 2:00 pm,2024 INF MA NEW PUT,Wilson Staff 2024 Infinite Michigan Avenue Putter,2024 Infinite Michigan Avenue,No,Putter,2024,,,"<p><strong>Who’s It For?</strong></p>  <p><span style=""font-weight: 400;"">The Wilson Infinite Putter line features nine distinct head shapes finished in a two-tone PVD anti-glare finish to emphasize sight lines for improved accuracy on every putt. With built-in counterbalanced technology, these putters offer enhanced stability, promoting a smoother and more controlled stroke. Paying homage to the iconic landmarks and neighborhoods of Chicago, each putter in the collection bears a unique name, infusing your game with a touch of the Windy City. The Michigan Avenue is a double-wide blade putter that’s best suited for players with a slight arc in their putting stroke.</span></p>  <p><strong>The Tech Story</strong></p>  <p><span style=""font-weight: 400;"">Experience unparalleled precision and control with the Wilson Infinite Putter line, engineered with cutting-edge technology to elevate your putting game to new heights. The double-milled face pattern guarantees a consistent feel and roll, delivering perfect distance control regardless of the strike location. Enhancing your focus and alignment, a bold thick middle line flanked by two thinner support lines ensures you stay locked in on your target with every putt. The two-tone PVD anti-glare finish not only reduces distractions but a(more...)",Wilson Staff
2/6/2024 2:00 pm,2024 INF WC NEW PUT,Wilson Staff 2024 Infinite Windy City Putter,2024 Infinite Windy City,No,Putter,2024,,,"<p><strong>Who’s It For?</strong></p>  <p><span style=""font-weight: 400;"">The Wilson Infinite Putter line features nine distinct head shapes finished in a two-tone PVD anti-glare finish to emphasize sight lines for improved accuracy on every putt. With built-in counterbalanced technology, these putters offer enhanced stability, promoting a smoother and more controlled stroke. Paying homage to the iconic landmarks and neighborhoods of Chicago, each putter in the collection bears a unique name, infusing your game with a touch of the Windy City. The Windy City is a balanced blade putter, ideally suited for players who prefer more feel in their putter.</span></p>  <p><strong>The Tech Story</strong></p>  <p><span style=""font-weight: 400;"">Experience unparalleled precision and control with the Wilson Infinite Putter line, engineered with cutting-edge technology to elevate your putting game to new heights. The double-milled face pattern guarantees a consistent feel and roll, delivering perfect distance control regardless of the strike location. Enhancing your focus and alignment, a bold thick middle line flanked by two thinner support lines ensures you stay locked in on your target with every putt. The two-tone PVD anti-glare finish not only reduces distractions but also allows you t(more...)",Wilson Staff
1/17/2024 5:00 pm,DIAMANA WB DST,Mitsubishi Golf Diamana WB Driver Shaft,Diamana WB,No,Driver Shaft,2024,,,"<h2>Mitsubishi Rayon Diamana WB Driver Shaft: The Legend Continues</h2>  <p>The Mitsubishi Rayon Diamana WB driver shaft marks the sixth generation of the iconic ""White Board"" series, renowned for its exceptional stability and penetrating ball flight. Engineered with advanced materials and innovative technology, this shaft is designed for discerning golfers who demand the ultimate in performance and feel.</p>  <h3>Experience the Diamana Difference:</h3>  <ul>   <li><strong>Unleash Explosive Distance:</strong> The Diamana WB utilizes ultra-high modulus 80-ton Dialead Pitch Fiber in the butt section to deliver maximum stability and increased energy transfer. This translates to explosive ball speeds and increased distance off the tee.</li>   <li><strong>Commanding Control:</strong> The WB's signature ""White Board"" feel provides exceptional stability and control throughout the swing. Enjoy tighter dispersion and increased accuracy, even with your most aggressive swings.</li>   <li><strong>Smooth, Refined Feel:</strong> Despite its power and stability, the Diamana WB maintains the smooth, refined feel that Diamana shafts are renowned for. Experience a seamless connection with the ball and enjoy effortless control with every drive.</li> </ul>  <h3>Key Features:</h3>  <ul>(more...)",Mitsubishi Golf
1/6/2024 4:00 pm,STAFF MOD ZM NEW WGS,Wilson Staff Staff Model ZM Wedge,Staff Model ZM,No,Wedge,2024,,,"<p><strong>Who&rsquo;s It For?</strong></p>  <p><span style=""font-weight: 400;"">The Wilson Staff Model ZM Wedge is tailored for golfers who demand the utmost precision and performance in their short game. Whether you're a seasoned pro or a beginner, this versatile family of wedges offers low, mid, and high bounce options to suit your playing style and skill level. </span></p>  <p> </p>  <p><strong>The Tech Story</strong></p>  <p><span style=""font-weight: 400;"">The Wilson Staff Model ZM Wedge combines advanced technology for superior short game performance, featuring a deeper ZM Groove pattern and Garnet Face Blasting that ensure faster, deeper ball interaction, resulting in consistent spin and control in any weather. With bounce options ranging from 6 to 12 degrees, catering to all playing styles, these wedges promise immediate improvement. Crafted with input from tour players, they boast a soft Forged 8620 Carbon Steel construction with a straighter leading edge and elevated center of gravity for precise trajectory control, delivering the performance and versatility demanded by elite golfers.</span></p>  <p><br /><br /><br /></p>  <p><strong>Facts and Figures</strong></p>  <p><span style=""font-weight: 400;"">Available Lofts: 46&deg;, 48&deg;, 50&deg;, 52&deg;, 54&deg;, 56&(more...)",Wilson Staff
1/6/2024 4:00 pm,STAFF M ZMHT NEW WGS,Wilson Staff Staff Model ZM HT Wedge,Staff Model ZM HT,No,Wedge,2024,,,"<p><strong>Who&rsquo;s It For?</strong></p>  <p><span style=""font-weight: 400;"">The Wilson Staff Model ZM Wedge HT is designed for golfers who prioritize incredible feel and maximum spin in their short game. Ideal for players seeking optimal control around the greens, this high-toe design wedge is catered for players who prefer to manipulate the clubface around the green. </span></p>  <p><strong>The Tech Story</strong></p>  <p><span style=""font-weight: 400;"">The Wilson Staff Model ZM Wedge HT integrates advanced technology to enhance your short game performance. Featuring a deeper ZM Groove pattern and Garnet Face Blasting, this design ensures faster, deeper, and longer ball interaction, resulting in higher and more consistent spin and check control in any weather condition. The high toe design offers flexibility and aids in saving shots around the green, while the club's face shape and sole allow for varying degrees of open or closed configurations, providing golfers with complete control over ball contact. Crafted with input from tour players, this wedge family embodies elite DNA, with soft 431 stainless steel construction, a straighter leading edge, and elevated center of gravity in higher lofted wedges, ensuring precise trajectory control. Whether you're a seasoned pro or (more...)",Wilson Staff
12/10/2023 4:00 pm,SM SOLE FF NEW WGS,Cleveland Smart Sole Full-Face Wedge,Smart Sole Full-Face,No,Wedge,2024,,,"<p><strong>Who&rsquo;s It For?</strong></p>  <p><span style=""font-weight: 400;"">The Cleveland Smart Sole Full-Face Wedge offers versatility for every shot on the golf course, catering to different scenarios with specific designs for chip shots, full swings, bunker escapes, and short-side pin approaches. These wedges are designed for higher handicap players that need higher lofts and maximum forgiveness with their wedges.</span></p>  <p> </p>  <p><strong>The Tech Story</strong></p>  <p><span style=""font-weight: 400;"">Featuring the largest faces ever on any Cleveland Golf Wedges, new full-face grooves, and improved Moment of Inertia (MOI), these wedges are designed to provide maximum forgiveness. The HydraZip technology, a proprietary dynamic blast and laser-milled line system, enhances friction on the clubface, maximizing spin in various conditions. Additionally, the UltiZip technology incorporates a full-face network of sharp, deep, and tightly spaced grooves, promoting purer spin, greater control, and improved consistency by efficiently slicing through and channeling debris for enhanced bite. The wedges also boast an upgraded Three-Tiered Sole design with an extra-wide profile and added leading edge bounce, ensuring forgiveness across different lies and terrains such as fair(more...)",Cleveland
12/10/2023 4:00 pm,HB S 2 RETR NEW PUT,Cleveland HB Soft 2 Retreve Putter,HB Soft 2 Retreve,No,Putter,2024,,,"<p><strong>Who’s It For?</strong></p>  <p><span style=""font-weight: 400;"">The Cleveland HB Soft 2 Retreve putter offers a unique blend of convenience and performance, making it ideal for golfers who want to avoid unnecessary strain on the green. Its standout feature is the built-in retrieval mechanism that allows you to easily lift your ball out of the hole without bending over, a significant benefit for those with back pain or mobility issues.  Beyond its practicality, the Retreve is a forgiving mallet putter with a high MOI for stability. The single bend hosel promotes a straight back, straight through stroke, and a triple-line alignment aid helps with aiming.  With Speed Optimized Face Technology and a CNC milled face, the Retreve also delivers consistent distance control and a soft feel.</span></p>  <p><strong>The Tech Story</strong></p>  <p><span style=""font-weight: 400;"">The Cleveland HB Soft 2 Putters are designed for golfers who demand precision and feel on the green.  These putters combine Speed Optimized Face Technology with stroke-specific designs to deliver consistent distance and accuracy. The unique face milling pattern ensures consistent ball speed across the putter face, even on off-center hits, for predictable performance on every putt.  With nine different he(more...)",Cleveland
12/10/2023 4:00 pm,HB S 2 11S NEW PUT,Cleveland HB Soft 2 11S Putter,HB Soft 2 11S,No,Putter,2024,,,"<p><strong>Who’s It For?</strong></p>  <p><span style=""font-weight: 400;"">The Cleveland HB Soft 2 11 Slant Neck Putter is designed with a specific golfer in mind: one who has a slight arc in their putting stroke and prefers the forgiveness of a mallet head. 1  The slant neck hosel promotes a slight arc in the putting stroke, where the putter face opens slightly in the backswing and closes through impact. 2  This makes it ideal for golfers who have a natural tendency to arc their stroke.  The 11 Slant Neck retains the high MOI and forgiveness of the 11C, thanks to its winged mallet design. 3  This helps golfers with off-center hits maintain consistent speed and direction.  Like the other putters in the HB Soft 2 line, the 11 Slant Neck features a soft face insert for enhanced feel and feedback, and it offers excellent value for its performance. If you're looking for a forgiving mallet putter that complements a slight arc stroke, the Cleveland HB Soft 2 11 Slant Neck is worth considering. </span></p>  <p><strong>The Tech Story</strong></p>  <p><span style=""font-weight: 400;"">The Cleveland HB Soft 2 Putters are designed for golfers who demand precision and feel on the green. These putters combine Speed Optimized Face Technology with stroke-specific designs to deliver consistent d(more...)",Cleveland
12/10/2023 4:00 pm,HB S 2 11C NEW PUT,Cleveland HB Soft 2 11C Putter,HB Soft 2 11C,No,Putter,2024,,,"<p><strong>Who’s It For?</strong></p>  <p><span style=""font-weight: 400;"">The Cleveland HB Soft 2 11C Putter is a great choice for golfers who value a straight putting stroke and appreciate the forgiveness of a mallet head. This putter is specifically designed with a center shafted hosel and a prominent three-line alignment system to help golfers maintain a square face to the target throughout their stroke. The winged mallet design provides high MOI for increased forgiveness on off-center hits, ensuring consistent roll and distance control.  With its soft feel and focus on alignment, the 11C offers golfers a premium putting experience at an affordable price, making it an excellent option for those seeking to improve their accuracy and consistency on the green.</span></p>  <p><strong>The Tech Story</strong></p>  <p><span style=""font-weight: 400;"">The Cleveland HB Soft 2 Putters are designed for golfers who demand precision and feel on the green. These putters combine Speed Optimized Face Technology with stroke-specific designs to deliver consistent distance and accuracy. The unique face milling pattern ensures consistent ball speed across the putter face, even on off-center hits, for predictable performance on every putt. With nine different head shapes and hosel configurations(more...)",Cleveland
12/10/2023 4:00 pm,HB S 2 15 NEW PUT,Cleveland HB Soft 2 15 Putter,HB Soft 2 15,No,Putter,2024,,,"<p><strong>Who’s It For?</strong></p>  <p><span style=""font-weight: 400;"">The Cleveland HB Soft 2 15 putter stands out with its unique angular mallet design, making it a great choice for golfers who want a distinctive look and the stability of a mallet. This putter is specifically designed to promote a straight back, straight through putting stroke. The face-balanced head and single bend hosel work together to keep the putter face square throughout the stroke, minimizing unwanted twists and turns.  Alignment is made easy with the triple-line system on the topline, providing a clear visual guide. And like other putters in the HB Soft 2 line, the 15 features Speed Optimized Face Technology for consistent distance control and a CNC milled face for a soft feel. If you're looking for a forgiving mallet with a unique design and a focus on a straight stroke, the Cleveland HB Soft 2 15 is worth a serious look.</span></p>  <p><strong>The Tech Story</strong></p>  <p><span style=""font-weight: 400;"">The Cleveland HB Soft 2 Putters are designed for golfers who demand precision and feel on the green.  These putters combine Speed Optimized Face Technology with stroke-specific designs to deliver consistent distance and accuracy. The unique face milling pattern ensures consistent ball speed ac(more...)",Cleveland
12/10/2023 4:00 pm,HB S 2 11 NEW PUT,Cleveland HB Soft 2 11 Putter,HB Soft 2 11,No,Putter,2024,,,"<p><strong>Who’s It For?</strong></p>  <p><span style=""font-weight: 400;"">The Cleveland HB Soft 2 11 putter is an excellent choice for golfers who prefer a straight back, straight through stroke and appreciate the forgiveness of a mallet design. This wing-shaped mallet putter is face-balanced and features a single bend hosel, both of which promote a square putter face throughout the stroke.  For those who need a little extra help with alignment, the 11 putter includes a triple-line alignment aid on the topline.  Like other putters in the HB Soft 2 line, it utilizes Speed Optimized Face Technology for consistent distance control, even on those pesky off-center hits.  With its combination of stability, forgiveness, and a focus on a straight stroke, the 11 putter is a great option for golfers of all skill levels looking to improve their consistency and confidence on the greens.</span></p>  <p><strong>The Tech Story</strong></p>  <p><span style=""font-weight: 400;"">The Cleveland HB Soft 2 Putters are designed for golfers who demand precision and feel on the green.  These putters combine Speed Optimized Face Technology with stroke-specific designs to deliver consistent distance and accuracy. The unique face milling pattern ensures consistent ball speed across the putter face, even o(more...)",Cleveland
12/10/2023 4:00 pm,HB S 2 10.5P NEW PUT,Cleveland HB Soft 2 10.5P Putter,HB Soft 2 10.5P,No,Putter,2024,,,"<p><strong>Who’s It For?</strong></p>  <p><span style=""font-weight: 400;"">The Cleveland HB Soft 2 10.5P putter offers a compelling option for golfers seeking the forgiveness of a mallet in a more compact and manageable size. This ""oval mallet"" design provides a larger sweet spot than a blade, leading to more consistent results on off-center hits.  With its plumber's neck hosel, the 10.5P is ideal for those with a slight arc in their putting stroke. The putter features a clean design with a single alignment line for straightforward aiming. By combining Speed Optimized Face Technology with a CNC milled face, Cleveland has created a putter that delivers both forgiveness and feel, making it a versatile choice for a wide range of golfers looking to improve their performance on the greens.</span></p>  <p><strong>The Tech Story</strong></p>  <p><span style=""font-weight: 400;"">The Cleveland HB Soft 2 Putters are designed for golfers who demand precision and feel on the green.  These putters combine Speed Optimized Face Technology with stroke-specific designs to deliver consistent distance and accuracy. The unique face milling pattern ensures consistent ball speed across the putter face, even on off-center hits, for predictable performance on every putt.  With nine different head shape(more...)",Cleveland
12/10/2023 4:00 pm,HB S 2 8S NEW PUT,Cleveland HB Soft 2 8S Putter,HB Soft 2 8S,No,Putter,2024,,,"<p><strong>Who’s It For?</strong></p>  <p><span style=""font-weight: 400;"">The Cleveland HB Soft 2 8S putter is a great choice for golfers who prefer a slightly larger blade style for added stability and forgiveness on the green. Designed with a slant neck hosel, this putter naturally promotes a slight arc in the putting stroke, making it ideal for players with that tendency. The 8S features a clean design with a single alignment line for easy aiming, and it incorporates Speed Optimized Face Technology for consistent distance control, even on off-center hits.  With its blend of classic blade aesthetics, modern technology, and a focus on forgiveness, the 8S is a versatile putter that can help a wide range of golfers improve their performance on the greens.</span></p>  <p><strong>The Tech Story</strong></p>  <p><span style=""font-weight: 400;"">The Cleveland HB Soft 2 Putters are designed for golfers who demand precision and feel on the green.  These putters combine Speed Optimized Face Technology with stroke-specific designs to deliver consistent distance and accuracy. The unique face milling pattern ensures consistent ball speed across the putter face, even on off-center hits, for predictable performance on every putt.  With nine different head shapes and hosel configurations, yo(more...)",Cleveland
12/10/2023 4:00 pm,HB S 2 8C NEW PUT,Cleveland HB Soft 2 8C Putter,HB Soft 2 8C,No,Putter,2024,,,"<p><strong>Who’s It For?</strong></p>  <p><span style=""font-weight: 400;"">The Cleveland HB Soft 2 8C putter is a great choice for golfers who prefer a straight back, straight through putting stroke. Its center-shafted design and face-balanced construction naturally promote this type of stroke, helping to minimize unwanted arc and improve accuracy. The 8C features a slightly larger blade style for added confidence and forgiveness on off-center hits.  It also includes a triple-line alignment system on the topline, providing excellent visual guidance for those who need a little extra help with aiming.  If you struggle with alignment or tend to push or pull your putts, the 8C could be a great option to help you improve your consistency and lower your scores.</span></p>  <p><strong>The Tech Story</strong></p>  <p><span style=""font-weight: 400;"">The Cleveland HB Soft 2 Putters are designed for golfers who demand precision and feel on the green.  These putters combine Speed Optimized Face Technology with stroke-specific designs to deliver consistent distance and accuracy. The unique face milling pattern ensures consistent ball speed across the putter face, even on off-center hits, for predictable performance on every putt.  With nine different head shapes and hosel configurations, yo(more...)",Cleveland
12/10/2023 4:00 pm,HB S 2 1 NEW PUT,Cleveland HB Soft 2 1 Putter,HB Soft 2 1,No,Putter,2024,,,"<p><strong>Who’s It For?</strong></p>  <p><span style=""font-weight: 400;"">The Cleveland HB Soft 2 #1 Putter is a great option for golfers seeking a classic blade design with modern performance benefits. Its plumber's neck hosel encourages a slight arc in the stroke, making it ideal for players with that natural tendency.  The putter's face milling technology helps normalize ball speed, so even off-center hits maintain consistent distance.  CNC milling provides a soft feel and promotes a true roll, while the simple one-line alignment aids in accuracy. With its balanced weighting and focus on control, the HB Soft 2 #1 offers a reliable and affordable option for those seeking a traditional putter with enhanced performance features.</span></p>  <p><strong>The Tech Story</strong></p>  <p><span style=""font-weight: 400;"">The Cleveland HB Soft 2 Putters are designed for golfers who demand precision and feel on the green.  These putters combine Speed Optimized Face Technology with stroke-specific designs to deliver consistent distance and accuracy. The unique face milling pattern ensures consistent ball speed across the putter face, even on off-center hits, for predictable performance on every putt.  With nine different head shapes and hosel configurations, you can find the perfect put(more...)",Cleveland
12/6/2023 12:31 pm,CHIPR LE NEW WGS,Ping ChipR LE Chipper,ChipR LE,No,Chipper,2024,,,"<p><strong>Who&rsquo;s It For?</strong></p>  <p>After introducing the ChipR in 2022, PING has released the ChipR Le, a short-game solution designed exclusively for women. It combines elements of a putter and a wedge to help golfers perform better around the green. It is designed for players of all skill levels.</p>  <p><strong>The Tech Story</strong></p>  <p>The ChipR Le was inspired by PING Founder Karsten Solheim&rsquo;s PING Chipo, which was introduced in the late 1970&rsquo;s, as a club for players that lacked confidence with a wedge around the green.The ChipR Le features an Investment-cast 431 stainless steel head. Within that head is a multi-material cavity badge, tungsten toe weight and a precision-milled face and grooves, which help deliver consistent and predictable trajectories for improved control around the green. The ChipR Le is the length of a putter, but has a loft of 38.5&deg;, closer to a 9-iron. Designed for shots within 40 yards of the green, players can use a putting-like stroke to hit more bump-and-run style shots. That&rsquo;s aided by the ChipR Le&rsquo;s compact size and shallow face which optimizes its performance, and provides versatility from the rough to the fringe.</p>  <p><strong>Facts and Figures</strong></p>  <p>Loft/Bounce: 38.5&deg;/8&deg;<b(more...)",Ping
12/6/2023 12:31 pm,BLUEPRINT S NEW STS,Ping Blueprint S Iron Set,Blueprint S,No,Iron Set,2024,,,"<p><strong>Who&rsquo;s It For?</strong></p>  <p>The new Blueprint S Irons are PING&rsquo;s latest players iron, and while they have all of the classic features of a traditional players iron, the Blueprint S&rsquo;s deviate away from the original Blueprint irons with a cavity-style head. Feel and workability remain important tenets of the Blueprint S irons, but come with more forgiveness than their predecessor, making them an iron for consistent ball-strikers who still favor that feel and workability, but are looking for a slightly more forgiving option than a true blade.</p>  <p><strong>The Tech Story</strong></p>  <p>The Blueprint S&rsquo;s feature a fully forged 8620 carbon steel head with a clean hydropearl 2.0 chrome finish. The cavity-style is present in all irons in the set, though the long irons (3-5) contain a patented precision-pocket forging, which saves 10 grams of weight, and increases forgiveness. Minimal offset and a thin top-line give the Blueprint S&rsquo;s a pleasing sightline at address. The Blueprint S&rsquo;s can come in three different specs: Standard, Power (stronger lofts), and Retro (weaker lofts). Combination sets have become the norm across all manufacturers, and the Blueprint S&rsquo;s along with its Blueprint T relative, and the Ping i230 are all de(more...)",Ping
12/6/2023 12:31 pm,BLUEPRINT T NEW STS,Ping Blueprint T Iron Set,Blueprint T,No,Iron Set,2024,,,"<p><strong>Who’s It For?</strong></p>   <p><span style=""font-weight: 400;"">With its tour-influenced shaping and fully forged head, PING’s new Blueprint T Irons are the epitome of what a precision iron should be. A fully forged, muscle back, Blueprint T Irons are made for low-handicap players looking for maximum feel and workability in an iron.</span></p>   <p><strong>The Tech Story</strong></p>   <p><span style=""font-weight: 400;"">Unlike the Blueprint S irons, which have a cavity-style to them, the Blueprint T Irons are more blade-like thanks to a muscle back design that’s undergone more than 50 steps. The Blueprint T Irons feature precision-milled face and grooves within a fully forged 8620 carbon steel head. Tungsten weights in the toe help boost MOI, providing more forgiveness for mishits. A shorter heel-face height provides a clean appearance at address. Add in the hydropearl 2.0 chrome finish, and the Blueprint T irons have an appealing, clean look for players. The Blueprint T irons can come in three different specs: Standard, Power (stronger lofts), and Retro (weaker lofts). Combination sets have become the norm across all manufacturers, and the Blueprint T’s along with its Blueprint S relative, and the Ping i230 are all designed with the same lofts, allowing for golf(more...)",Ping
11/3/2023 12:00 pm,TENSEI PRO B 1K DST,Mitsubishi Golf Tensei Pro Blue 1K Driver Shaft,Tensei Pro Blue 1K,No,Driver Shaft,2023,,,"<h2>Mitsubishi Tensei Pro Blue 1K Driver Shaft: Mid-Launch Control with a Premium Feel</h2>  <p>The Mitsubishi Tensei Pro Blue 1K driver shaft is a premium option for golfers seeking exceptional feel and a penetrating ball flight. This high-performance shaft utilizes advanced materials and innovative technology to deliver a mid-launch, mid-spin profile with exceptional stability and control.</p>  <h3>Experience the Difference:</h3>  <ul>   <li><strong>1K Carbon Fiber Weave:</strong> The Tensei Pro Blue 1K incorporates 1K carbon fiber weave in the butt section, enhancing feel and responsiveness while providing exceptional stability. This translates to a smoother, more controlled swing with increased accuracy.</li>   <li><strong>Xlink Tech Resin System:</strong> The shaft features the innovative Xlink Tech Resin System, which increases carbon fiber volume for improved feel and overall strength. Experience a more responsive and connected feel throughout your swing.</li>   <li><strong>Penetrating Trajectory:</strong> The Pro Blue 1K is designed to produce a mid-launch, mid-spin ball flight that cuts through the wind and maximizes distance. Expect a powerful trajectory with exceptional control.</li> </ul>  <h3>Key Features:</h3>  <ul>   <li><strong>1K Carbon Fiber Weave(more...)",Mitsubishi Golf
10/26/2023 6:00 pm,MEZZ.1 M AL NEW PUT,L.A.B. Golf MEZZ.1 Max Armlock Putter,MEZZ.1 Max Armlock,No,Putter,2023,,,"<p><strong>Who’s It For?</strong></p>  <p><span style=""font-weight: 400;"">Are you a golfer seeking the ultimate edge on the greens? Look no further than the L.A.B. MEZZ.1 MAX Putter, meticulously engineered to elevate your putting game to unprecedented levels of precision and consistency. The MEZZ.1 MAX's groundbreaking Lie Angle Balance (LAB) design promises to revolutionize your approach to putting. Designed for golfers of all skill levels, the L.A.B. MEZZ.1 MAX offers outrageous stability and the most forgiveness possible in a wing-back design.</span></p>  <p><strong>The Tech Story</strong></p>  <p><span style=""font-weight: 400;"">The L.A.B. MEZZ.1 MAX Putter is a masterpiece of engineering prowess, meticulously crafted to redefine the very essence of putting performance. At its core lies the groundbreaking Lie Angle Balance (LAB) technology, a culmination of years of research and development aimed at revolutionizing the putting stroke. This cutting-edge design ensures that the center of gravity aligns perfectly with the axis of the shaft, effectively neutralizing unwanted twisting forces and promoting a smoother, more consistent roll. The MEZZ.1 MAX boasts a meticulously milled face, engineered to precise tolerances to enhance ball contact and impart optimal forward spin fo(more...)",L.A.B. Golf
10/25/2023 4:00 pm,AI SMOKE NEW STS,Callaway Paradym Ai Smoke Iron Set,Paradym Ai Smoke,No,Iron Set,2024,,,"<p><strong>Who&rsquo;s It For?</strong></p>  <p><span style=""font-weight: 400;"">Building upon its Paradym Iron series, Callaway has continued to push the envelope with AI designed clubs with their new Paradym Ai Smoke line. With the most advanced iron face in Callaway history, the Ai Smoke line offers players more distance and accuracy without sacrificing forgiveness. The Ai Smoke Irons are one of three models within the series, and are best suited for players with average to high swing speeds who are looking to maximize distance and improve their dispersion.</span></p>  <p> </p>  <p><strong>The Tech Story</strong></p>  <p><span style=""font-weight: 400;"">Everything within the Paradym Ai Smoke Iron line begins with the all-new Ai SmartFace. Its AI design was developed using swing data from thousands of golfers. By incorporating actual player data consisting of swing speed, club delivery and face orientation at impact, the Ai SmartFace&rsquo;s design is able to optimize maximum distance with tight dispersion. Balancing distance, control and precision was the primary focus of the Ai Smoke Irons&rsquo; design. With the clubs playing a &frac14; inch longer, players can experience the distance advantage while still maintaining a tight dispersion into the green. Its modern shaping f(more...)",Callaway
10/25/2023 1:16 pm,MEZZ.1 MAX BS PUT,L.A.B. Golf MEZZ.1 Max Sweeper Putter,MEZZ.1 Max Sweeper,No,Putter,2022,,,"<p><strong>Who&rsquo;s It For?</strong></p>  <p><span style=""font-weight: 400;"">Are you a golfer seeking the ultimate edge on the greens? Look no further than the L.A.B. MEZZ.1 MAX Putter, meticulously engineered to elevate your putting game to unprecedented levels of precision and consistency. The MEZZ.1 MAX's groundbreaking Lie Angle Balance (LAB) design promises to revolutionize your approach to putting. Designed for golfers of all skill levels, the L.A.B. MEZZ.1 MAX offers outrageous stability and the most forgiveness possible in a wing-back design.</span></p>  <p><strong>The Tech Story</strong></p>  <p><span style=""font-weight: 400;"">The L.A.B. MEZZ.1 MAX Putter is a masterpiece of engineering prowess, meticulously crafted to redefine the very essence of putting performance. At its core lies the groundbreaking Lie Angle Balance (LAB) technology, a culmination of years of research and development aimed at revolutionizing the putting stroke. This cutting-edge design ensures that the center of gravity aligns perfectly with the axis of the shaft, effectively neutralizing unwanted twisting forces and promoting a smoother, more consistent roll. The MEZZ.1 MAX boasts a meticulously milled face, engineered to precise tolerances to enhance ball contact and impart optimal forward s(more...)",L.A.B. Golf
10/17/2023 7:00 pm,TOUR AD VF DST,Graphite Design Tour AD VF Driver Shaft,Tour AD VF,No,Driver Shaft,2023,,,"<h2>Graphite Design Tour AD VF Driver Shaft: Victory Through Force</h2>  <p>The Graphite Design Tour AD VF (Victory Force) driver shaft is a premium offering designed for golfers seeking exceptional performance and feel. Crafted with precision and innovation, this shaft is engineered to enhance your swing dynamics and propel your game to new heights.</p>  <h3>Experience the Difference:</h3>  <ul>   <li><strong>Effortless Power:</strong> The Tour AD VF utilizes premium, aerospace-quality carbon-fiber materials, including TORAYCA® M40X in the butt section, to minimize lag and promote a smooth, powerful swing. Experience effortless speed and increased ball speeds.</li>   <li><strong>Unwavering Stability:</strong> The shaft's profile is firm in the butt section, stiff+ in the center section, and very stiff in the tip, promoting low-mid launch angles and low spin rates. This translates to exceptional stability and control, resulting in tighter dispersion and increased accuracy.</li>   <li><strong>Refined Feel:</strong> The Tour AD VF delivers a smooth, responsive feel, providing exceptional feedback and promoting a confident swing.</li> </ul>  <h3>Key Features:</h3>  <ul>   <li><strong>TORAYCA® M40X and T1100G Carbon Fiber:</strong> Maximizes energy transfer and stabili(more...)",Graphite Design
9/19/2023 10:00 am,SPID TR X DB NEW PUT,TaylorMade Spider Tour X Double Bend Putter,Spider Tour X Double Bend,No,Putter,2023,,,"<p><strong>Who&rsquo;s It For?</strong></p>  <p><span style=""font-weight: 400;"">Over the last couple of decades, TaylorMade Spider putters have spearheaded a revolution in putter design and construction. Sure, there’s still a large contingent of golfers that prefer a traditional blade-style putter. But the percentage of golfers playing a high-MOI mallet style putter continues to grow, and much of that movement can be attributed to the many iterations of TaylorMade Spider putters. New in 2023 is the TaylorMade Spider Tour Series of putters, which features eight total models (four different head shapes) all designed to provide high MOI and exceptional stability.</span></p>  <p><strong>The Tech Story</strong></p>  <p><span style=""font-weight: 400;"">The TaylorMade Spider Tour Series putters include a number of technologies ultimately created to deliver exceptional forgiveness and stability. A new Thin Wall Undercut Construction removes excess weight to further improve MOI, while a Steel Wireframe allows engineers to better control weight distribution and the center of gravity location. Meanwhile, TSS weights provide balanced weighting and help optimize performance for each model. To improve the feel, TaylorMade implemented its HYBRAR Echo dampener behind the face to dampen unwante(more...)",TaylorMade
9/19/2023 10:00 am,SPID TR DB NEW PUT,TaylorMade Spider Tour Double Bend Putter,Spider Tour Double Bend,No,Putter,2023,,,"<p><strong>Who&rsquo;s It For?</strong></p><p>Over the last couple of decades, TaylorMade Spider putters have spearheaded a revolution in putter design and construction. Sure, there&rsquo;s still a large contingent of golfers that prefer a traditional blade-style putter. But the percentage of golfers playing a high-MOI mallet style putter continues to grow, and much of that movement can be attributed to the many iterations of TaylorMade Spider putters. New in 2023 is the TaylorMade Spider Tour Series of putters, which features eight total models (four different head shapes) all designed to provide high MOI and exceptional stability. The Spider Tour Double Bend model is face balanced and is designed for golfers with straight-back, straight-through putting strokes.</p><p><strong>The Tech Story</strong></p><p>The TaylorMade Spider Tour Series putters include a number of technologies ultimately created to deliver exceptional forgiveness and stability. A new Thin Wall Undercut Construction removes excess weight to further improve MOI, while a Steel Wireframe allows engineers to better control weight distribution and the center of gravity location. Meanwhile, TSS weights provide balanced weighting and help optimize performance for each model. To improve the feel, TaylorMade implemented(more...)",TaylorMade
9/19/2023 10:00 am,SPID TR X SS NEW PUT,TaylorMade Spider Tour X Small Slant Putter,Spider Tour X Small Slant,No,Putter,2023,,,"<p><strong>Who&rsquo;s It For?</strong></p>  <p><span style=""font-weight: 400;"">Over the last couple of decades, TaylorMade Spider putters have spearheaded a revolution in putter design and construction. Sure, there’s still a large contingent of golfers that prefer a traditional blade-style putter. But the percentage of golfers playing a high-MOI mallet style putter continues to grow, and much of that movement can be attributed to the many iterations of TaylorMade Spider putters. New in 2023 is the TaylorMade Spider Tour Series of putters, which features eight total models (four different head shapes) all designed to provide high MOI and exceptional stability.</span></p>  <p><strong>The Tech Story</strong></p>  <p><span style=""font-weight: 400;"">The TaylorMade Spider Tour Series putters include a number of technologies ultimately created to deliver exceptional forgiveness and stability. A new Thin Wall Undercut Construction removes excess weight to further improve MOI, while a Steel Wireframe allows engineers to better control weight distribution and the center of gravity location. Meanwhile, TSS weights provide balanced weighting and help optimize performance for each model. To improve the feel, TaylorMade implemented its HYBRAR Echo dampener behind the face to dampen unwante(more...)",TaylorMade
8/24/2023 12:01 pm,TEMP VALLE S NEW PUT,Tour Edge Template Valley Silver Putter,Template Valley Silver,No,Putter,2023,,,"<p><strong>Who&rsquo;s It For?</strong></p>  <p><span style=""font-weight: 400;"">The Tour Edge Template Valley putter is a versatile option designed to improve putting accuracy for a wide range of golfers.  Its mid-mallet design provides a balance of forgiveness and feel, while the plumber's neck hosel complements an arc-to-straight putting stroke and naturally encourages a square face at impact. This makes it an excellent choice for players who tend to struggle with an open putter face at impact.  Featuring Tour Edge's micro-groove face technology, the Valley putter promotes a smooth, accurate roll and provides exceptional feedback.  Whether you're a seasoned golfer or just starting out, the Tour Edge Template Valley putter offers a winning combination of forgiveness, feel, and accuracy to help you improve your performance on the greens.</span></p>  <p><strong>The Tech Story</strong></p>  <p><span style=""font-weight: 400;"">The Tour Edge Template Valley putter is designed to help golfers achieve greater accuracy and consistency on the greens. This forgiving mid-mallet putter features a plumber's neck hosel, making it an ideal choice for those with an arc-to-straight putting stroke or who tend to leave the face open at impact.  The Valley utilizes micro-groove face technology, C(more...)",Tour Edge
8/24/2023 12:01 pm,TEMP PUNCH B NEW PUT,Tour Edge Template Punchbowl Black Putter,Template Punchbowl Black,No,Putter,2023,,,"<p><strong>Who&rsquo;s It For?</strong></p>  <p><span style=""font-weight: 400;"">The Tour Edge Template Punchbowl putter is an excellent choice for golfers seeking maximum forgiveness and a confident stroke on the greens.  This high-MOI mallet putter features a unique ""punchbowl"" shape that helps frame the ball and inspire confidence at address. The short slant neck hosel complements a slight arc putting stroke, promoting a square face at impact and improved accuracy.  With micro-groove face technology, the Punchbowl delivers a smooth, accurate roll and a soft feel, further enhancing your putting performance.  If you're looking for a forgiving mallet putter that combines a unique design with exceptional feel and control, the Tour Edge Template Punchbowl is worth considering.</span></p>  <p><strong>The Tech Story</strong></p>  <p><span style=""font-weight: 400;"">The Tour Edge Template Punchbowl putter offers golfers the ultimate in forgiveness and accuracy on the greens. This high-MOI mallet putter features a distinctive rounded shape and a slant neck hosel, making it perfect for players with a slight arc in their stroke.  The unique design promotes a square face at impact and helps prevent pulls, while the deeper micro-grooves ensure a truer roll and an incredibly soft feel. Cra(more...)",Tour Edge
8/24/2023 12:01 pm,TEMP NARRO S NEW PUT,Tour Edge Template Narrows CS Silver Putter,Template Narrows CS Silver,No,Putter,2023,,,"<p><strong>Who&rsquo;s It For?</strong></p>  <p><span style=""font-weight: 400;"">The Tour Edge Template Narrows CS putter is a fantastic option for golfers who favor a center-shafted design and a straight-back-straight-through putting stroke. This mid-mallet putter combines a balanced feel with exceptional forgiveness, making it easier to achieve consistent accuracy on the greens. The center shaft setup promotes a square face at impact and minimizes unwanted rotation during the stroke, while the distinctive ""wings"" of the mallet head provide a clear visual guide for alignment. With its focus on stability and accuracy, the Narrows CS is an excellent choice for golfers looking to improve their putting performance.</span></p>  <p><strong>The Tech Story</strong></p>  <p><span style=""font-weight: 400;"">The Tour Edge Template Narrows CS putter is the perfect choice for golfers seeking unwavering accuracy on the greens. This center-shafted mid-mallet putter features a distinctive winged design that not only frames the ball for exceptional alignment but also promotes a stable, face-balanced stroke.  CNC milled with deeper micro-grooves, the Narrows CS delivers enhanced topspin, a truer roll, and an incredibly soft feel thanks to its premium 304 stainless steel construction.  Available (more...)",Tour Edge
8/24/2023 12:01 pm,TEMP PUNCH S NEW PUT,Tour Edge Template Punchbowl Silver Putter,Template Punchbowl Silver,No,Putter,2023,,,"<p><strong>Who&rsquo;s It For?</strong></p>  <p><span style=""font-weight: 400;"">The Tour Edge Template Punchbowl putter is an excellent choice for golfers seeking maximum forgiveness and a confident stroke on the greens.  This high-MOI mallet putter features a unique ""punchbowl"" shape that helps frame the ball and inspire confidence at address. The short slant neck hosel complements a slight arc putting stroke, promoting a square face at impact and improved accuracy.  With micro-groove face technology, the Punchbowl delivers a smooth, accurate roll and a soft feel, further enhancing your putting performance.  If you're looking for a forgiving mallet putter that combines a unique design with exceptional feel and control, the Tour Edge Template Punchbowl is worth considering.</span></p>  <p><strong>The Tech Story</strong></p>  <p><span style=""font-weight: 400;"">The Tour Edge Template Punchbowl putter offers golfers the ultimate in forgiveness and accuracy on the greens. This high-MOI mallet putter features a distinctive rounded shape and a slant neck hosel, making it perfect for players with a slight arc in their stroke.  The unique design promotes a square face at impact and helps prevent pulls, while the deeper micro-grooves ensure a truer roll and an incredibly soft feel. Cra(more...)",Tour Edge
8/24/2023 12:01 pm,TEMP MAID B NEW PUT,Tour Edge Template Maiden Black Putter,Template Maiden Black,No,Putter,2023,,,"<p><strong>Who&rsquo;s It For?</strong></p>  <p><span style=""font-weight: 400;"">The Tour Edge Template Maiden putter is an excellent choice for golfers seeking a balance of forgiveness and precision.  Its mid-mallet design provides stability without feeling overly bulky, while the plumber's neck hosel naturally promotes a square face at impact, making it ideal for those with an arc-to-straight putting stroke. This hosel design is particularly beneficial for golfers who tend to leave the face open at impact, helping them achieve greater accuracy on the greens.  Like other putters in the Template series, the Maiden features micro-groove face technology for enhanced topspin, a truer roll, and a soft feel.  If you're looking for a putter that blends forgiveness, feel, and control to improve your putting accuracy, the Tour Edge Template Maiden is worth considering.</span></p>  <p><strong>The Tech Story</strong></p>  <p><span style=""font-weight: 400;"">The Tour Edge Template Maiden putter is designed to elevate your putting accuracy with its unique blend of forgiveness and control. This mid-mallet design features a plumber's neck hosel that naturally encourages a square face at impact, making it perfect for golfers with an arc-to-straight stroke or those who tend to leave the face op(more...)",Tour Edge
8/24/2023 12:01 pm,TEMP VALLE B NEW PUT,Tour Edge Template Valley Black Putter,Template Valley Black,No,Putter,2023,,,"<p><strong>Who&rsquo;s It For?</strong></p>  <p><span style=""font-weight: 400;"">The Tour Edge Template Valley putter is a versatile option designed to improve putting accuracy for a wide range of golfers.  Its mid-mallet design provides a balance of forgiveness and feel, while the plumber's neck hosel complements an arc-to-straight putting stroke and naturally encourages a square face at impact. This makes it an excellent choice for players who tend to struggle with an open putter face at impact.  Featuring Tour Edge's micro-groove face technology, the Valley putter promotes a smooth, accurate roll and provides exceptional feedback.  Whether you're a seasoned golfer or just starting out, the Tour Edge Template Valley putter offers a winning combination of forgiveness, feel, and accuracy to help you improve your performance on the greens.</span></p>  <p><strong>The Tech Story</strong></p>  <p><span style=""font-weight: 400;"">The Tour Edge Template Valley putter is designed to help golfers achieve greater accuracy and consistency on the greens. This forgiving mid-mallet putter features a plumber's neck hosel, making it an ideal choice for those with an arc-to-straight putting stroke or who tend to leave the face open at impact.  The Valley utilizes micro-groove face technology, C(more...)",Tour Edge
8/24/2023 12:01 pm,TEMP MAID S NEW PUT,Tour Edge Template Maiden Silver Putter,Template Maiden Silver,No,Putter,2023,,,"<p><strong>Who&rsquo;s It For?</strong></p>  <p><span style=""font-weight: 400;"">The Tour Edge Template Maiden putter is an excellent choice for golfers seeking a balance of forgiveness and precision.  Its mid-mallet design provides stability without feeling overly bulky, while the plumber's neck hosel naturally promotes a square face at impact, making it ideal for those with an arc-to-straight putting stroke. This hosel design is particularly beneficial for golfers who tend to leave the face open at impact, helping them achieve greater accuracy on the greens.  Like other putters in the Template series, the Maiden features micro-groove face technology for enhanced topspin, a truer roll, and a soft feel.  If you're looking for a putter that blends forgiveness, feel, and control to improve your putting accuracy, the Tour Edge Template Maiden is worth considering.</span></p>  <p><strong>The Tech Story</strong></p>  <p><span style=""font-weight: 400;"">The Tour Edge Template Maiden putter is designed to elevate your putting accuracy with its unique blend of forgiveness and control. This mid-mallet design features a plumber's neck hosel that naturally encourages a square face at impact, making it perfect for golfers with an arc-to-straight stroke or those who tend to leave the face op(more...)",Tour Edge
8/24/2023 12:01 pm,TEMP NARRO B NEW PUT,Tour Edge Template Narrows CS Black Putter,Template Narrows CS Black,No,Putter,2023,,,"<p><strong>Who&rsquo;s It For?</strong></p>  <p><span style=""font-weight: 400;"">The Tour Edge Template Narrows CS putter is a fantastic option for golfers who favor a center-shafted design and a straight-back-straight-through putting stroke. This mid-mallet putter combines a balanced feel with exceptional forgiveness, making it easier to achieve consistent accuracy on the greens. The center shaft setup promotes a square face at impact and minimizes unwanted rotation during the stroke, while the distinctive ""wings"" of the mallet head provide a clear visual guide for alignment. With its focus on stability and accuracy, the Narrows CS is an excellent choice for golfers looking to improve their putting performance.</span></p>  <p><strong>The Tech Story</strong></p>  <p><span style=""font-weight: 400;"">The Tour Edge Template Narrows CS putter is the perfect choice for golfers seeking unwavering accuracy on the greens. This center-shafted mid-mallet putter features a distinctive winged design that not only frames the ball for exceptional alignment but also promotes a stable, face-balanced stroke.  CNC milled with deeper micro-grooves, the Narrows CS delivers enhanced topspin, a truer roll, and an incredibly soft feel thanks to its premium 304 stainless steel construction.  Available (more...)",Tour Edge
8/24/2023 12:01 pm,TEMP EDEN S NEW PUT,Tour Edge Template Eden Silver Putter,Template Eden Silver,No,Putter,2023,,,"<p><strong>Who&rsquo;s It For?</strong></p>  <p><span style=""font-weight: 400;"">The Tour Edge Template Eden Silver Putter is a versatile choice for golfers who appreciate a classic Anser-style blade design with modern features. Its heel-toe weighting provides good stability, while the deep micro-grooves create a soft yet responsive feel, making it ideal for those seeking a balance of forgiveness and feel.  The Eden Silver complements players with a slight arc putting stroke and offers easy alignment with its contrasting chrome finish and black alignment lines. As with other Tour Edge putters, it delivers premium performance at a value price, making it an excellent option for golfers who want high-quality technology without the premium price tag.</span></p>  <p><strong>The Tech Story</strong></p>  <p><span style=""font-weight: 400;"">The Tour Edge Template Eden Putter seamlessly blends classic design with modern technology. Its traditional blade design and plumber's neck hosel are ideal for golfers with an arc-to-straight putting stroke.  Experience an incredibly soft feel thanks to its Micro-Groove Face Technology, which promotes a truer, more accurate roll. Crafted from soft 304 Stainless Steel, the Eden provides exceptional feedback with every putt. The high-contrast black-on-(more...)",Tour Edge
8/24/2023 12:01 pm,TEMP BIARR S NEW PUT,Tour Edge Template Biarritz Silver Putter,Template Biarritz Silver,No,Putter,2023,,,"<p><strong>Who&rsquo;s It For?</strong></p>  <p><span style=""font-weight: 400;"">The Tour Edge Template Biarritz putter is a great choice for golfers who value forgiveness and consistency on the green. Its mallet design with a high MOI helps minimize the impact of off-center hits, leading to more reliable distance control. The double bend hosel promotes a face-balanced stroke, making it ideal for those with a straight-back-straight-through putting style.  The putter's micro-groove face technology enhances topspin and reduces skidding, ensuring a smoother and more accurate roll. With its combination of forgiveness, feel, and accuracy, the Tour Edge Template Biarritz is a solid option for golfers of all skill levels looking to improve their putting performance.</span></p>  <p><strong>The Tech Story</strong></p>  <p><span style=""font-weight: 400;"">The Tour Edge Template Biarritz putter offers golfers exceptional forgiveness and a truer roll thanks to its high MOI mallet design and innovative Micro-Groove face technology. These deeper, wider grooves enhance topspin and reduce skidding for a smoother, more accurate putting stroke.  Crafted from the softest stainless steel available, the Biarritz provides a luxurious feel and exceptional feedback at impact.  The double bend face-bala(more...)",Tour Edge
8/24/2023 12:01 pm,TEMP ALPS S NEW PUT,Tour Edge Template Alps Silver Putter,Template Alps Silver,No,Putter,2023,,,"<p><strong>Who&rsquo;s It For?</strong></p>  <p><span style=""font-weight: 400;"">The Tour Edge Template Alps Silver Putter is a great choice for golfers who prefer a mallet style with maximum forgiveness and stability. Its face-balanced design promotes a straight-back-straight-through stroke, making it ideal for those who struggle with an arcing putting path. The micro-groove face technology provides a soft yet responsive feel at impact, while the contrasting black finish and white alignment lines offer easy alignment.  Plus, Tour Edge provides high-quality putters with advanced technology at a more competitive price point than many other brands, making the Alps Silver an excellent value for golfers seeking a premium putter without the premium price tag.</span></p>  <p><strong>The Tech Story</strong></p>  <p><span style=""font-weight: 400;"">The Tour Edge Template Alps Putter blends classic design with modern technology for exceptional performance on the green. Its longer wings provide a higher MOI for increased forgiveness and stability, while the double bend hosel promotes a straight-back-straight-through stroke and minimizes face twisting.  Experience a remarkably soft feel thanks to the Micro-Groove Face Technology, which imparts immediate topspin for a true and accurate roll(more...)",Tour Edge
8/24/2023 12:01 pm,TEMP ALPS B NEW PUT,Tour Edge Template Alps Black Putter,Template Alps Black,No,Putter,2023,,,"<p><strong>Who&rsquo;s It For?</strong></p>  <p><span style=""font-weight: 400;"">The Tour Edge Template Alps Black Putter is a great choice for golfers who prefer a mallet style with maximum forgiveness and stability. Its face-balanced design promotes a straight-back-straight-through stroke, making it ideal for those who struggle with an arcing putting path. The micro-groove face technology provides a soft yet responsive feel at impact, while the contrasting black finish and white alignment lines offer easy alignment.  Plus, Tour Edge provides high-quality putters with advanced technology at a more competitive price point than many other brands, making the Alps Black an excellent value for golfers seeking a premium putter without the premium price tag.</span></p>  <p><strong>The Tech Story</strong></p>  <p><span style=""font-weight: 400;"">The Tour Edge Template Alps Putter blends classic design with modern technology for exceptional performance on the green. Its longer wings provide a higher MOI for increased forgiveness and stability, while the double bend hosel promotes a straight-back-straight-through stroke and minimizes face twisting.  Experience a remarkably soft feel thanks to the Micro-Groove Face Technology, which imparts immediate topspin for a true and accurate roll. (more...)",Tour Edge
8/18/2023 5:01 pm,TOUR AD DI DST,Graphite Design Tour AD DI Driver Shaft,Tour AD DI,No,Driver Shaft,2023,,,"<h2>Graphite Design Tour AD DI Driver Shaft: Unleash Your Driving Force</h2>  <p>The Graphite Design Tour AD DI (Deep Impact) driver shaft is a premium offering designed for golfers seeking a powerful and penetrating ball flight with exceptional feel and control. Crafted with precision and innovation at the Graphite Design factory headquarters in Japan, this shaft is engineered to enhance your driving game and deliver exceptional results.</p>  <h3>Experience the Difference:</h3>  <ul>   <li><strong>Deep Impact Technology:</strong> The Tour AD DI incorporates Toray Company's new Nanomaterial technology in the tip section of the shaft. This unique technology allows the player to generate explosive ball speed while maintaining exceptional feel and control.</li>   <li><strong>Enhanced Stability:</strong> The shaft's construction utilizes premium, aerospace-quality 50t carbon-fiber materials to provide the best performing shaft available. The softer mid-section bend profile allows the player to load the shaft properly, yet it maintains a firm enough tip section through impact for greater stability.</li>   <li><strong>Optimal Launch Conditions:</strong> The Tour AD DI promotes a high launch and low spin ball flight condition, delivering exceptional distance and accuracy off th(more...)",Graphite Design
8/2/2023 12:01 pm,APEX MB 24 NEW STS,Callaway Apex MB 24 Iron Set,Apex MB 24,No,Iron Set,2023,,,"<p><strong>Who&rsquo;s It For?</strong></p><p>As one of the preeminent golf manufacturers in the world, every new Callaway release turns heads, and the 2024 Callaway Apex Pro iron series is no different. The series consists of four different models, all of which present a different set of benefits while still working in concert to offer golfers endless combination set possibilities. The Callaway Apex MB Irons are designed for elite golfers searching for a classic blade that blends top-level workability with unsurpassed feel.</p><p><strong>The Tech Story</strong></p><p>Forged in one piece from 1025 carbon steel, Callaway engineers have made the Apex MB Irons some of the purest-feeling irons in golf. Also new to all Apex Pro series irons is a Dynamic Sole Design with a dual chamfer on the leading edge. The result of this design is more efficient turf interaction and increased consistency. Finally, due to the identical MIM back weights in every Apex Pro series iron set, fitters are able to dial in swing weights, making the design of combo sets easier than ever.</p><p><strong>Facts and Figures</strong></p><p>Category: Players Irons</p><p><span style=""font-weight: 400;"">Stock Set Configuration: 4-PW</span></p><p><strong>Get Fit</strong></p><p><span style=""font-weight: 400;"">2nd Swing (more...)",Callaway
8/2/2023 12:01 pm,APEX CB 24 NEW STS,Callaway Apex CB 24 Iron Set,Apex CB 24,No,Iron Set,2023,,,"<p><strong>Who&rsquo;s It For?</strong></p><p>As one of the preeminent golf manufacturers in the world, every new Callaway release turns heads, and the 2024 Callaway Apex Pro iron series is no different. The series consists of four different models, all of which present a different set of benefits while still working in concert to offer golfers endless combination set possibilities. The Callaway Apex CB Irons are designed for low-handicaps searching for forged, blade-like feel and control in a clubhead that is not visually intimidating.</p><p><strong>The Tech Story</strong></p><p>Through a proprietary, 5-step forging process, Callaway engineers infuse the new Apex CB Irons with a buttery-soft feel and enhanced workability and control. Also new to all Apex Pro series irons is a Dynamic Sole Design with a pre-worn leading edge. The result of this design is more efficient turf interaction and increased consistency. Finally, due to the identical MIM back weights in every Apex Pro series iron set, fitters are able to dial in swing weights, making the design of combo sets easier than ever.</p><p><strong>Facts and Figures</strong></p><p>Category: Players Irons</p><p><span style=""font-weight: 400;"">Stock Set Configuration: 4-PW</span></p><p><strong>Get Fit</strong></p><p><span style=""fon(more...)",Callaway
8/1/2023 5:31 pm,STAFF MODEL MT22 PUT,Wilson Staff Staff Model MT22 Putter,Staff Model MT22,No,Putter,2023,,,"<h2>Wilson Staff Model MT22 Putter</h2>  <p><strong>Elevate your putting game with the Wilson Staff Model MT22, a precision-milled mallet putter designed for superior feel, consistency, and roll.</strong></p>  <h3>Features:</h3>  <ul>   <li><strong>PRECISION MILLING:</strong> Each Staff Model MT22 putter is 100% precision milled from a solid block of ultra-soft 304 stainless steel, ensuring exceptional quality and consistency for a truer roll.</li>   <li><strong>SOFT 304 STAINLESS STEEL:</strong> The ultra-soft 304 stainless steel provides a perfect balance of stability and feel, delivering a satisfying impact experience.</li>   <li><strong>PERFECT BALANCE:</strong> Performance-balanced weighting delivers ultimate swing control and an unmatched feel, promoting a smooth and confident stroke.</li>   <li><strong>CLASSIC DESIGN:</strong> The MT22 features a timeless half-mallet design with a rounded back, appealing to golfers who prefer a traditional aesthetic with modern performance benefits.</li> </ul>  <h3>Benefits:</h3>  <ul>   <li><strong>Enhanced Feel:</strong> Experience a softer yet solid feel at impact, promoting better distance control and accuracy.</li>   <li><strong>Improved Consistency:</strong> The precision milling and balanced weighting ensure a consi(more...)",Wilson Staff
8/1/2023 5:31 pm,STAFF MODEL 8802 PUT,Wilson Staff Staff Model 8802 Putter,Staff Model 8802,No,Putter,2023,,,"<h2>Wilson Staff Model 8802 Putter</h2>  <p><strong>A Modern Classic for the Discerning Golfer</strong></p>  <p>The Wilson Staff Model 8802 putter is a timeless design, reimagined for today's game.  Precision-milled from a solid block of 304 stainless steel, the 8802 offers exceptional feel and consistency on the greens. Its classic blade design and clean lines inspire confidence at address, while the performance-balanced weighting delivers unmatched swing control. </p>  <h3>Features:</h3>  <ul>   <li><strong>Precision Milled:</strong> 100% precision milled for superior feel and roll consistency.</li>   <li><strong>Soft 304 Stainless Steel:</strong> Provides a soft yet solid feel at impact.</li>   <li><strong>Classic Blade Design:</strong>  Timeless design with clean lines for confident address.</li>   <li><strong>Performance-Balanced Weighting:</strong>  Delivers ultimate swing control.</li>   <li><strong>Premium Finish:</strong>  Elegant and durable.</li> </ul>  <h3>Experience the Difference:</h3>  <p>The Wilson Staff Model 8802 putter is designed for golfers who demand the very best in performance and craftsmanship.  Elevate your putting game with this modern classic.</p>",Wilson Staff
8/1/2023 5:31 pm,STAFF MODEL BL22 PUT,Wilson Staff Staff Model BL22 Putter,Staff Model BL22,No,Putter,2023,,,"<h2>Wilson Staff Model BL22 Putter</h2>  <p><strong>Elevate your putting game with the Wilson Staff Model BL22, a precision-milled blade putter designed for superior feel, consistency, and roll.</strong></p>  <h3>Features:</h3>  <ul>   <li><strong>100% Precision Milled:</strong> Crafted from a solid block of ultra-soft 304 stainless steel for exceptional feel and feedback.</li>   <li><strong>Tour-Proven Design:</strong> A classic blade shape with a refined look and performance trusted by professionals.</li>   <li><strong>Performance-Balanced Weighting:</strong> Optimized weight distribution for ultimate swing control and unmatched feel.</li>   <li><strong>Aggressive Face Milling:</strong> Promotes a consistent, pure roll with every stroke.</li>   <li><strong>Premium Aesthetics:</strong> Clean lines, refined finish, and subtle branding for a timeless look.</li> </ul>  <h3>Benefits:</h3>  <ul>   <li><strong>Enhanced Feel:</strong> Experience a softer feel at impact for improved touch and distance control.</li>   <li><strong>Unmatched Consistency:</strong> Achieve a pure roll and predictable results on every putt.</li>   <li><strong>Superior Control:</strong> Maintain optimal swing control and stability throughout your stroke.</li>   <li><strong>Confident Alignme(more...)",Wilson Staff
8/1/2023 5:31 pm,STAFF MODEL TM22 PUT,Wilson Staff Staff Model TM22 Putter,Staff Model TM22,No,Putter,2023,,,"<h2>Wilson Staff Model TM22 Putter</h2>  <p><strong>Elevate your putting game with the Wilson Staff Model TM22, a precision-milled putter designed for superior consistency, feel, and stability.</strong></p>  <h3>Features:</h3>  <ul>   <li><strong>100% Precision Milled:</strong> Crafted from a solid block of ultra-soft 304 stainless steel for exceptional feel and consistency.</li>   <li><strong>High MOI Design:</strong> The contemporary twin-tail mallet shape delivers exceptional forgiveness and stability, helping you sink more putts.</li>   <li><strong>Performance-Balanced Weighting:</strong> Provides ultimate swing control and an unmatched feel.</li>   <li><strong>Aggressively Milled Face:</strong> Promotes a consistent and pure roll for improved accuracy.</li>   <li><strong>Modern Aesthetics:</strong> Features a sleek and modern design with clean lines and a refined finish.</li> </ul>  <h3>Benefits:</h3>  <ul>   <li><strong>Enhanced Feel:</strong> The ultra-soft 304 stainless steel provides a soft yet solid feel at impact.</li>   <li><strong>Improved Consistency:</strong> Precision milling and a high MOI design ensure consistent roll and accuracy.</li>   <li><strong>Increased Stability:</strong> The twin-tail mallet shape provides exceptional stability throug(more...)",Wilson Staff
7/11/2023 11:30 am,G LE 3 NEW DVR,Ping G LE 3 Driver,G LE 3,No,Driver,2023,,,"<p><strong>Who&rsquo;s It For?</strong></p><p>PING has long been one of the golf equipment leaders when it comes to performance for every type of golfer. The PING G Le3 line represents the latest advancement in golf club performance for women. The lightweight, easy-to-swing clubs rely on the proven success of the PING G430 technology and deliver added distance and unmatched forgiveness. The PING G Le3 driver will best fit women golfers looking to add distance and forgiveness off the tee. Junior golfers and teen golfers may also see the same benefits playing a G Le3 driver.</p><p><strong>The Tech Story</strong></p><p>The PING G Le3 line represents the latest advancement in golf club performance for women. In the driver, it means, higher, longer, and straighter results off the tee. This is generated by a lighter overall club build that naturally boosts swing speed. Furthermore, crown turbulators and a Vortec cavity add swing speed through aerodynamic efficiency. Meanwhile, the G Le3 driver features a forged face optimized to get the best performance possible from swing speeds of 80 miles per hour or less. A fixed back weight lowers the center of gravity and creates a slight draw bias for golfers that might struggle with a slice. The Trajectory Tuning 2.0 hosel allows for loft and l(more...)",Ping
4/24/2023 1:15 pm,VENTUS BLACK TR DST,Fujikura Ventus TR Velocore Black Driver Shaft,Ventus TR Velocore Black,No,Driver Shaft,2023,,,"<h2>Fujikura Ventus TR VeloCore Black Driver Shaft</h2>  <p>Experience the pinnacle of driver performance with the ultimate combination of speed, stability, and feel. The Fujikura Ventus TR VeloCore Black driver shaft is engineered for golfers with high swing speeds who demand a penetrating ball flight, exceptional control, and a tour-inspired design.</p>  <h3>Features:</h3>  <ul>   <li><strong>VeloCore Technology:</strong>  Features Fujikura's renowned VeloCore Technology, with a full-length Pitch 70 Ton Carbon Fiber layer that maximizes energy transfer and provides unparalleled stability for unmatched accuracy and control.</li>   <li><strong>Low Launch, Low Spin:</strong>  Delivers a powerful, penetrating ball flight with minimal spin, maximizing distance and control even in windy conditions. Ideal for players seeking to maximize roll.</li>   <li><strong>Enhanced Stability:</strong>  VeloCore Technology provides exceptional stability throughout the swing, promoting greater accuracy and tighter dispersion.</li>   <li><strong>Smooth Feel:</strong>  Offers a smooth, responsive feel that promotes confidence and consistency.</li>   <li><strong>Sleek Black Design:</strong>  Features a classic, understated black design with a distinctive red VeloCore logo that adds a touch (more...)",Fujikura
4/24/2023 1:15 pm,VENTUS TR RED DST,Fujikura Ventus TR Velocore Red Driver Shaft,Ventus TR Velocore Red,No,Driver Shaft,2023,,,"<h2>Fujikura Ventus TR VeloCore Red Driver Shaft</h2>  <p>Ignite your game with a fiery passion for distance and accuracy. The Fujikura Ventus TR VeloCore Red driver shaft is engineered for golfers seeking a mid-high launch with exceptional feel and stability, delivering a powerful ball flight that maximizes distance and control off the tee.</p>  <h3>Features:</h3>  <ul>   <li><strong>VeloCore Technology:</strong>  Features Fujikura's renowned VeloCore Technology, with a full-length Pitch 70 Ton Carbon Fiber layer that maximizes energy transfer and provides unparalleled stability for unmatched accuracy and control.</li>   <li><strong>Mid-High Launch, Mid Spin:</strong>  Delivers a powerful ball flight with optimal launch and spin characteristics for maximum distance and control. Ideal for players seeking a balance of carry and roll.</li>   <li><strong>Enhanced Stability:</strong>  VeloCore Technology provides exceptional stability throughout the swing, promoting greater accuracy and tighter dispersion.</li>   <li><strong>Smooth Feel:</strong>  Offers a smooth, responsive feel that promotes confidence and consistency.</li>   <li><strong>Bold Red Design:</strong>  Features a striking red design with a distinctive black VeloCore logo that adds a touch of passion and power(more...)",Fujikura
4/18/2023 3:00 pm,KM-700 STS,Miura KM-700 Iron Set,KM-700,No,Iron Set,2023,,,"<p><strong>Who’s It For?</strong></p>   <p><span style=""font-weight: 400;"">The Miura KM-700 Iron Set is designed for golfers who demand precision, consistency, and craftsmanship at the highest level. After five years of development, Katsuhiro Miura created a revolutionary design that naturally delivers the clubhead square at impact, optimizing accuracy and control without altering a player’s swing. This performance is achieved through Miura’s proprietary manufacturing techniques and the meticulous grinding expertise of its master craftsmen, ensuring perfect weight distribution and balance. The KM-700 is ideal for players seeking a blend of traditional feel and modern innovation, allowing golfers of all skill levels to maximize their game with unmatched quality and performance.</span></p>   <p><strong>The Tech Story</strong></p>   <p><span style=""font-weight: 400;""> The Miura KM-700 Irons represent a breakthrough in design and craftsmanship, delivering optimized performance and forgiveness for golfers of all skill levels. Featuring a unique back shape and weight distribution, these irons precisely position the center of gravity for each loft, promoting a natural return to square at impact for improved accuracy. A revolutionary hosel and heel design shifts the CG 3mm closer t(more...)",Miura
4/5/2023 12:30 pm,DIAMANA GT DST,Mitsubishi Golf Diamana GT Driver Shaft,Diamana GT,No,Driver Shaft,2022,,,"<h2>Mitsubishi Rayon Diamana GT Driver Shaft</h2>  <p>Experience the ""Greatest Trajectory"" with the Diamana GT driver shaft.  Engineered for golfers seeking a mid-launch profile with exceptional stability and feel, the Diamana GT delivers a powerful and controlled ball flight for maximum distance and accuracy.</p>  <h3>Features:</h3>  <ul>   <li><strong>Stiffest Handle Section:</strong>  The Diamana GT boasts the stiffest handle section of any Diamana profile, providing exceptional stability and control for players with aggressive swings.</li>   <li><strong>Softer Mid and Tip Sections:</strong>  A slightly softer mid and tip section enhances feel and responsiveness while promoting a mid-launch trajectory.</li>   <li><strong>Premium Materials:</strong>  Constructed with a bevy of premium materials, including high-modulus MR70 and high-strength boron, for exceptional performance and durability.</li>   <li><strong>Consistent Feel Design:</strong>  Ensures maximum ease of fitting and a consistent feel across all flexes.</li>   <li><strong>Xlink Tech Resin System:</strong>  Mitsubishi's breakthrough resin system enhances feel without sacrificing strength.</li>   <li><strong>Distinctive Silver Gradation Finish:</strong>  The ion-plated silver gradation finish provides a sha(more...)",Mitsubishi Golf
3/21/2023 10:15 am,SPEEDER NX GRE DST,Fujikura Speeder NX Green Driver Shaft,Speeder NX Green,No,Driver Shaft,2023,,,"<h2>Fujikura Speeder NX Green Driver Shaft: High Launch, Enhanced Feel</h2>  <p>The Fujikura Speeder NX Green driver shaft is designed for golfers who want to maximize distance and achieve a towering ball flight. Building on the legacy of the popular Speeder NX, the Green version incorporates a unique bend profile for enhanced feel and high launch.</p>  <h3>Experience the Difference:</h3>  <ul>   <li><strong>Enhanced Feel:</strong> The Speeder NX Green utilizes a softer midsection and a stiff tip section to provide exceptional feel and responsiveness throughout the swing. This translates to greater feedback and control, allowing you to shape shots and find the fairway with confidence.</li>   <li><strong>High Launch:</strong> The shaft's profile is designed to produce a high launch trajectory with mid spin, maximizing carry distance and forgiveness. Experience a towering ball flight that carries far and lands softly.</li>   <li><strong>Variable Torque Core (VTC):</strong> This innovative technology fine-tunes torsional stiffness along the shaft for optimal performance and feel.</li> </ul>  <h3>Key Features:</h3>  <ul>   <li><strong>Softer Mid-Section:</strong> Promotes a high launch and enhances feel.</li>   <li><strong>Stiff Tip Section:</strong> Provides stabilit(more...)",Fujikura
3/14/2023 5:00 pm,VANQUISH DST,Mitsubishi Golf Vanquish Driver Shaft,Vanquish,No,Driver Shaft,2023,,,"<h2>Mitsubishi Rayon Vanquish Driver Shaft: Unleash Your Speed</h2>  <p>The Mitsubishi Rayon Vanquish driver shaft is designed for golfers who prioritize a lightweight feel and explosive speed without sacrificing control. This premium shaft delivers exceptional performance with a high launch and low spin, making it ideal for players seeking to maximize distance and accuracy off the tee.</p>  <h3>Experience the Difference:</h3>  <ul>   <li><strong>Lightweight Design:</strong> The Vanquish is engineered with a focus on lightweight performance, promoting increased clubhead speed and effortless swings. Experience the freedom to swing faster and generate more power with your driver.</li>   <li><strong>High Launch, Low Spin:</strong> The shaft's profile is designed to produce a high-launching, low-spinning ball flight that maximizes carry distance and accuracy. Watch your drives soar with a powerful trajectory.</li>   <li><strong>Enhanced Stability:</strong> Despite its lightweight construction, the Vanquish maintains exceptional stability and control. This translates to greater accuracy and tighter dispersion, even with faster swing speeds.</li> </ul>  <h3>Key Features:</h3>  <ul>   <li><strong>Lightweight Construction:</strong> Promotes increased clubhead speed and eff(more...)",Mitsubishi Golf
3/8/2023 7:00 pm,CB-302 NEW STS,Miura CB-302 Iron Set,CB-302,No,Iron Set,2023,,,"<h2>Miura CB-302 Iron Set</h2>  <p><strong>Experience the pinnacle of forged iron performance with the Miura CB-302 irons.</strong>  Meticulously crafted by master clubmakers in Japan, these irons represent the perfect blend of distance, forgiveness, and feel. </p>  <h3>Features:</h3>  <ul>   <li><strong>Unmatched Feel:</strong> Forged from premium S20C soft carbon steel, the CB-302 delivers the legendary Miura feel, providing exceptional feedback with every swing.</li>   <li><strong>Maximum Forgiveness:</strong>  The longest forged cavity-back iron Miura has ever produced, featuring the largest sole width (19mm / 7 iron) for optimized forgiveness on off-center hits.</li>   <li><strong>Enhanced Playability:</strong>  Miura's iconic Y grind, combined with precise camber and leading/trailing edge relief, ensures consistent performance regardless of your swing trajectory or lie.</li>   <li><strong>Stunning Design:</strong> The CB-302 boasts a classic yet modern design with a satin chrome finish, exuding elegance and sophistication.</li>   <li><strong>Uncompromising Quality:</strong>  Each iron is meticulously crafted by skilled artisans, ensuring unparalleled quality and attention to detail.</li> </ul>  <h3>Benefits:</h3>  <ul>   <li><strong>Increased Distance:</str(more...)",Miura
3/7/2023 2:00 pm,TOUR AD CQ DST,Graphite Design Tour AD CQ Driver Shaft,Tour AD CQ,No,Driver Shaft,2023,,,"<h2>Graphite Design Tour AD CQ Driver Shaft: Conquer the Course</h2>  <p>The Graphite Design Tour AD CQ (Conquest) driver shaft is a premium offering designed for golfers seeking a powerful and high-launching ball flight with exceptional feel and control. Crafted with precision and innovation at the Graphite Design factory headquarters in Japan, this shaft is engineered to enhance your driving game and deliver exceptional results.</p>  <h3>Experience the Difference:</h3>  <ul>   <li><strong>Explosive Launch:</strong> The Tour AD CQ utilizes premium, aerospace-quality carbon-fiber materials, including the new 2G-Namd material in the butt section, to promote a smooth, powerful swing and a mid-high launch. Experience effortless speed and increased ball speeds for maximum distance.</li>   <li><strong>Enhanced Feel:</strong> The shaft's construction and materials deliver exceptional feel and responsiveness. Enjoy a smooth, connected feel throughout your swing, promoting confidence and control.</li>   <li><strong>Optimal Control:</strong> The Tour AD CQ features a firm butt section, firm center section, and a medium+ tip section to promote a mid-high launch angle and mid ball spin rates. This translates to optimal control and accuracy, even with increased swing speeds.</li> <(more...)",Graphite Design
3/7/2023 2:00 pm,KM2 PUT,Miura KM-2 Putter,KM-2,No,Putter,2023,,,"<h2>Miura KM-2 Putter</h2>  <p><strong>Experience the pinnacle of putting craftsmanship with the Miura KM-2 Putter.</strong></p>  <p>Crafted from premium Japanese Stainless Steel, the KM-2 is a classic blade design meticulously milled to deliver exceptional feel and performance. Its deep milled face provides unmatched responsiveness and consistency, while the clean lines and refined aesthetics inspire confidence on the green. </p>  <h3>Features:</h3>  <ul>   <li><strong>Fully milled from Japanese Stainless Steel:</strong> Ensuring unparalleled quality and durability.</li>   <li><strong>Deep milled face:</strong> Promoting a soft yet responsive feel for optimal control.</li>   <li><strong>Classic blade design:</strong> Providing timeless elegance and a traditional look.</li>   <li><strong>Precision weighting:</strong> Delivering exceptional balance and stability.</li>   <li><strong>Handcrafted in Japan:</strong>  A testament to Miura's commitment to excellence.</li> </ul>  <p><strong>Elevate your putting game with the Miura KM-2 – a masterpiece of precision engineering.</strong></p>",Miura
1/23/2023 7:00 pm,MC-502 STS,Miura MC-502 Iron Set,MC-502,No,Iron Set,2023,,,"<h2>Miura MC-502 Iron Set: Experience the Evolution of a Classic</h2>  <p>Elevate your iron game with the Miura MC-502 Iron Set, a masterpiece of craftsmanship and performance. Building on the legacy of the iconic MC-501, these irons represent the pinnacle of feel, precision, and feedback, meticulously forged by master clubmaker Katsuhiro Miura.</p>  <h3>Features:</h3>  <ul>   <li><strong>Hand-Forged from Premium S25C Soft Carbon Steel:</strong> Each iron is meticulously crafted using Miura's renowned forging process, resulting in exceptional feel and responsiveness.</li>   <li><strong>Refined Sole and Face Progression:</strong> Subtle design enhancements promote a square face at impact and smoother turf interaction, enhancing consistency and accuracy.</li>   <li><strong>Optimized Center of Gravity:</strong> Precisely positioned to deliver optimal launch and spin characteristics for each iron in the set.</li>   <li><strong>Unparalleled Feel and Feedback:</strong> Experience the legendary Miura feel, providing unmatched feedback on every shot.</li>   <li><strong>Timeless Design:</strong> A classic and elegant design that inspires confidence at address.</li> </ul>  <h3>Benefits:</h3>  <ul>   <li>Unleash your true potential with exceptional control and precision.</l(more...)",Miura
12/13/2022 6:01 pm,Z FORGED II NEW STS,Srixon Z Forged II Iron Set,Z Forged II,No,Iron Set,2023,,,"<p><strong>Who’s it For?</strong></p>  <p><span style=""font-weight: 400;"">For the skilled golfer who demands the ultimate in feel and control, the Z-Forged II Irons are a traditional muscle back blade designed with direct input from Srixon's tour professionals. Achieve crisp feedback, maximum command, and the ability to shape shots with pinpoint accuracy.</span></p>  <p><strong>The Tech Story</strong></p>  <p><span style=""font-weight: 400;"">The Srixon Z Forged II Irons are meticulously crafted for skilled players, beginning with a precision forging of 1020 Carbon Steel to deliver a premium feel and exceptional playability, developed in close collaboration with Srixon's tour professionals as a highly workable muscle back blade. This enhanced feel is further amplified by PureFrame technology, a strategic shaping feature that adds mass directly behind the impact zone for unmatched feedback and performance. The irons boast a contemporary blade shaping with a compact profile and clean address, while the back cavity design optimizes the Center of Gravity (CG) and Moment of Inertia (MOI) without compromising feel or workability. Performance is further optimized through Progressive Grooves, featuring wider grooves in the longer irons (3i-7i) for consistent performance in all condition(more...)",Srixon
11/29/2022 1:00 pm,2023 P7MB NEW STS,TaylorMade 2023 P7MB Iron Set,2023 P7MB,No,Iron Set,2023,,,"<p><strong>Who&rsquo;s It For?</strong></p><p>The new 2023 TaylorMade P7MB irons are the latest players muscle back blade iron model available from TaylorMade and are already in the bag of some of the best iron players on the planet. Designed with input directly from Tour, the 2023 P7MBs feature a clean, compact clubhead appearance and a soft feel demanded by the most skilled players. The new P7MBs are best designed for skilled players seeking more workability and control instead of distance.</p><p><strong>The Tech Story</strong></p><p>The 2023 P7MB irons are built for the elite ball-strikers. A thin topline, short blade length, and progressive offset deliver a clean look at address that will appeal to the skilled player, while a narrow sole and tight leading edge ensure consistent interaction with the turf. The faceted muscle back geometry includes a seamless blend of traditional muscle back iron performance with contemporary look and design. The updated back bar now uses symmetrical geometry to create a timeless look at address or in the bag. The clubhead itself is constructed through compact grain forging of 1025 carbon steel, delivering a tighter, more compact grain structure. Plus, the aggressive MX9 score line geometry on the clubface promotes even more precision for superb(more...)",TaylorMade
11/16/2022 12:00 pm,SF505XX DST,autoFlex SF505XX Driver Shaft,SF505XX,No,Driver Shaft,2021,,,"<h2>autoFlex SF505XX Driver Shaft</h2>  <p>Experience the future of golf shaft technology with the revolutionary autoFlex SF505XX. This innovative driver shaft utilizes cutting-edge materials and design to deliver unparalleled performance and consistency for golfers of all skill levels.</p>  <h3>Features:</h3>  <ul>   <li><strong>Korea Hidden Technology (KHT):</strong>  autoFlex shafts feature a unique ""KHT"" design that allows the shaft to automatically adjust its stiffness throughout the swing, optimizing energy transfer and maximizing ball speed regardless of your swing speed.</li>   <li><strong>Ultra-Lightweight Design:</strong>  Significantly lighter than traditional driver shafts, promoting increased clubhead speed and distance.</li>   <li><strong>Enhanced Stability:</strong>  Despite its lightweight construction, the SF505XX provides exceptional stability and control, thanks to its unique KHT technology.</li>   <li><strong>Increased Ball Speed:</strong>  The shaft's ability to optimize energy transfer results in increased ball speed and distance.</li>   <li><strong>Smooth Feel:</strong>  Offers a smooth, unique feel that promotes confidence and consistency.</li> </ul>  <h3>Benefits:</h3>  <ul>   <li><strong>Increased Distance:</strong>  Experience significa(more...)",autoFlex
11/8/2022 7:01 pm,SF305X DST,autoFlex SF305X Driver Shaft,SF305X,No,Driver Shaft,2021,,,"<h2>autoFlex SF305X Driver Shaft</h2>  <p>Experience effortless distance and surprising accuracy with the revolutionary autoFlex SF305X Driver Shaft. This innovative shaft utilizes cutting-edge materials and design to deliver unparalleled performance and consistency for golfers with moderate swing speeds.</p>  <h3>Features:</h3>  <ul>   <li><strong>Korea Hidden Technology (KHT):</strong>  autoFlex shafts feature a unique ""KHT"" design that allows the shaft to automatically adjust its stiffness throughout the swing, optimizing energy transfer and maximizing ball speed regardless of your swing speed. This allows for consistent performance with every swing, even with variations in tempo or transition.</li>   <li><strong>Lightweight Design:</strong>  Significantly lighter than traditional driver shafts, promoting increased clubhead speed and distance.</li>   <li><strong>Enhanced Stability:</strong>  Designed for golfers with moderate swing speeds, the SF305X provides exceptional stability and control, thanks to its unique KHT technology.</li>   <li><strong>Increased Ball Speed:</strong>  The shaft's ability to optimize energy transfer results in increased ball speed and distance.</li>   <li><strong>Smooth Feel:</strong>  Offers a smooth, unique feel that promotes confidence(more...)",autoFlex
11/1/2022 5:00 pm,MEZZ.1 MAX NEW PUT,L.A.B. Golf MEZZ.1 Max Putter,MEZZ.1 Max,No,Putter,2022,,,"<p><strong>Who&rsquo;s It For?</strong></p> <p><span style=""font-weight: 400;"">Are you a golfer seeking the ultimate edge on the greens? Look no further than the L.A.B. MEZZ.1 MAX Putter, meticulously engineered to elevate your putting game to unprecedented levels of precision and consistency. The MEZZ.1 MAX's groundbreaking Lie Angle Balance (LAB) design promises to revolutionize your approach to putting. Designed for golfers of all skill levels, the L.A.B. MEZZ.1 MAX offers outrageous stability and the most forgiveness possible in a wing-back design. It&rsquo;s available in Standard-Length, ArmLock and Broomstick builds.</span></p> <p> </p> <p><strong>The Tech Story</strong></p> <p><span style=""font-weight: 400;"">The L.A.B. MEZZ.1 MAX Putter is a masterpiece of engineering prowess, meticulously crafted to redefine the very essence of putting performance. At its core lies the groundbreaking Lie Angle Balance (LAB) technology, a culmination of years of research and development aimed at revolutionizing the putting stroke. This cutting-edge design ensures that the center of gravity aligns perfectly with the axis of the shaft, effectively neutralizing unwanted twisting forces and promoting a smoother, more consistent roll. The MEZZ.1 MAX boasts a meticulously milled face, e(more...)",L.A.B. Golf
6/28/2022 4:00 pm,CHIPR NEW WGS,Ping ChipR Chipper,ChipR,No,Chipper,2022,,,"<h2>Ping ChipR</h2>  <p>The Ping ChipR is a unique and innovative club designed to help golfers of all skill levels improve their short game. This hybrid club combines elements of a putter and a wedge, making it incredibly easy to use and forgiving around the green. </p>  <h3>Features:</h3>  <ul>   <li><strong>Hybrid Design:</strong> Blends the best features of a putter and a wedge for optimal chipping performance.</li>   <li><strong>Putter-Like Length:</strong> The 35-inch length promotes a stable and controlled putting stroke for chipping.</li>   <li><strong>Forgiving Loft:</strong> The 38.5-degree loft, similar to a 9-iron, is ideal for bump-and-run shots and chipping from tight lies.</li>   <li><strong>Wide Sole:</strong> The wide sole glides smoothly through the turf, preventing digging and promoting clean contact.</li>   <li><strong>Confidence-Inspiring Design:</strong> The sleek and compact design instills confidence and promotes a smooth swing.</li> </ul>  <h3>Benefits:</h3>  <ul>   <li><strong>Improved Short Game:</strong> Helps you achieve greater consistency and accuracy around the green.</li>   <li><strong>Reduced Fear of Chunking:</strong> The hybrid design and wide sole minimize the chances of hitting fat or thin shots.</li>   <li><strong>Increase(more...)",Ping
6/13/2022 7:01 pm,MEZZ.1 PUT,L.A.B. Golf MEZZ.1 Putter,MEZZ.1,No,Putter,2022,,,"<p><strong>Who&rsquo;s It For?</strong></p>  <p><span style=""font-weight: 400;"">Zero Torque. Zero Compromise. The L.A.B. MEZZ.1 makes putting easier thanks to its Lie Angle Balance technology, which squares the putter at impact. It&rsquo;s a touch smaller than its MEZZ.1 MAX cousin, and while only available in a standard length build, it still offers unbelievable stability and forgiveness, while providing a bit more feel, making it a fit for nearly every golfer out there.</span></p>  <p> </p>  <p><strong>The Tech Story</strong></p>  <p><span style=""font-weight: 400;"">The L.A.B. MEZZ.1 MAX Putter is a masterpiece of engineering prowess, meticulously crafted to redefine the very essence of putting performance. At its core lies the groundbreaking Lie Angle Balance (LAB) technology, a culmination of years of research and development aimed at revolutionizing the putting stroke. This cutting-edge design ensures that the center of gravity aligns perfectly with the axis of the shaft, effectively neutralizing unwanted twisting forces and promoting a smoother, more consistent roll. The MEZZ.1 MAX boasts a meticulously milled face, engineered to precise tolerances to enhance ball contact and impart optimal forward spin for true, predictable roll characteristics. Its aerospace-grade cons(more...)",L.A.B. Golf
3/9/2022 7:00 pm,TENSEI PRO O 1K DST,Mitsubishi Golf Tensei Pro Orange 1K Driver Shaft,Tensei Pro Orange 1K,No,Driver Shaft,2022,,,"<h2>Mitsubishi Rayon Tensei Pro Orange 1K Driver Shaft</h2>  <p>Unleash your power and control with the vibrant Tensei Pro Orange 1K. This driver shaft from Mitsubishi Rayon is designed for golfers with aggressive swings who demand a low-spinning, penetrating ball flight with exceptional feel and stability.</p>  <h3>Features:</h3>  <ul>   <li><strong>Counterbalanced Design:</strong>  Features a counterbalanced design with tungsten powder in the handle section, shifting the balance point higher for increased swing speed and stability. This allows you to swing faster without sacrificing control.</li>   <li><strong>1K Carbon Fiber Weave:</strong>  Utilizes premium 1K carbon fiber in the handle section for unparalleled feel and stability, reducing ovalization and deformation under load. This ensures a consistent feel and responsiveness throughout your swing.</li>   <li><strong>Low Launch, Low Spin:</strong>  Delivers a powerful, penetrating ball flight with minimal spin, maximizing distance and control even in windy conditions. Ideal for players who prefer a workable trajectory.</li>   <li><strong>Xlink Tech Resin System:</strong>  Mitsubishi's innovative resin system enhances feel and responsiveness while increasing the shaft's strength. This allows for a more refined feel(more...)",Mitsubishi Golf
2/19/2022 11:00 am,TOUR AD UB DST,Graphite Design Tour AD UB Driver Shaft,Tour AD UB,No,Driver Shaft,2022,,,"<h2>Graphite Design Tour AD UB Driver Shaft</h2>  <p>Elevate your driving game with the Graphite Design Tour AD UB. Engineered for discerning golfers who demand exceptional performance, the ""UB"" (Ultimate Bias) shaft delivers a mid-launch profile with incredible stability and feel, allowing you to bomb it off the tee with confidence.</p>  <h3>Features:</h3>  <ul>   <li><strong>TORAYCA® Carbon Fiber:</strong>  Utilizes premium TORAYCA® T1100G and M40X carbon fiber materials in the tip and mid-sections, respectively, for unrivaled shaft stability and precise ball control.</li>   <li><strong>Mid Launch, Low/Mid Spin:</strong>  Delivers a powerful ball flight with a mid launch angle and low/mid spin rates, promoting optimal distance and control. Perfect for players seeking a balance of carry and roll.</li>   <li><strong>Enhanced Stability:</strong>  The UB's unique construction and materials provide exceptional stability throughout the swing, promoting greater accuracy and tighter dispersion.</li>   <li><strong>Smooth Feel:</strong>  Maintains the exceptional feel that Graphite Design shafts are known for, providing a smooth, responsive feel throughout the swing.</li>   <li><strong>Premium Design:</strong>  Features a sleek, sophisticated design with a distinctive blue col(more...)",Graphite Design
6/25/2021 5:02 pm,TENSEI PRO WH 1K DST,Mitsubishi Golf Tensei Pro White 1K Driver Shaft,Tensei Pro White 1K,No,Driver Shaft,2022,,,"<h2>Experience Uncompromising Performance with the Mitsubishi Tensei Pro White 1K Driver Shaft</h2>  <p>The Mitsubishi Tensei Pro White 1K driver shaft is engineered for golfers who demand the ultimate in performance and stability. Building on the legacy of the renowned Tensei White profile, the Pro White 1K incorporates advanced materials and innovative design to deliver exceptional accuracy and distance off the tee.</p>  <h3>Experience the Tensei Pro White 1K Difference:</h3>  <ul>   <li><strong>Low Launch, Penetrating Trajectory:</strong> The Tensei Pro White 1K promotes a low launch angle with low spin, creating a powerful and penetrating ball flight that cuts through the wind and maximizes distance.</li>   <li><strong>Unwavering Stability:</strong>  Mitsubishi's exclusive 1K carbon fiber weave technology provides exceptional stability throughout the swing, minimizing unwanted twisting and promoting pinpoint accuracy. 1K fiber is 3x thinner than conventional carbon fiber, allowing for a tighter, more consistent weave and enhanced feel.</li>   <li><strong>Smooth Energy Transfer:</strong>  The Pro White 1K's advanced design facilitates a smooth and efficient transfer of energy, resulting in a powerful and responsive feel at impact.</li>   <li><strong>Xlink Tech Resin (more...)",Mitsubishi Golf
6/13/2021 5:46 pm,20 AKA OM-5 NEW PUT,Onoff 20 AKA OM-5 Putter,20 AKA OM-5,No,Putter,2020,,,"<h2>Onoff 20 AKA OM-5 Putter</h2>  <p><strong>Elevate your putting game with the Onoff 20 AKA OM-5 Putter.</strong> This precision-crafted mallet putter combines innovative technology with a classic design to help you sink more putts with confidence.</p>  <h3>Features:</h3>  <ul>   <li><strong>True-Roll Face Technology:</strong>  Ensures consistent ball speed and roll across the entire face for unmatched accuracy and distance control. Say goodbye to those frustrating mishits!</li>   <li><strong>Classic Mallet Design:</strong>  Provides exceptional stability and forgiveness, inspiring confidence on every putt.</li>   <li><strong>3-Angled Score Lines:</strong>  Promote a smooth, forward roll for improved distance control.</li>   <li><strong>High Contrast Alignment Aid:</strong>  Makes it easy to line up your putts and achieve perfect alignment.</li> </ul>  <p><strong>Experience the difference that the Onoff 20 AKA OM-5 Putter can make in your game.  Sink more putts, lower your scores, and enjoy the confidence that comes with a putter you can trust.</strong></p>",Onoff
6/2/2021 5:17 pm,TWORLD GS NEW FWG,3Honma TWORLD GS Fairway Wood,TWORLD GS,No,Fairway Wood,2021,,,"<p>T//World GS fairway woods come with foundational sound mechanics that maximize face flexure for greater distance. Start going for those Par 5's in two!</p><h3><strong>Features:</strong></h3><p><strong>FLIP SLOT:</strong> Built with Flip Slot technology to maximize face flexure and reduce spin for more speed and additional forgiveness.</p><p><strong>DRAW BIASED DESIGN:</strong> Internal weight positioned towards the heel to create dynamic closure for increased side-spin and enhanced draw-bias.</p><p><strong>PURPOSEFUL ALIGNMENT:</strong> Integrated heel-bias crown graphic is applied to encourage golfers to return the club face to square at impact.</p><p><strong>SPEEDTUNED GRAPHITE</strong>: Designed in Sakata, Japan, high-performing graphite shafts are built with a mid-kick point, enhancing the golfer's feel of the location of the club head throughout the swing.</p> <p><strong>Get Fit</strong></p><p><span style=""font-weight: 400;"">2nd Swing offers award-winning club fitting services at each of our store locations and through the 2nd Swing Online Fitting and Support team on <a href=""https://www.2ndswing.com/"">2ndswing.com</a>. Make sure your equipment is fit for your game and schedule your award-winning fitting experience by calling <a href=""tel:612-216-4152"">(612) 216-4152</a>(more...)",Honma
6/2/2021 5:17 pm,TWORLD GS NEW HYG,Honma TWORLD GS Hybrid,TWORLD GS,No,Hybrid,2021,,,"<p>A draw-biased design allows golfers to reach carry distances with unparalleled precision.</p><h3><strong>Features:</strong></h3><p><strong>FLIP SLOT:</strong> Built with Flip Slot technology to maximize face flexure and reduce spin for more speed and additional forgiveness.</p><p><strong>DRAW BIASED DESIGN:</strong> Internal weight positioned towards the heel to create dynamic closure for increased side-spin and enhanced draw-bias.</p><p><strong>PURPOSEFUL ALIGNMENT:</strong> Integrated heel-bias crown graphic is applied to encourage golfers to return the club face to square at impact.</p><p><strong>SPEEDTUNED GRAPHITE</strong>: Designed in Sakata, Japan, high-performing graphite shafts are built with a mid-kick point, enhancing the golfer's feel of the location of the club head throughout the swing.</p>",Honma
6/2/2021 5:17 pm,BERES 07 5S NEW FWG,Honma Beres 07 5-Star Fairway Wood,Beres 07 5-Star,No,Fairway Wood,2021,,,"BERES is the most premium golf club brand in the world and BERES 5-Star stand alone as the ultimate statement of golf luxury. Designed in Sakata, Japan with strict adherence to Honma's legendary quality and craftsmanship, BERES 5-Star is for those who demand artistry and performance and want to differentiate themselves with enhanced details like precious metal decorations and 24K gold accents and trim. BERES 5-Star fairways are created with striking beauty, technologically-advanced materials and a highly evolved shaft to deliver uncompromised looks and performance for the discerning golfer. <p><strong>Get Fit</strong></p><p><span style=""font-weight: 400;"">2nd Swing offers award-winning club fitting services at each of our store locations and through the 2nd Swing Online Fitting and Support team on <a href=""https://www.2ndswing.com/"">2ndswing.com</a>. Make sure your equipment is fit for your game and schedule your award-winning fitting experience by calling <a href=""tel:612-216-4152"">(612) 216-4152</a> or by visiting the 2nd Swing fitting website: </span><a href=""https://www.2ndswing.com/golf-club-fittings""><span style=""font-weight: 400;"">https://www.2ndswing.com/golf-club-fittings</span></a><span style=""font-weight: 400;"">.</span></p>",Honma
6/2/2021 5:17 pm,BERES 07 5S NEW HYG,Honma Beres 07 5-Star Hybrid,Beres 07 5-Star,No,Hybrid,2021,,,"BERES is the most premium golf club brand in the world and BERES 5-Star stand alone as the ultimate statement of golf luxury. Designed in Sakata, Japan with strict adherence to Honma's legendary quality and craftsmanship, BERES 5-Star is for those who demand artistry and performance and want to differentiate themselves with enhanced details like precious metal decorations and 24K gold accents and trim. BERES 5-Star hybrids are created with striking beauty, technologically-advanced materials and a highly evolved shaft to deliver uncompromised looks and performance for the discerning golfer.",Honma
6/2/2021 5:16 pm,BERES 07 4S NEW HYG,Honma Beres 07 4-Star Hybrid,Beres 07 4-Star,No,Hybrid,2021,,,"BERES is the most premium golf club brand in the world, designed in Sakata, Japan with strict adherence to Honma's legendary quality and craftsmanship. BERES 4-Star is for those who demand artistry and performance and appreciate enhanced details like 24K gold accents and trim. BERES 4-Star hyrbids are created with striking beauty, technologically-advanced materials and a highly evolved shaft to deliver uncompromised looks and performance for the discerning golfer.",Honma
4/28/2021 9:01 am,SF505X NEW DST,autoFlex SF505X Driver Shaft,SF505X,No,Driver Shaft,2021,,,"<p> </p><div class=""proflex_text""><p>Autoflex shaft with K.H.T (Korea hidden technology) applied is a new concept of the shaft that changed the common sense of the ordinary shaft.</p><p>This soft Autoflex Shaft will provide you the fun that you have never experienced.</p></div><div class=""proflex_text""><p class=""text ddang"">- Up to 20~30 gram lighter than the conventional shafts.</p><p class=""text ddang"">- Select the weight of Autoflex shaft according to the swing speeds.</p><p class=""text ddang"">- The shaft automatically optimize the transfer of energy despite different swing speeds.</p><p class=""text ddang"">- Increases the head speed while providing stable swing posture and distance.</p><p><strong>Specs:</strong></p><p>SF305X / 39 gram / Approx. 170 CPM / Ladies / Swing Speed 65~85 mph</p><p>SF405 / 43 gram / Approx. 180 CPM / Mens / Swing Speed 85~95 mph</p><p>SF505 / 51 gram / Approx. 210 CPM / Professionals / Swing Speed 95~105 mph</p><p>SF505X / 54 gram / Approx. 220 CPM / Long Drive Player / Swing Speed 110~120 mph</p><p>SF505XX / 58 gram / Approx. 230 CPM / Long Drive Champions / Swing Speed 125+ mph</p></div>",autoFlex
4/27/2021 11:16 am,STAFF MOD TG NEW WGS,Wilson Staff Staff Model Tour Grind Wedge,Staff Model Tour Grind,No,Wedge,2021,,,"<h2>Wilson Staff Model Tour Grind Wedge: Master Your Short Game</h2>  <p>Elevate your wedge play with the Wilson Staff Model Tour Grind Wedge, meticulously crafted for precision, control, and unmatched feel around the green.</p>  <p>Designed in collaboration with Wilson's Tour players, this wedge features a precisely engineered Tour Grind sole for optimal turf interaction and shot-making versatility.  Forged from high-quality carbon steel, the Staff Model Tour Grind delivers exceptional feel and feedback, allowing you to execute a variety of shots with confidence.</p>  <h3>Features:</h3>  <ul>   <li><strong>Tour Grind Sole:</strong> Provides optimal turf interaction and versatility for a wide range of shots around the green.</li>   <li><strong>Forged Carbon Steel Construction:</strong> Delivers exceptional feel and feedback for enhanced control.</li>   <li><strong>Precision Milled Face and Grooves:</strong> Maximize spin and control for precise shot-making.</li>   <li><strong>Classic Blade Shape:</strong> Inspires confidence and promotes a traditional look at address.</li>   <li><strong>Premium Finish:</strong> Durable and stylish finish that reduces glare.</li> </ul>  <h3>Benefits:</h3>  <ul>   <li><strong>Enhanced Versatility:</strong> Execute a variety of sh(more...)",Wilson Staff
3/9/2021 2:17 pm,SF405 NEW DST,autoFlex SF405 Driver Shaft,SF405,No,Driver Shaft,2021,,,"<p> </p><div class=""proflex_text""><p>Autoflex shaft with K.H.T (Korea hidden technology) applied is a new concept of the shaft that changed the common sense of the ordinary shaft.</p><p>This soft Autoflex Shaft will provide you the fun that you have never experienced.</p></div><div class=""proflex_text""><p class=""text ddang"">- Up to 20~30 gram lighter than the conventional shafts.</p><p class=""text ddang"">- Select the weight of Autoflex shaft according to the swing speeds.</p><p class=""text ddang"">- The shaft automatically optimize the transfer of energy despite different swing speeds.</p><p class=""text ddang"">- Increases the head speed while providing stable swing posture and distance.</p><p><strong>Specs:</strong></p><p>SF305X / 39 gram / Approx. 170 CPM / Ladies / Swing Speed 65~85 mph</p><p>SF405 / 43 gram / Approx. 180 CPM / Mens / Swing Speed 85~95 mph</p><p>SF505 / 51 gram / Approx. 210 CPM / Professionals / Swing Speed 95~105 mph</p><p>SF505X / 54 gram / Approx. 220 CPM / Long Drive Player / Swing Speed 110~120 mph</p><p>SF505XX / 58 gram / Approx. 230 CPM / Long Drive Champions / Swing Speed 125+ mph</p></div>",autoFlex
3/9/2021 2:17 pm,SF505 NEW DST,autoFlex SF505 Driver Shaft,SF505,No,Driver Shaft,2021,,,"<p> </p><div class=""proflex_text""><p>Autoflex shaft with K.H.T (Korea hidden technology) applied is a new concept of the shaft that changed the common sense of the ordinary shaft.</p><p>This soft Autoflex Shaft will provide you the fun that you have never experienced.</p></div><div class=""proflex_text""><p class=""text ddang"">- Up to 20~30 gram lighter than the conventional shafts.</p><p class=""text ddang"">- Select the weight of Autoflex shaft according to the swing speeds.</p><p class=""text ddang"">- The shaft automatically optimize the transfer of energy despite different swing speeds.</p><p class=""text ddang"">- Increases the head speed while providing stable swing posture and distance.</p><p><strong>Specs:</strong></p><p>SF305X / 39 gram / Approx. 170 CPM / Ladies / Swing Speed 65~85 mph</p><p>SF405 / 43 gram / Approx. 180 CPM / Mens / Swing Speed 85~95 mph</p><p>SF505 / 51 gram / Approx. 210 CPM / Professionals / Swing Speed 95~105 mph</p><p>SF505X / 54 gram / Approx. 220 CPM / Long Drive Player / Swing Speed 110~120 mph</p><p>SF505XX / 58 gram / Approx. 230 CPM / Long Drive Champions / Swing Speed 125+ mph</p></div>",autoFlex
2/18/2021 3:02 pm,PI-401 NEW STS,Miura PI-401 Iron Set,PI-401,No,Iron Set,2021,,,"<p><strong>Who&rsquo;s It For?</strong></p><p>Miura is renowned for its ultra-premium quality irons, but the manufacturer doesn&rsquo;t make clubs solely for ultra-low handicappers. The new Miura PI-401 Irons combine cutting-edge, forgiving technology with the classically soft and responsive feel found in all Miuras. Clubmaker Shinei Miura also made sure to maximize the distance capabilities of the PI-401s. Overall, these irons are a superb option for middle- and high-handicappers that want powerful and forgiving irons that refuse to compromise any feel.</p><p><strong>The Tech Story</strong></p><p>The Miura PI-401 Irons feature a fast clubface made from S35C carbon steel. The optimal thickness of the high-quality metal enlarges the sweet spot of each club and makes it easy to launch the ball high in the air and stop it quickly on the greens. Another critical aspect that Miura&rsquo;s engineers keyed in on during the design process was the iron&rsquo;s groundbreaking sole design. The new sole sports four different angles, including a leading-edge grind that reduces turf resistance through the strike. As a result of the enhanced turf interaction, golfers will achieve their desired trajectory more often. The innovative technologies found in the new Miura PI-401 Irons work hand-in-ha(more...)",Miura
10/18/2020 6:00 pm,ALLISON SNMB NEW PUT,Indi Golf Allison Slant Neck Mallet Blk Putter,Allison Slant Neck Mallet Blk,No,Putter,2020,,,"<p><strong>Who&rsquo;s It For?</strong></p><p>The Allison putter model from Indi golf is a rounded mallet shape built from aircraft grade aluminum with tungsten weighting added in the toe and heel. The Allison putter is designed specifically for golfers with a moderate arc in their putting strokes due to the 35 degrees of toe hang. Additionally, this putter is available in a matte black or satin chrome color. Golfers interested in the Indi craftsmanship but prefer a blade would prefer the Ramone blade model, while golfers that need a face-balanced design would gravitate toward the standard Allison model.</p><p><strong>The Tech Story</strong></p><p>The Indi golf putters are designed to deliver exceptional performance through tremendous craftsmanship and strong materials. The clubfaces are precision CNC milled to provide soft feel and promote clean roll at impact. The aircraft grade aluminum construction with tungsten weighting located in the toe and heel helps create the Colossal Sweet Spot, which promotes distance consistency regardless of where the ball is struck on the clubface. Additionally, the tungsten weighting promotes stroke repeatability and unmatched consistency. </p><p><strong>Facts and Figures</strong></p><p>Head Type: Mallet</p><p> </p><p><span style=""font-weight: 40(more...)",Indi Golf
10/18/2020 6:00 pm,ALLISON M MB NEW PUT,Indi Golf Allison Mallet Matte Black Putter,Allison Mallet Matte Black,No,Putter,2020,,,"<p><strong>Who&rsquo;s It For?</strong></p><p>The Allison putter model from Indi golf is a rounded mallet shape built from aircraft grade aluminum with tungsten weighting added in the toe and heel. The Allison putter is designed specifically for golfers with a straight-back, straight-through putting stroke due to its face-balanced design. Additionally, this putter is available in a matte black or satin chrome color. Golfers interested in the Indi craftsmanship but prefer a blade would prefer the Ramone blade model.</p><p><strong>The Tech Story</strong></p><p>The Indi golf putters are designed to deliver exceptional performance through tremendous craftsmanship and strong materials. The clubfaces are precision CNC milled to provide soft feel and promote clean roll at impact. The aircraft grade aluminum construction with tungsten weighting located in the toe and heel helps create the Colossal Sweet Spot, which promotes distance consistency regardless of where the ball is struck on the clubface. Additionally, the tungsten weighting promotes stroke repeatability and unmatched consistency. </p><p><strong>Facts and Figures</strong></p><p>Head Type: Mallet</p><p> </p><p><span style=""font-weight: 400;"">Head Weight: 350 grams</span></p><p> </p><p><span style=""font-weight: 400;"">Loft: 4 deg(more...)",Indi Golf
10/18/2020 6:00 pm,RAMONE B MB NEW PUT,Indi Golf Ramone Blade Matte Black Putter,Ramone Blade Matte Black,No,Putter,2020,,,"<p><strong>Who&rsquo;s It For?</strong></p><p>The Ramone putter model from Indi golf is a blade-style shape built from aircraft grade aluminum with tungsten weighting added in the toe and heel. The Ramone putter is designed specifically for golfers with a moderate to strong arc in their putting strokes due to 45 degrees of toe hang. Additionally, this putter is available in a matte black or satin chrome color. Golfers interested in the Indi craftsmanship but prefer a mallet would prefer the Allison model from Indi.</p><p><strong>The Tech Story</strong></p><p>The Indi golf putters are designed to deliver exceptional performance through tremendous craftsmanship and strong materials. The clubfaces are precision CNC milled to provide soft feel and promote clean roll at impact. The aircraft grade aluminum construction with tungsten weighting located in the toe and heel helps create the Colossal Sweet Spot, which promotes distance consistency regardless of where the ball is struck on the clubface. Additionally, the tungsten weighting promotes stroke repeatability and unmatched consistency. </p><p><strong>Facts and Figures</strong></p><p>Head Type: Blade</p><p> </p><p><span style=""font-weight: 400;"">Head Weight: 340 grams</span></p><p> </p><p><span style=""font-weight: 400;"">Loft: 4 degr(more...)",Indi Golf
7/21/2020 5:00 pm,MOTORE X F3 DST,Fujikura Motore X F3 Driver Shaft,Motore X F3,No,Driver Shaft,2020,,,"<h2>Fujikura Motore X F3 Driver Shaft</h2>  <p>The Fujikura Motore X F3 driver shaft is a high-performance option designed for golfers with faster swing speeds who demand exceptional stability and a penetrating ball flight. As part of the renowned Motore X line, it utilizes advanced materials and a mid-launch profile to help you maximize distance and control.</p>  <h3>Features:</h3>  <ul>   <li><strong>ENSO® Technology:</strong>  Fujikura's proprietary high-speed motion capture system ensures optimal energy transfer and stability at impact, leading to faster ball speeds and tighter dispersion.</li>   <li><strong>Accelerated Taper:</strong>  The shaft's taper design enhances energy transfer, boosting ball speeds for more distance while maintaining stability for tighter shot control.</li>   <li><strong>Reinforced Bias Core:</strong>  A torsionally stiffened handle section promotes faster ball speeds and a balanced torsional strength for stability.</li>   <li><strong>Mid Launch:</strong> Specifically designed to produce a mid launch trajectory for a powerful and penetrating ball flight.</li>   <li><strong>Low-Mid Spin:</strong>  Reduces unwanted spin for a penetrating ball flight and greater accuracy.</li> </ul>  <h3>Benefits:</h3>  <ul>   <li><strong>Explosive dist(more...)",Fujikura
7/21/2020 5:00 pm,MOTORE X F1 DST,Fujikura Motore X F1 Driver Shaft,Motore X F1,No,Driver Shaft,2020,,,"<h2>Fujikura Motore X F1 Driver Shaft</h2>  <p>The Fujikura Motore X F1 driver shaft is a high-performance option designed for golfers with faster swing speeds who crave exceptional stability and a penetrating ball flight. As part of the renowned Motore X line, it utilizes advanced materials and a low-mid launch profile to help you maximize distance and control.</p>  <h3>Features:</h3>  <ul>   <li><strong>ENSO® Technology:</strong>  Fujikura's proprietary high-speed motion capture system ensures optimal energy transfer and stability at impact, leading to faster ball speeds and tighter dispersion.</li>   <li><strong>Accelerated Taper:</strong>  The shaft's taper design enhances energy transfer, boosting ball speeds for more distance while maintaining stability for tighter shot control.</li>   <li><strong>Reinforced Bias Core:</strong>  A torsionally stiffened handle section promotes faster ball speeds and a balanced torsional strength for stability.</li>   <li><strong>Low-Mid Launch:</strong> Specifically designed to produce a low-mid launch trajectory for a powerful and penetrating ball flight.</li>   <li><strong>Low-Mid Spin:</strong>  Reduces unwanted spin for a penetrating ball flight and greater accuracy.</li> </ul>  <h3>Benefits:</h3>  <ul>   <li><strong>Exp(more...)",Fujikura
2/11/2020 5:00 pm,STAFF MOD HT NEW WGS,Wilson Staff Staff Model HT Wedge,Staff Model HT,No,Wedge,2020,,,"<h2>Wilson Staff Model HT Wedge</h2>  <p><strong>Dominate the short game with the Wilson Staff Model HT Wedge.</strong></p>  <p>Engineered for precision and feel, the Staff Model HT wedge delivers exceptional performance around the green. Its high-toe design and wide sole provide enhanced versatility and forgiveness, allowing you to execute a variety of shots with confidence.</p>  <h3>Features:</h3>  <ul>   <li><strong>High-Toe Design:</strong> Promotes a higher center of gravity for improved control and trajectory.</li>   <li><strong>Wide Sole:</strong>  Enhances turf interaction and forgiveness on various lies.</li>   <li><strong>Precision Milled Face:</strong>  Delivers consistent spin and control.</li>   <li><strong>Machine-Engraved Score Lines:</strong>  Maximize spin for increased stopping power.</li>   <li><strong>Soft Forged 8620 Carbon Steel:</strong>  Provides exceptional feel and feedback.</li> </ul>  <h3>Benefits:</h3>  <ul>   <li><strong>Unmatched Versatility:</strong>  Execute a wide range of shots around the green.</li>   <li><strong>Exceptional Spin Control:</strong>  Stop the ball closer to the pin.</li>   <li><strong>Enhanced Feel:</strong>  Experience a soft, responsive feel at impact.</li>   <li><strong>Increased Forgiveness:</strong>  Ma(more...)",Wilson Staff
2/11/2020 5:00 pm,STAFF MODEL NEW WGS,Wilson Staff Staff Model Wedge,Staff Model,No,Wedge,2020,,,"<h2>Wilson Staff Model Wedge</h2>  <p>Elevate your short game with the Wilson Staff Model Wedge. Crafted with precision and tour-inspired design, this wedge delivers exceptional feel, spin, and control around the green.</p>  <h3>Features:</h3>  <ul>   <li><strong>Forged 8620 Carbon Steel:</strong> Provides a soft feel and consistent performance.</li>   <li><strong>Precision-Milled Face:</strong>  Features a higher density pattern for maximum spin and control.</li>   <li><strong>ZM Grooves:</strong>  Engineered for optimal spin and stopping power in all conditions.</li>   <li><strong>Garnet Face Blasting:</strong>  Enhances surface roughness for added spin and control.</li>   <li><strong>Tour-Inspired Design:</strong> Developed with feedback from Wilson's PGA Tour players.</li> </ul>  <h3>Benefits:</h3>  <ul>   <li><strong>Exceptional Feel:</strong>  Experience a soft and responsive feel at impact.</li>   <li><strong>Maximum Spin:</strong> Generate consistent spin for greater control and stopping power.</li>   <li><strong>Enhanced Control:</strong>  Precisely control your shots around the green.</li>   <li><strong>Tour-Proven Performance:</strong>  Play with the same wedges trusted by the pros.</li> </ul>  <p>Upgrade your short game and experience the differ(more...)",Wilson Staff
2/4/2020 5:00 pm,AIR SPEEDER DST,Fujikura Air Speeder Driver Shaft,Air Speeder,No,Driver Shaft,2023,,,"<h2>Fujikura Air Speeder Driver Shaft</h2>  <p>The Fujikura Air Speeder driver shaft is an ultra-lightweight marvel designed for golfers with smooth tempos and moderate swing speeds who want to maximize their distance. By prioritizing both lightness and stability, the Air Speeder helps generate faster swing speeds and increased ball speeds for longer drives.</p>  <h3>Features:</h3>  <ul>   <li><strong>Ultra-Lightweight Design:</strong>  One of the lightest driver shafts on the market, promoting effortless swings and increased clubhead speed.</li>   <li><strong>Enhanced Stability:</strong>  Utilizes advanced materials and construction techniques to maintain stability despite its lightweight design.</li>   <li><strong>Mid-High Launch:</strong> Provides an optimal trajectory for maximum carry and distance.</li>   <li><strong>Variety of Flexes:</strong> Offered in a range of flexes (R3 to S) to accommodate a variety of swing speeds.</li> </ul>  <h3>Benefits:</h3>  <ul>   <li><strong>Increased distance:</strong> Achieve greater yardage off the tee with a high-launching, effortless swing.</li>   <li><strong>Improved accuracy:</strong>  The enhanced stability helps to promote a straighter ball flight.</li>   <li><strong>Enhanced feel:</strong> Experience a smooth, resp(more...)",Fujikura
3/4/2019 10:42 am,DEVOTION HB DST,Oban Devotion HB High Balance Driver Shaft,Devotion HB High Balance,No,Driver Shaft,2021,,,"<p><strong>Who’s It For?</strong></p>  <p><span style=""font-weight: 400;"">Golfers looking for a trajectory that produces a Mid launch with Low spin will find the Oban Devotion HB Driver Shaft well-suited to their needs. Its High Balance Medium-Firm Bend Profile is specifically engineered to create this launch and spin combination, which can help players achieve a strong, penetrating ball flight and maximize their distance off the tee while maintaining control.</span></p>  <p><strong>The Tech Story</strong></p>  <p><span style=""font-weight: 400;"">The Oban Devotion HB (High Balance) Driver Shaft represents a significant advancement within the esteemed Devotion Series, leveraging a strategic shift in the shaft's center of gravity towards the grip end to create a pronounced counter-balance effect that appeals to a wide spectrum of golfers, including Tour professionals. This innovative design ensures consistent stability and symmetry throughout the entirety of the golf swing, thereby optimizing the efficiency of energy transfer to the ball at the critical moment of impact for enhanced power and control. Featuring a Medium-Firm Bend Profile, the Devotion HB provides a high-performance option specifically engineered to complement and maximize the performance benefits of today's incre(more...)",Oban