"product_sku","product_name","sku","options","base_price","upcharge","price","pricing_unit"
"M CRAFT X S3 PUT","Mizuno M.Craft X S3 Putter","C4613215","{""Dexterity"":""Left Handed"",""Club Length"":""32.0in""}","399.99","0","399.99","per_item"
"M CRAFT X S3 PUT","Mizuno M.Craft X S3 Putter","C4613216","{""Dexterity"":""Right Handed"",""Club Length"":""32.0in""}","399.99","0","399.99","per_item"
"M CRAFT X S3 PUT","Mizuno M.Craft X S3 Putter","C4613217","{""Dexterity"":""Left Handed"",""Club Length"":""32.5in""}","399.99","0","399.99","per_item"
"M CRAFT X S3 PUT","Mizuno M.Craft X S3 Putter","C4613218","{""Dexterity"":""Right Handed"",""Club Length"":""32.5in""}","399.99","0","399.99","per_item"
"M CRAFT X S3 PUT","Mizuno M.Craft X S3 Putter","C4613219","{""Dexterity"":""Left Handed"",""Club Length"":""33.0in""}","399.99","0","399.99","per_item"
"M CRAFT X S3 PUT","Mizuno M.Craft X S3 Putter","C4613220","{""Dexterity"":""Right Handed"",""Club Length"":""33.0in""}","399.99","0","399.99","per_item"
"M CRAFT X S3 PUT","Mizuno M.Craft X S3 Putter","C4613221","{""Dexterity"":""Left Handed"",""Club Length"":""33.5in""}","399.99","0","399.99","per_item"
"M CRAFT X S3 PUT","Mizuno M.Craft X S3 Putter","C4613222","{""Dexterity"":""Right Handed"",""Club Length"":""33.5in""}","399.99","0","399.99","per_item"
"M CRAFT X S3 PUT","Mizuno M.Craft X S3 Putter","C4613223","{""Dexterity"":""Left Handed"",""Club Length"":""34.0in""}","399.99","0","399.99","per_item"
"M CRAFT X S3 PUT","Mizuno M.Craft X S3 Putter","C4613224","{""Dexterity"":""Right Handed"",""Club Length"":""34.0in""}","399.99","0","399.99","per_item"
"M CRAFT X S3 PUT","Mizuno M.Craft X S3 Putter","C4613225","{""Dexterity"":""Left Handed"",""Club Length"":""34.5in""}","399.99","0","399.99","per_item"
"M CRAFT X S3 PUT","Mizuno M.Craft X S3 Putter","C4613226","{""Dexterity"":""Right Handed"",""Club Length"":""34.5in""}","399.99","0","399.99","per_item"
"M CRAFT X S3 PUT","Mizuno M.Craft X S3 Putter","C4613227","{""Dexterity"":""Left Handed"",""Club Length"":""35.0in""}","399.99","0","399.99","per_item"
"M CRAFT X S3 PUT","Mizuno M.Craft X S3 Putter","C4613228","{""Dexterity"":""Right Handed"",""Club Length"":""35.0in""}","399.99","0","399.99","per_item"
"M CRAFT X S3 PUT","Mizuno M.Craft X S3 Putter","C4613229","{""Dexterity"":""Left Handed"",""Club Length"":""35.5in""}","399.99","0","399.99","per_item"
"M CRAFT X S3 PUT","Mizuno M.Craft X S3 Putter","C4613230","{""Dexterity"":""Right Handed"",""Club Length"":""35.5in""}","399.99","0","399.99","per_item"
"M CRAFT X S3 PUT","Mizuno M.Craft X S3 Putter","C4613231","{""Dexterity"":""Left Handed"",""Club Length"":""36.0in""}","399.99","0","399.99","per_item"
"M CRAFT X S3 PUT","Mizuno M.Craft X S3 Putter","C4613232","{""Dexterity"":""Right Handed"",""Club Length"":""36.0in""}","399.99","0","399.99","per_item"
"M CRAFT X S3 PUT","Mizuno M.Craft X S3 Putter","C4613233","{""Dexterity"":""Left Handed"",""Club Length"":""36.5in""}","399.99","0","399.99","per_item"
"M CRAFT X S3 PUT","Mizuno M.Craft X S3 Putter","C4613234","{""Dexterity"":""Right Handed"",""Club Length"":""36.5in""}","399.99","0","399.99","per_item"
"M CRAFT X S3 PUT","Mizuno M.Craft X S3 Putter","C4613236","{""Dexterity"":""Right Handed"",""Club Length"":""37.0in""}","399.99","0","399.99","per_item"
"M CRAFT X S3 PUT","Mizuno M.Craft X S3 Putter","C4613237","{""Dexterity"":""Left Handed"",""Club Length"":""37.5in""}","399.99","0","399.99","per_item"
"M CRAFT X S3 PUT","Mizuno M.Craft X S3 Putter","C4613235","{""Dexterity"":""Left Handed"",""Club Length"":""37.0in""}","399.99","0","399.99","per_item"
"M CRAFT X S3 PUT","Mizuno M.Craft X S3 Putter","C4613238","{""Dexterity"":""Right Handed"",""Club Length"":""37.5in""}","399.99","0","399.99","per_item"
"M CRAFT X S3 PUT","Mizuno M.Craft X S3 Putter","C4613239","{""Dexterity"":""Left Handed"",""Club Length"":""38.0in""}","399.99","0","399.99","per_item"
"M CRAFT X S3 PUT","Mizuno M.Craft X S3 Putter","C4613240","{""Dexterity"":""Right Handed"",""Club Length"":""38.0in""}","399.99","0","399.99","per_item"
"EXOTICS MILLED WGS","Tour Edge Exotics Milled Wedge","C4606273","{""Dexterity"":""Left Handed"",""Club Loft"":""52°"",""Bounce"":""10 Deg Bounce"",""Shaft Material"":""Steel"",""Shaft Flex"":""Wedge Flex"",""Shaft Model"":""FST KBS Hi-Rev 2.0""}","119.99","0","119.99","per_item"
"EXOTICS MILLED WGS","Tour Edge Exotics Milled Wedge","C4606274","{""Dexterity"":""Left Handed"",""Club Loft"":""56°"",""Bounce"":""10 Deg Bounce"",""Shaft Material"":""Steel"",""Shaft Flex"":""Wedge Flex"",""Shaft Model"":""FST KBS Hi-Rev 2.0""}","119.99","0","119.99","per_item"
"EXOTICS MILLED WGS","Tour Edge Exotics Milled Wedge","C4606275","{""Dexterity"":""Left Handed"",""Club Loft"":""60°"",""Bounce"":""10 Deg Bounce"",""Shaft Material"":""Steel"",""Shaft Flex"":""Wedge Flex"",""Shaft Model"":""FST KBS Hi-Rev 2.0""}","119.99","0","119.99","per_item"
"EXOTICS MILLED WGS","Tour Edge Exotics Milled Wedge","C4606276","{""Dexterity"":""Right Handed"",""Club Loft"":""50°"",""Bounce"":""10 Deg Bounce"",""Shaft Material"":""Steel"",""Shaft Flex"":""Wedge Flex"",""Shaft Model"":""FST KBS Hi-Rev 2.0""}","119.99","0","119.99","per_item"
"EXOTICS MILLED WGS","Tour Edge Exotics Milled Wedge","C4606277","{""Dexterity"":""Right Handed"",""Club Loft"":""52°"",""Bounce"":""10 Deg Bounce"",""Shaft Material"":""Steel"",""Shaft Flex"":""Wedge Flex"",""Shaft Model"":""FST KBS Hi-Rev 2.0""}","119.99","0","119.99","per_item"
"EXOTICS MILLED WGS","Tour Edge Exotics Milled Wedge","C4606278","{""Dexterity"":""Right Handed"",""Club Loft"":""54°"",""Bounce"":""10 Deg Bounce"",""Shaft Material"":""Steel"",""Shaft Flex"":""Wedge Flex"",""Shaft Model"":""FST KBS Hi-Rev 2.0""}","119.99","0","119.99","per_item"
"EXOTICS MILLED WGS","Tour Edge Exotics Milled Wedge","C4606279","{""Dexterity"":""Right Handed"",""Club Loft"":""56°"",""Bounce"":""10 Deg Bounce"",""Shaft Material"":""Steel"",""Shaft Flex"":""Wedge Flex"",""Shaft Model"":""FST KBS Hi-Rev 2.0""}","119.99","0","119.99","per_item"
"EXOTICS MILLED WGS","Tour Edge Exotics Milled Wedge","C4606280","{""Dexterity"":""Right Handed"",""Club Loft"":""58°"",""Bounce"":""10 Deg Bounce"",""Shaft Material"":""Steel"",""Shaft Flex"":""Wedge Flex"",""Shaft Model"":""FST KBS Hi-Rev 2.0""}","119.99","0","119.99","per_item"
"EXOTICS MILLED WGS","Tour Edge Exotics Milled Wedge","C4606281","{""Dexterity"":""Right Handed"",""Club Loft"":""60°"",""Bounce"":""10 Deg Bounce"",""Shaft Material"":""Steel"",""Shaft Flex"":""Wedge Flex"",""Shaft Model"":""FST KBS Hi-Rev 2.0""}","119.99","0","119.99","per_item"
"EXOTICS MILLED WGS","Tour Edge Exotics Milled Wedge","C4606282","{""Dexterity"":""Right Handed"",""Club Loft"":""58°"",""Bounce"":""12 Deg Bounce"",""Shaft Material"":""Steel"",""Shaft Flex"":""Wedge Flex"",""Shaft Model"":""FST KBS Hi-Rev 2.0""}","119.99","0","119.99","per_item"
"EXOTICS MILLED WGS","Tour Edge Exotics Milled Wedge","C4606283","{""Dexterity"":""Right Handed"",""Club Loft"":""60°"",""Bounce"":""12 Deg Bounce"",""Shaft Material"":""Steel"",""Shaft Flex"":""Wedge Flex"",""Shaft Model"":""FST KBS Hi-Rev 2.0""}","119.99","0","119.99","per_item"
"EXOTICS MILLED WGS","Tour Edge Exotics Milled Wedge","C4606284","{""Dexterity"":""Right Handed"",""Club Loft"":""54°"",""Bounce"":""14 Deg Bounce"",""Shaft Material"":""Steel"",""Shaft Flex"":""Wedge Flex"",""Shaft Model"":""FST KBS Hi-Rev 2.0""}","119.99","0","119.99","per_item"
"EXOTICS MILLED WGS","Tour Edge Exotics Milled Wedge","C4606285","{""Dexterity"":""Right Handed"",""Club Loft"":""56°"",""Bounce"":""14 Deg Bounce"",""Shaft Material"":""Steel"",""Shaft Flex"":""Wedge Flex"",""Shaft Model"":""FST KBS Hi-Rev 2.0""}","119.99","0","119.99","per_item"
"EXOTICS MILLED WGS","Tour Edge Exotics Milled Wedge","C4606286","{""Dexterity"":""Right Handed"",""Club Loft"":""58°"",""Bounce"":""6 Deg Bounce"",""Shaft Material"":""Steel"",""Shaft Flex"":""Wedge Flex"",""Shaft Model"":""FST KBS Hi-Rev 2.0""}","119.99","0","119.99","per_item"
"EXOTICS MILLED WGS","Tour Edge Exotics Milled Wedge","C4606287","{""Dexterity"":""Right Handed"",""Club Loft"":""60°"",""Bounce"":""6 Deg Bounce"",""Shaft Material"":""Steel"",""Shaft Flex"":""Wedge Flex"",""Shaft Model"":""FST KBS Hi-Rev 2.0""}","119.99","0","119.99","per_item"
"EXOTICS MILLED WGS","Tour Edge Exotics Milled Wedge","C4606288","{""Dexterity"":""Right Handed"",""Club Loft"":""54°"",""Bounce"":""8 Deg Bounce"",""Shaft Material"":""Steel"",""Shaft Flex"":""Wedge Flex"",""Shaft Model"":""FST KBS Hi-Rev 2.0""}","119.99","0","119.99","per_item"
"EXOTICS MILLED WGS","Tour Edge Exotics Milled Wedge","C4606289","{""Dexterity"":""Right Handed"",""Club Loft"":""56°"",""Bounce"":""8 Deg Bounce"",""Shaft Material"":""Steel"",""Shaft Flex"":""Wedge Flex"",""Shaft Model"":""FST KBS Hi-Rev 2.0""}","119.99","0","119.99","per_item"
"PRO S4 STS","Mizuno Pro S-4 Iron Set","C4605039","{""Dexterity"":""Left Handed"",""Shaft Material"":""Graphite"",""Shaft Flex"":""Stiff"",""Shaft Model"":""Aerotech SteelFiber i110""}","215","60","275","per_club"
"PRO S4 STS","Mizuno Pro S-4 Iron Set","C4605040","{""Dexterity"":""Right Handed"",""Shaft Material"":""Graphite"",""Shaft Flex"":""Stiff"",""Shaft Model"":""Aerotech SteelFiber i110""}","215","60","275","per_club"
"PRO S4 STS","Mizuno Pro S-4 Iron Set","C4605041","{""Dexterity"":""Left Handed"",""Shaft Material"":""Graphite"",""Shaft Flex"":""Senior"",""Shaft Model"":""Aerotech SteelFiber i70""}","215","60","275","per_club"
"PRO S4 STS","Mizuno Pro S-4 Iron Set","C4605042","{""Dexterity"":""Right Handed"",""Shaft Material"":""Graphite"",""Shaft Flex"":""Senior"",""Shaft Model"":""Aerotech SteelFiber i70""}","215","60","275","per_club"
"PRO S4 STS","Mizuno Pro S-4 Iron Set","C4605043","{""Dexterity"":""Left Handed"",""Shaft Material"":""Graphite"",""Shaft Flex"":""Regular"",""Shaft Model"":""Aerotech SteelFiber i95""}","215","60","275","per_club"
"PRO S4 STS","Mizuno Pro S-4 Iron Set","C4605044","{""Dexterity"":""Left Handed"",""Shaft Material"":""Graphite"",""Shaft Flex"":""Stiff"",""Shaft Model"":""Aerotech SteelFiber i95""}","215","60","275","per_club"
"PRO S4 STS","Mizuno Pro S-4 Iron Set","C4605045","{""Dexterity"":""Right Handed"",""Shaft Material"":""Graphite"",""Shaft Flex"":""Regular"",""Shaft Model"":""Aerotech SteelFiber i95""}","215","60","275","per_club"
"PRO S4 STS","Mizuno Pro S-4 Iron Set","C4605046","{""Dexterity"":""Right Handed"",""Shaft Material"":""Graphite"",""Shaft Flex"":""Stiff"",""Shaft Model"":""Aerotech SteelFiber i95""}","215","60","275","per_club"
"PRO S4 STS","Mizuno Pro S-4 Iron Set","C4605047","{""Dexterity"":""Left Handed"",""Shaft Material"":""Steel"",""Shaft Flex"":""Stiff"",""Shaft Model"":""Dynamic Gold Mid 115""}","215","0","215","per_club"
"PRO S4 STS","Mizuno Pro S-4 Iron Set","C4605048","{""Dexterity"":""Left Handed"",""Shaft Material"":""Steel"",""Shaft Flex"":""X-Stiff"",""Shaft Model"":""Dynamic Gold Mid 115""}","215","0","215","per_club"
"PRO S4 STS","Mizuno Pro S-4 Iron Set","C4605049","{""Dexterity"":""Right Handed"",""Shaft Material"":""Steel"",""Shaft Flex"":""Stiff"",""Shaft Model"":""Dynamic Gold Mid 115""}","215","0","215","per_club"
"PRO S4 STS","Mizuno Pro S-4 Iron Set","C4605050","{""Dexterity"":""Right Handed"",""Shaft Material"":""Steel"",""Shaft Flex"":""X-Stiff"",""Shaft Model"":""Dynamic Gold Mid 115""}","215","0","215","per_club"
"PRO S4 STS","Mizuno Pro S-4 Iron Set","C4605051","{""Dexterity"":""Left Handed"",""Shaft Material"":""Steel"",""Shaft Flex"":""Stiff"",""Shaft Model"":""FST KBS Tour $-Taper""}","215","0","215","per_club"
"PRO S4 STS","Mizuno Pro S-4 Iron Set","C4605052","{""Dexterity"":""Left Handed"",""Shaft Material"":""Steel"",""Shaft Flex"":""X-Stiff"",""Shaft Model"":""FST KBS Tour $-Taper""}","215","0","215","per_club"
"PRO S4 STS","Mizuno Pro S-4 Iron Set","C4605053","{""Dexterity"":""Right Handed"",""Shaft Material"":""Steel"",""Shaft Flex"":""Stiff"",""Shaft Model"":""FST KBS Tour $-Taper""}","215","0","215","per_club"
"PRO S4 STS","Mizuno Pro S-4 Iron Set","C4605054","{""Dexterity"":""Right Handed"",""Shaft Material"":""Steel"",""Shaft Flex"":""X-Stiff"",""Shaft Model"":""FST KBS Tour $-Taper""}","215","0","215","per_club"
"PRO S4 STS","Mizuno Pro S-4 Iron Set","C4605055","{""Dexterity"":""Left Handed"",""Shaft Material"":""Graphite"",""Shaft Flex"":""Regular"",""Shaft Model"":""FST KBS PGI 70""}","215","0","215","per_club"
"PRO S4 STS","Mizuno Pro S-4 Iron Set","C4605056","{""Dexterity"":""Right Handed"",""Shaft Material"":""Graphite"",""Shaft Flex"":""Regular"",""Shaft Model"":""FST KBS PGI 70""}","215","0","215","per_club"
"PRO S4 STS","Mizuno Pro S-4 Iron Set","C4605057","{""Dexterity"":""Left Handed"",""Shaft Material"":""Graphite"",""Shaft Flex"":""Stiff"",""Shaft Model"":""FST KBS PGI 80""}","215","0","215","per_club"
"PRO S4 STS","Mizuno Pro S-4 Iron Set","C4605058","{""Dexterity"":""Right Handed"",""Shaft Material"":""Graphite"",""Shaft Flex"":""Stiff"",""Shaft Model"":""FST KBS PGI 80""}","215","0","215","per_club"
"PRO S4 STS","Mizuno Pro S-4 Iron Set","C4605059","{""Dexterity"":""Left Handed"",""Shaft Material"":""Steel"",""Shaft Flex"":""Regular"",""Shaft Model"":""FST KBS Tour""}","215","0","215","per_club"
"PRO S4 STS","Mizuno Pro S-4 Iron Set","C4605060","{""Dexterity"":""Left Handed"",""Shaft Material"":""Steel"",""Shaft Flex"":""Stiff"",""Shaft Model"":""FST KBS Tour""}","215","0","215","per_club"
"PRO S4 STS","Mizuno Pro S-4 Iron Set","C4605061","{""Dexterity"":""Left Handed"",""Shaft Material"":""Steel"",""Shaft Flex"":""X-Stiff"",""Shaft Model"":""FST KBS Tour""}","215","0","215","per_club"
"PRO S4 STS","Mizuno Pro S-4 Iron Set","C4605062","{""Dexterity"":""Right Handed"",""Shaft Material"":""Steel"",""Shaft Flex"":""Regular"",""Shaft Model"":""FST KBS Tour""}","215","0","215","per_club"
"PRO S4 STS","Mizuno Pro S-4 Iron Set","C4605063","{""Dexterity"":""Right Handed"",""Shaft Material"":""Steel"",""Shaft Flex"":""Stiff"",""Shaft Model"":""FST KBS Tour""}","215","0","215","per_club"
"PRO S4 STS","Mizuno Pro S-4 Iron Set","C4605064","{""Dexterity"":""Right Handed"",""Shaft Material"":""Steel"",""Shaft Flex"":""X-Stiff"",""Shaft Model"":""FST KBS Tour""}","215","0","215","per_club"
"PRO S4 STS","Mizuno Pro S-4 Iron Set","C4605065","{""Dexterity"":""Left Handed"",""Shaft Material"":""Steel"",""Shaft Flex"":""Stiff"",""Shaft Model"":""FST KBS Tour Black Nickel""}","215","0","215","per_club"
"PRO S4 STS","Mizuno Pro S-4 Iron Set","C4605066","{""Dexterity"":""Left Handed"",""Shaft Material"":""Steel"",""Shaft Flex"":""X-Stiff"",""Shaft Model"":""FST KBS Tour Black Nickel""}","215","0","215","per_club"
"PRO S4 STS","Mizuno Pro S-4 Iron Set","C4605067","{""Dexterity"":""Right Handed"",""Shaft Material"":""Steel"",""Shaft Flex"":""Stiff"",""Shaft Model"":""FST KBS Tour Black Nickel""}","215","0","215","per_club"
"PRO S4 STS","Mizuno Pro S-4 Iron Set","C4605068","{""Dexterity"":""Right Handed"",""Shaft Material"":""Steel"",""Shaft Flex"":""X-Stiff"",""Shaft Model"":""FST KBS Tour Black Nickel""}","215","0","215","per_club"
"PRO S4 STS","Mizuno Pro S-4 Iron Set","C4605069","{""Dexterity"":""Left Handed"",""Shaft Material"":""Steel"",""Shaft Flex"":""Stiff"",""Shaft Model"":""FST KBS Tour C-Taper""}","215","0","215","per_club"
"PRO S4 STS","Mizuno Pro S-4 Iron Set","C4605070","{""Dexterity"":""Right Handed"",""Shaft Material"":""Steel"",""Shaft Flex"":""Stiff"",""Shaft Model"":""FST KBS Tour C-Taper""}","215","0","215","per_club"
"PRO S4 STS","Mizuno Pro S-4 Iron Set","C4605071","{""Dexterity"":""Left Handed"",""Shaft Material"":""Steel"",""Shaft Flex"":""Regular"",""Shaft Model"":""FST KBS Tour C-Taper Lite""}","215","0","215","per_club"
"PRO S4 STS","Mizuno Pro S-4 Iron Set","C4605072","{""Dexterity"":""Left Handed"",""Shaft Material"":""Steel"",""Shaft Flex"":""Stiff"",""Shaft Model"":""FST KBS Tour C-Taper Lite""}","215","0","215","per_club"
"PRO S4 STS","Mizuno Pro S-4 Iron Set","C4605073","{""Dexterity"":""Left Handed"",""Shaft Material"":""Steel"",""Shaft Flex"":""X-Stiff"",""Shaft Model"":""FST KBS Tour C-Taper Lite""}","215","0","215","per_club"
"PRO S4 STS","Mizuno Pro S-4 Iron Set","C4605074","{""Dexterity"":""Right Handed"",""Shaft Material"":""Steel"",""Shaft Flex"":""Regular"",""Shaft Model"":""FST KBS Tour C-Taper Lite""}","215","0","215","per_club"
"PRO S4 STS","Mizuno Pro S-4 Iron Set","C4605075","{""Dexterity"":""Right Handed"",""Shaft Material"":""Steel"",""Shaft Flex"":""Stiff"",""Shaft Model"":""FST KBS Tour C-Taper Lite""}","215","0","215","per_club"
"PRO S4 STS","Mizuno Pro S-4 Iron Set","C4605076","{""Dexterity"":""Right Handed"",""Shaft Material"":""Steel"",""Shaft Flex"":""X-Stiff"",""Shaft Model"":""FST KBS Tour C-Taper Lite""}","215","0","215","per_club"
"PRO S4 STS","Mizuno Pro S-4 Iron Set","C4605077","{""Dexterity"":""Left Handed"",""Shaft Material"":""Steel"",""Shaft Flex"":""Regular"",""Shaft Model"":""FST KBS Tour Lite""}","215","0","215","per_club"
"PRO S4 STS","Mizuno Pro S-4 Iron Set","C4605078","{""Dexterity"":""Left Handed"",""Shaft Material"":""Steel"",""Shaft Flex"":""Stiff"",""Shaft Model"":""FST KBS Tour Lite""}","215","0","215","per_club"
"PRO S4 STS","Mizuno Pro S-4 Iron Set","C4605079","{""Dexterity"":""Right Handed"",""Shaft Material"":""Steel"",""Shaft Flex"":""Regular"",""Shaft Model"":""FST KBS Tour Lite""}","215","0","215","per_club"
"PRO S4 STS","Mizuno Pro S-4 Iron Set","C4605080","{""Dexterity"":""Right Handed"",""Shaft Material"":""Steel"",""Shaft Flex"":""Stiff"",""Shaft Model"":""FST KBS Tour Lite""}","215","0","215","per_club"
"PRO S4 STS","Mizuno Pro S-4 Iron Set","C4605081","{""Dexterity"":""Left Handed"",""Shaft Material"":""Steel"",""Shaft Flex"":""Regular"",""Shaft Model"":""FST KBS Tour Lite Black""}","215","0","215","per_club"
"PRO S4 STS","Mizuno Pro S-4 Iron Set","C4605082","{""Dexterity"":""Left Handed"",""Shaft Material"":""Steel"",""Shaft Flex"":""Stiff"",""Shaft Model"":""FST KBS Tour Lite Black""}","215","0","215","per_club"
"PRO S4 STS","Mizuno Pro S-4 Iron Set","C4605083","{""Dexterity"":""Right Handed"",""Shaft Material"":""Steel"",""Shaft Flex"":""Regular"",""Shaft Model"":""FST KBS Tour Lite Black""}","215","0","215","per_club"
"PRO S4 STS","Mizuno Pro S-4 Iron Set","C4605084","{""Dexterity"":""Right Handed"",""Shaft Material"":""Steel"",""Shaft Flex"":""Stiff"",""Shaft Model"":""FST KBS Tour Lite Black""}","215","0","215","per_club"
"PRO S4 STS","Mizuno Pro S-4 Iron Set","C4605085","{""Dexterity"":""Left Handed"",""Shaft Material"":""Steel"",""Shaft Flex"":""Stiff"",""Shaft Model"":""FST KBS Tour-V""}","215","25","240","per_club"
"PRO S4 STS","Mizuno Pro S-4 Iron Set","C4605086","{""Dexterity"":""Left Handed"",""Shaft Material"":""Steel"",""Shaft Flex"":""X-Stiff"",""Shaft Model"":""FST KBS Tour-V""}","215","25","240","per_club"
"PRO S4 STS","Mizuno Pro S-4 Iron Set","C4605087","{""Dexterity"":""Right Handed"",""Shaft Material"":""Steel"",""Shaft Flex"":""Stiff"",""Shaft Model"":""FST KBS Tour-V""}","215","25","240","per_club"
"PRO S4 STS","Mizuno Pro S-4 Iron Set","C4605088","{""Dexterity"":""Right Handed"",""Shaft Material"":""Steel"",""Shaft Flex"":""X-Stiff"",""Shaft Model"":""FST KBS Tour-V""}","215","25","240","per_club"
"PRO S4 STS","Mizuno Pro S-4 Iron Set","C4605089","{""Dexterity"":""Left Handed"",""Shaft Material"":""Graphite"",""Shaft Flex"":""Stiff"",""Shaft Model"":""Mitsubishi MMT 105""}","215","0","215","per_club"
"PRO S4 STS","Mizuno Pro S-4 Iron Set","C4605090","{""Dexterity"":""Left Handed"",""Shaft Material"":""Graphite"",""Shaft Flex"":""Tour X-Stiff"",""Shaft Model"":""Mitsubishi MMT 105""}","215","0","215","per_club"
"PRO S4 STS","Mizuno Pro S-4 Iron Set","C4605091","{""Dexterity"":""Right Handed"",""Shaft Material"":""Graphite"",""Shaft Flex"":""Stiff"",""Shaft Model"":""Mitsubishi MMT 105""}","215","0","215","per_club"
"PRO S4 STS","Mizuno Pro S-4 Iron Set","C4605092","{""Dexterity"":""Right Handed"",""Shaft Material"":""Graphite"",""Shaft Flex"":""Tour X-Stiff"",""Shaft Model"":""Mitsubishi MMT 105""}","215","0","215","per_club"
"PRO S4 STS","Mizuno Pro S-4 Iron Set","C4605093","{""Dexterity"":""Left Handed"",""Shaft Material"":""Graphite"",""Shaft Flex"":""Senior"",""Shaft Model"":""Mitsubishi MMT 55""}","215","0","215","per_club"
"PRO S4 STS","Mizuno Pro S-4 Iron Set","C4605094","{""Dexterity"":""Right Handed"",""Shaft Material"":""Graphite"",""Shaft Flex"":""Senior"",""Shaft Model"":""Mitsubishi MMT 55""}","215","0","215","per_club"
"PRO S4 STS","Mizuno Pro S-4 Iron Set","C4605095","{""Dexterity"":""Left Handed"",""Shaft Material"":""Graphite"",""Shaft Flex"":""Regular"",""Shaft Model"":""Mitsubishi MMT 65""}","215","0","215","per_club"
"PRO S4 STS","Mizuno Pro S-4 Iron Set","C4605096","{""Dexterity"":""Right Handed"",""Shaft Material"":""Graphite"",""Shaft Flex"":""Regular"",""Shaft Model"":""Mitsubishi MMT 65""}","215","0","215","per_club"
"PRO S4 STS","Mizuno Pro S-4 Iron Set","C4605097","{""Dexterity"":""Left Handed"",""Shaft Material"":""Graphite"",""Shaft Flex"":""Regular"",""Shaft Model"":""Mitsubishi MMT 85""}","215","0","215","per_club"
"PRO S4 STS","Mizuno Pro S-4 Iron Set","C4605098","{""Dexterity"":""Left Handed"",""Shaft Material"":""Graphite"",""Shaft Flex"":""Stiff"",""Shaft Model"":""Mitsubishi MMT 85""}","215","0","215","per_club"
"PRO S4 STS","Mizuno Pro S-4 Iron Set","C4605099","{""Dexterity"":""Right Handed"",""Shaft Material"":""Graphite"",""Shaft Flex"":""Regular"",""Shaft Model"":""Mitsubishi MMT 85""}","215","0","215","per_club"
"PRO S4 STS","Mizuno Pro S-4 Iron Set","C4605100","{""Dexterity"":""Right Handed"",""Shaft Material"":""Graphite"",""Shaft Flex"":""Stiff"",""Shaft Model"":""Mitsubishi MMT 85""}","215","0","215","per_club"
"PRO S4 STS","Mizuno Pro S-4 Iron Set","C4605101","{""Dexterity"":""Left Handed"",""Shaft Material"":""Steel"",""Shaft Flex"":""Regular"",""Shaft Model"":""Nippon NS Pro 950GH Neo""}","215","0","215","per_club"
"PRO S4 STS","Mizuno Pro S-4 Iron Set","C4605102","{""Dexterity"":""Left Handed"",""Shaft Material"":""Steel"",""Shaft Flex"":""Stiff"",""Shaft Model"":""Nippon NS Pro 950GH Neo""}","215","0","215","per_club"
"PRO S4 STS","Mizuno Pro S-4 Iron Set","C4605103","{""Dexterity"":""Right Handed"",""Shaft Material"":""Steel"",""Shaft Flex"":""Regular"",""Shaft Model"":""Nippon NS Pro 950GH Neo""}","215","0","215","per_club"
"PRO S4 STS","Mizuno Pro S-4 Iron Set","C4605104","{""Dexterity"":""Right Handed"",""Shaft Material"":""Steel"",""Shaft Flex"":""Stiff"",""Shaft Model"":""Nippon NS Pro 950GH Neo""}","215","0","215","per_club"
"PRO S4 STS","Mizuno Pro S-4 Iron Set","C4605105","{""Dexterity"":""Left Handed"",""Shaft Material"":""Steel"",""Shaft Flex"":""Regular"",""Shaft Model"":""Nippon NS Pro Modus 3 Tour 105""}","215","0","215","per_club"
"PRO S4 STS","Mizuno Pro S-4 Iron Set","C4605106","{""Dexterity"":""Left Handed"",""Shaft Material"":""Steel"",""Shaft Flex"":""Stiff"",""Shaft Model"":""Nippon NS Pro Modus 3 Tour 105""}","215","0","215","per_club"
"PRO S4 STS","Mizuno Pro S-4 Iron Set","C4605107","{""Dexterity"":""Left Handed"",""Shaft Material"":""Steel"",""Shaft Flex"":""X-Stiff"",""Shaft Model"":""Nippon NS Pro Modus 3 Tour 105""}","215","0","215","per_club"
"PRO S4 STS","Mizuno Pro S-4 Iron Set","C4605108","{""Dexterity"":""Right Handed"",""Shaft Material"":""Steel"",""Shaft Flex"":""Regular"",""Shaft Model"":""Nippon NS Pro Modus 3 Tour 105""}","215","0","215","per_club"
"PRO S4 STS","Mizuno Pro S-4 Iron Set","C4605109","{""Dexterity"":""Right Handed"",""Shaft Material"":""Steel"",""Shaft Flex"":""Stiff"",""Shaft Model"":""Nippon NS Pro Modus 3 Tour 105""}","215","0","215","per_club"
"PRO S4 STS","Mizuno Pro S-4 Iron Set","C4605110","{""Dexterity"":""Right Handed"",""Shaft Material"":""Steel"",""Shaft Flex"":""X-Stiff"",""Shaft Model"":""Nippon NS Pro Modus 3 Tour 105""}","215","0","215","per_club"
"PRO S4 STS","Mizuno Pro S-4 Iron Set","C4605111","{""Dexterity"":""Left Handed"",""Shaft Material"":""Steel"",""Shaft Flex"":""Stiff"",""Shaft Model"":""Nippon NS Pro Modus 3 Tour 115""}","215","0","215","per_club"
"PRO S4 STS","Mizuno Pro S-4 Iron Set","C4605112","{""Dexterity"":""Left Handed"",""Shaft Material"":""Steel"",""Shaft Flex"":""X-Stiff"",""Shaft Model"":""Nippon NS Pro Modus 3 Tour 115""}","215","0","215","per_club"
"PRO S4 STS","Mizuno Pro S-4 Iron Set","C4605113","{""Dexterity"":""Right Handed"",""Shaft Material"":""Steel"",""Shaft Flex"":""Stiff"",""Shaft Model"":""Nippon NS Pro Modus 3 Tour 115""}","215","0","215","per_club"
"PRO S4 STS","Mizuno Pro S-4 Iron Set","C4605114","{""Dexterity"":""Right Handed"",""Shaft Material"":""Steel"",""Shaft Flex"":""X-Stiff"",""Shaft Model"":""Nippon NS Pro Modus 3 Tour 115""}","215","0","215","per_club"
"PRO S4 STS","Mizuno Pro S-4 Iron Set","C4605115","{""Dexterity"":""Left Handed"",""Shaft Material"":""Steel"",""Shaft Flex"":""Regular"",""Shaft Model"":""Nippon NS Pro Modus 3 Tour 120""}","215","0","215","per_club"
"PRO S4 STS","Mizuno Pro S-4 Iron Set","C4605116","{""Dexterity"":""Left Handed"",""Shaft Material"":""Steel"",""Shaft Flex"":""Stiff"",""Shaft Model"":""Nippon NS Pro Modus 3 Tour 120""}","215","0","215","per_club"
"PRO S4 STS","Mizuno Pro S-4 Iron Set","C4605117","{""Dexterity"":""Left Handed"",""Shaft Material"":""Steel"",""Shaft Flex"":""X-Stiff"",""Shaft Model"":""Nippon NS Pro Modus 3 Tour 120""}","215","0","215","per_club"
"PRO S4 STS","Mizuno Pro S-4 Iron Set","C4605118","{""Dexterity"":""Right Handed"",""Shaft Material"":""Steel"",""Shaft Flex"":""Regular"",""Shaft Model"":""Nippon NS Pro Modus 3 Tour 120""}","215","0","215","per_club"
"PRO S4 STS","Mizuno Pro S-4 Iron Set","C4605119","{""Dexterity"":""Right Handed"",""Shaft Material"":""Steel"",""Shaft Flex"":""Stiff"",""Shaft Model"":""Nippon NS Pro Modus 3 Tour 120""}","215","0","215","per_club"
"PRO S4 STS","Mizuno Pro S-4 Iron Set","C4605120","{""Dexterity"":""Right Handed"",""Shaft Material"":""Steel"",""Shaft Flex"":""X-Stiff"",""Shaft Model"":""Nippon NS Pro Modus 3 Tour 120""}","215","0","215","per_club"
"PRO S4 STS","Mizuno Pro S-4 Iron Set","C4605121","{""Dexterity"":""Left Handed"",""Shaft Material"":""Steel"",""Shaft Flex"":""Stiff"",""Shaft Model"":""Nippon NS Pro Modus 3 Tour 125""}","215","25","240","per_club"
"PRO S4 STS","Mizuno Pro S-4 Iron Set","C4605122","{""Dexterity"":""Left Handed"",""Shaft Material"":""Steel"",""Shaft Flex"":""X-Stiff"",""Shaft Model"":""Nippon NS Pro Modus 3 Tour 125""}","215","25","240","per_club"
"PRO S4 STS","Mizuno Pro S-4 Iron Set","C4605123","{""Dexterity"":""Right Handed"",""Shaft Material"":""Steel"",""Shaft Flex"":""Stiff"",""Shaft Model"":""Nippon NS Pro Modus 3 Tour 125""}","215","25","240","per_club"
"PRO S4 STS","Mizuno Pro S-4 Iron Set","C4605124","{""Dexterity"":""Right Handed"",""Shaft Material"":""Steel"",""Shaft Flex"":""X-Stiff"",""Shaft Model"":""Nippon NS Pro Modus 3 Tour 125""}","215","25","240","per_club"
"PRO S4 STS","Mizuno Pro S-4 Iron Set","C4605125","{""Dexterity"":""Left Handed"",""Shaft Material"":""Steel"",""Shaft Flex"":""Regular"",""Shaft Model"":""Project X LZ 5.0""}","215","0","215","per_club"
"PRO S4 STS","Mizuno Pro S-4 Iron Set","C4605126","{""Dexterity"":""Right Handed"",""Shaft Material"":""Steel"",""Shaft Flex"":""Regular"",""Shaft Model"":""Project X LZ 5.0""}","215","0","215","per_club"
"PRO S4 STS","Mizuno Pro S-4 Iron Set","C4605127","{""Dexterity"":""Left Handed"",""Shaft Material"":""Steel"",""Shaft Flex"":""Regular"",""Shaft Model"":""Project X LZ 5.5""}","215","0","215","per_club"
"PRO S4 STS","Mizuno Pro S-4 Iron Set","C4605128","{""Dexterity"":""Right Handed"",""Shaft Material"":""Steel"",""Shaft Flex"":""Regular"",""Shaft Model"":""Project X LZ 5.5""}","215","0","215","per_club"
"PRO S4 STS","Mizuno Pro S-4 Iron Set","C4605129","{""Dexterity"":""Left Handed"",""Shaft Material"":""Steel"",""Shaft Flex"":""Stiff"",""Shaft Model"":""Project X LZ 6.0""}","215","0","215","per_club"
"PRO S4 STS","Mizuno Pro S-4 Iron Set","C4605130","{""Dexterity"":""Right Handed"",""Shaft Material"":""Steel"",""Shaft Flex"":""Stiff"",""Shaft Model"":""Project X LZ 6.0""}","215","0","215","per_club"
"PRO S4 STS","Mizuno Pro S-4 Iron Set","C4605131","{""Dexterity"":""Left Handed"",""Shaft Material"":""Steel"",""Shaft Flex"":""X-Stiff"",""Shaft Model"":""Project X LZ 6.5""}","215","0","215","per_club"
"PRO S4 STS","Mizuno Pro S-4 Iron Set","C4605132","{""Dexterity"":""Right Handed"",""Shaft Material"":""Steel"",""Shaft Flex"":""X-Stiff"",""Shaft Model"":""Project X LZ 6.5""}","215","0","215","per_club"
"PRO S4 STS","Mizuno Pro S-4 Iron Set","C4605133","{""Dexterity"":""Left Handed"",""Shaft Material"":""Steel"",""Shaft Flex"":""Regular"",""Shaft Model"":""Project X LZ Black 5.5""}","215","0","215","per_club"
"PRO S4 STS","Mizuno Pro S-4 Iron Set","C4605134","{""Dexterity"":""Right Handed"",""Shaft Material"":""Steel"",""Shaft Flex"":""Regular"",""Shaft Model"":""Project X LZ Black 5.5""}","215","0","215","per_club"
"PRO S4 STS","Mizuno Pro S-4 Iron Set","C4605135","{""Dexterity"":""Left Handed"",""Shaft Material"":""Steel"",""Shaft Flex"":""Regular"",""Shaft Model"":""Project X Red 5.5""}","215","0","215","per_club"
"PRO S4 STS","Mizuno Pro S-4 Iron Set","C4605136","{""Dexterity"":""Right Handed"",""Shaft Material"":""Steel"",""Shaft Flex"":""Regular"",""Shaft Model"":""Project X Red 5.5""}","215","0","215","per_club"
"PRO S4 STS","Mizuno Pro S-4 Iron Set","C4605137","{""Dexterity"":""Left Handed"",""Shaft Material"":""Steel"",""Shaft Flex"":""Stiff"",""Shaft Model"":""Project X Red 6.0""}","215","0","215","per_club"
"PRO S4 STS","Mizuno Pro S-4 Iron Set","C4605138","{""Dexterity"":""Right Handed"",""Shaft Material"":""Steel"",""Shaft Flex"":""Stiff"",""Shaft Model"":""Project X Red 6.0""}","215","0","215","per_club"
"PRO S4 STS","Mizuno Pro S-4 Iron Set","C4605139","{""Dexterity"":""Left Handed"",""Shaft Material"":""Steel"",""Shaft Flex"":""X-Stiff"",""Shaft Model"":""Project X Red 6.5""}","215","0","215","per_club"
"PRO S4 STS","Mizuno Pro S-4 Iron Set","C4605140","{""Dexterity"":""Right Handed"",""Shaft Material"":""Steel"",""Shaft Flex"":""X-Stiff"",""Shaft Model"":""Project X Red 6.5""}","215","0","215","per_club"
"PRO S4 STS","Mizuno Pro S-4 Iron Set","C4605141","{""Dexterity"":""Left Handed"",""Shaft Material"":""Steel"",""Shaft Flex"":""Stiff"",""Shaft Model"":""True Temper AMT Tour Silver""}","215","0","215","per_club"
"PRO S4 STS","Mizuno Pro S-4 Iron Set","C4605142","{""Dexterity"":""Left Handed"",""Shaft Material"":""Steel"",""Shaft Flex"":""X-Stiff"",""Shaft Model"":""True Temper AMT Tour Silver""}","215","0","215","per_club"
"PRO S4 STS","Mizuno Pro S-4 Iron Set","C4605143","{""Dexterity"":""Right Handed"",""Shaft Material"":""Steel"",""Shaft Flex"":""Stiff"",""Shaft Model"":""True Temper AMT Tour Silver""}","215","0","215","per_club"
"PRO S4 STS","Mizuno Pro S-4 Iron Set","C4605144","{""Dexterity"":""Right Handed"",""Shaft Material"":""Steel"",""Shaft Flex"":""X-Stiff"",""Shaft Model"":""True Temper AMT Tour Silver""}","215","0","215","per_club"
"PRO S4 STS","Mizuno Pro S-4 Iron Set","C4605145","{""Dexterity"":""Left Handed"",""Shaft Material"":""Steel"",""Shaft Flex"":""Regular"",""Shaft Model"":""True Temper Dynamic Gold 105""}","215","0","215","per_club"
"PRO S4 STS","Mizuno Pro S-4 Iron Set","C4605147","{""Dexterity"":""Right Handed"",""Shaft Material"":""Steel"",""Shaft Flex"":""Regular"",""Shaft Model"":""True Temper Dynamic Gold 105""}","215","0","215","per_club"
"PRO S4 STS","Mizuno Pro S-4 Iron Set","C4605146","{""Dexterity"":""Left Handed"",""Shaft Material"":""Steel"",""Shaft Flex"":""Stiff"",""Shaft Model"":""True Temper Dynamic Gold 105""}","215","0","215","per_club"
"PRO S4 STS","Mizuno Pro S-4 Iron Set","C4605148","{""Dexterity"":""Right Handed"",""Shaft Material"":""Steel"",""Shaft Flex"":""Stiff"",""Shaft Model"":""True Temper Dynamic Gold 105""}","215","0","215","per_club"
"PRO S4 STS","Mizuno Pro S-4 Iron Set","C4605149","{""Dexterity"":""Left Handed"",""Shaft Material"":""Steel"",""Shaft Flex"":""Stiff"",""Shaft Model"":""True Temper Dynamic Gold 120""}","215","0","215","per_club"
"PRO S4 STS","Mizuno Pro S-4 Iron Set","C4605150","{""Dexterity"":""Left Handed"",""Shaft Material"":""Steel"",""Shaft Flex"":""X-Stiff"",""Shaft Model"":""True Temper Dynamic Gold 120""}","215","0","215","per_club"
"PRO S4 STS","Mizuno Pro S-4 Iron Set","C4605151","{""Dexterity"":""Right Handed"",""Shaft Material"":""Steel"",""Shaft Flex"":""Stiff"",""Shaft Model"":""True Temper Dynamic Gold 120""}","215","0","215","per_club"
"PRO S4 STS","Mizuno Pro S-4 Iron Set","C4605152","{""Dexterity"":""Right Handed"",""Shaft Material"":""Steel"",""Shaft Flex"":""X-Stiff"",""Shaft Model"":""True Temper Dynamic Gold 120""}","215","0","215","per_club"
"PRO S4 STS","Mizuno Pro S-4 Iron Set","C4605153","{""Dexterity"":""Left Handed"",""Shaft Material"":""Steel"",""Shaft Flex"":""Regular"",""Shaft Model"":""True Temper Dynamic Gold 95""}","215","0","215","per_club"
"PRO S4 STS","Mizuno Pro S-4 Iron Set","C4605154","{""Dexterity"":""Left Handed"",""Shaft Material"":""Steel"",""Shaft Flex"":""Stiff"",""Shaft Model"":""True Temper Dynamic Gold 95""}","215","0","215","per_club"
"PRO S4 STS","Mizuno Pro S-4 Iron Set","C4605155","{""Dexterity"":""Right Handed"",""Shaft Material"":""Steel"",""Shaft Flex"":""Regular"",""Shaft Model"":""True Temper Dynamic Gold 95""}","215","0","215","per_club"
"PRO S4 STS","Mizuno Pro S-4 Iron Set","C4605156","{""Dexterity"":""Right Handed"",""Shaft Material"":""Steel"",""Shaft Flex"":""Stiff"",""Shaft Model"":""True Temper Dynamic Gold 95""}","215","0","215","per_club"
"PRO S4 STS","Mizuno Pro S-4 Iron Set","C4605157","{""Dexterity"":""Left Handed"",""Shaft Material"":""Steel"",""Shaft Flex"":""Regular"",""Shaft Model"":""True Temper Dynamic Gold Mid 100 R300""}","215","0","215","per_club"
"PRO S4 STS","Mizuno Pro S-4 Iron Set","C4605158","{""Dexterity"":""Right Handed"",""Shaft Material"":""Steel"",""Shaft Flex"":""Regular"",""Shaft Model"":""True Temper Dynamic Gold Mid 100 R300""}","215","0","215","per_club"
"PRO S4 STS","Mizuno Pro S-4 Iron Set","C4605159","{""Dexterity"":""Left Handed"",""Shaft Material"":""Steel"",""Shaft Flex"":""Stiff"",""Shaft Model"":""True Temper Dynamic Gold Mid 100 S300""}","215","0","215","per_club"
"PRO S4 STS","Mizuno Pro S-4 Iron Set","C4605160","{""Dexterity"":""Right Handed"",""Shaft Material"":""Steel"",""Shaft Flex"":""Stiff"",""Shaft Model"":""True Temper Dynamic Gold Mid 100 S300""}","215","0","215","per_club"
"PRO S4 STS","Mizuno Pro S-4 Iron Set","C4605161","{""Dexterity"":""Left Handed"",""Shaft Material"":""Steel"",""Shaft Flex"":""Stiff"",""Shaft Model"":""True Temper Dynamic Gold Mid 115 TI S400 GunMetal""}","215","0","215","per_club"
"PRO S4 STS","Mizuno Pro S-4 Iron Set","C4605162","{""Dexterity"":""Right Handed"",""Shaft Material"":""Steel"",""Shaft Flex"":""Stiff"",""Shaft Model"":""True Temper Dynamic Gold Mid 115 TI S400 GunMetal""}","215","0","215","per_club"
"PRO S4 STS","Mizuno Pro S-4 Iron Set","C4605163","{""Dexterity"":""Left Handed"",""Shaft Material"":""Steel"",""Shaft Flex"":""X-Stiff"",""Shaft Model"":""True Temper Dynamic Gold Mid 115 TI X100 GunMetal""}","215","0","215","per_club"
"PRO S4 STS","Mizuno Pro S-4 Iron Set","C4605164","{""Dexterity"":""Right Handed"",""Shaft Material"":""Steel"",""Shaft Flex"":""X-Stiff"",""Shaft Model"":""True Temper Dynamic Gold Mid 115 TI X100 GunMetal""}","215","0","215","per_club"
"PRO S4 STS","Mizuno Pro S-4 Iron Set","C4605165","{""Dexterity"":""Left Handed"",""Shaft Material"":""Steel"",""Shaft Flex"":""Stiff"",""Shaft Model"":""True Temper Dynamic Gold S300""}","215","0","215","per_club"
"PRO S4 STS","Mizuno Pro S-4 Iron Set","C4605166","{""Dexterity"":""Right Handed"",""Shaft Material"":""Steel"",""Shaft Flex"":""Stiff"",""Shaft Model"":""True Temper Dynamic Gold S300""}","215","0","215","per_club"
"PRO S4 STS","Mizuno Pro S-4 Iron Set","C4605167","{""Dexterity"":""Left Handed"",""Shaft Material"":""Steel"",""Shaft Flex"":""Stiff"",""Shaft Model"":""True Temper Dynamic Gold Tour Issue S400""}","215","45","260","per_club"
"PRO S4 STS","Mizuno Pro S-4 Iron Set","C4605168","{""Dexterity"":""Right Handed"",""Shaft Material"":""Steel"",""Shaft Flex"":""Stiff"",""Shaft Model"":""True Temper Dynamic Gold Tour Issue S400""}","215","45","260","per_club"
"PRO S4 STS","Mizuno Pro S-4 Iron Set","C4605169","{""Dexterity"":""Left Handed"",""Shaft Material"":""Steel"",""Shaft Flex"":""X-Stiff"",""Shaft Model"":""True Temper Dynamic Gold Tour Issue X100""}","215","45","260","per_club"
"PRO S4 STS","Mizuno Pro S-4 Iron Set","C4605170","{""Dexterity"":""Right Handed"",""Shaft Material"":""Steel"",""Shaft Flex"":""X-Stiff"",""Shaft Model"":""True Temper Dynamic Gold Tour Issue X100""}","215","45","260","per_club"
"PRO S4 STS","Mizuno Pro S-4 Iron Set","C4605171","{""Dexterity"":""Left Handed"",""Shaft Material"":""Steel"",""Shaft Flex"":""X-Stiff"",""Shaft Model"":""True Temper Dynamic Gold X100""}","215","0","215","per_club"
"PRO S4 STS","Mizuno Pro S-4 Iron Set","C4605172","{""Dexterity"":""Right Handed"",""Shaft Material"":""Steel"",""Shaft Flex"":""X-Stiff"",""Shaft Model"":""True Temper Dynamic Gold X100""}","215","0","215","per_club"
"PRO S4 STS","Mizuno Pro S-4 Iron Set","C4605173","{""Dexterity"":""Left Handed"",""Shaft Material"":""Steel"",""Shaft Flex"":""X-Stiff"",""Shaft Model"":""True Temper Dynamic Gold X7""}","215","45","260","per_club"
"PRO S4 STS","Mizuno Pro S-4 Iron Set","C4605174","{""Dexterity"":""Right Handed"",""Shaft Material"":""Steel"",""Shaft Flex"":""X-Stiff"",""Shaft Model"":""True Temper Dynamic Gold X7""}","215","45","260","per_club"
"PRO S4 STS","Mizuno Pro S-4 Iron Set","C4605175","{""Dexterity"":""Left Handed"",""Shaft Material"":""Graphite"",""Shaft Flex"":""Regular"",""Shaft Model"":""UST Mamiya Recoil 90 Dart""}","215","0","215","per_club"
"PRO S4 STS","Mizuno Pro S-4 Iron Set","C4605176","{""Dexterity"":""Left Handed"",""Shaft Material"":""Graphite"",""Shaft Flex"":""Stiff"",""Shaft Model"":""UST Mamiya Recoil 90 Dart""}","215","0","215","per_club"
"PRO S4 STS","Mizuno Pro S-4 Iron Set","C4605177","{""Dexterity"":""Right Handed"",""Shaft Material"":""Graphite"",""Shaft Flex"":""Regular"",""Shaft Model"":""UST Mamiya Recoil 90 Dart""}","215","0","215","per_club"
"PRO S4 STS","Mizuno Pro S-4 Iron Set","C4605178","{""Dexterity"":""Right Handed"",""Shaft Material"":""Graphite"",""Shaft Flex"":""Stiff"",""Shaft Model"":""UST Mamiya Recoil 90 Dart""}","215","0","215","per_club"
"PRO S4 STS","Mizuno Pro S-4 Iron Set","C4605179","{""Dexterity"":""Left Handed"",""Shaft Material"":""Graphite"",""Shaft Flex"":""Ladies"",""Shaft Model"":""UST Mamiya Recoil Dart ESX 440 F0""}","215","0","215","per_club"
"PRO S4 STS","Mizuno Pro S-4 Iron Set","C4605180","{""Dexterity"":""Right Handed"",""Shaft Material"":""Graphite"",""Shaft Flex"":""Ladies"",""Shaft Model"":""UST Mamiya Recoil Dart ESX 440 F0""}","215","0","215","per_club"
"PRO S4 STS","Mizuno Pro S-4 Iron Set","C4605181","{""Dexterity"":""Left Handed"",""Shaft Material"":""Graphite"",""Shaft Flex"":""Ladies"",""Shaft Model"":""UST Mamiya Recoil Dart ESX 450 F1""}","215","0","215","per_club"
"PRO S4 STS","Mizuno Pro S-4 Iron Set","C4605182","{""Dexterity"":""Right Handed"",""Shaft Material"":""Graphite"",""Shaft Flex"":""Ladies"",""Shaft Model"":""UST Mamiya Recoil Dart ESX 450 F1""}","215","0","215","per_club"
"PRO S4 STS","Mizuno Pro S-4 Iron Set","C4605183","{""Dexterity"":""Left Handed"",""Shaft Material"":""Graphite"",""Shaft Flex"":""Senior"",""Shaft Model"":""UST Mamiya Recoil Dart ESX 460 F2""}","215","0","215","per_club"
"PRO S4 STS","Mizuno Pro S-4 Iron Set","C4605184","{""Dexterity"":""Right Handed"",""Shaft Material"":""Graphite"",""Shaft Flex"":""Senior"",""Shaft Model"":""UST Mamiya Recoil Dart ESX 460 F2""}","215","0","215","per_club"
"PRO S4 STS","Mizuno Pro S-4 Iron Set","C4605185","{""Dexterity"":""Left Handed"",""Shaft Material"":""Graphite"",""Shaft Flex"":""Regular"",""Shaft Model"":""UST Mamiya Recoil Dart ESX 460 F3""}","215","0","215","per_club"
"PRO S4 STS","Mizuno Pro S-4 Iron Set","C4605186","{""Dexterity"":""Right Handed"",""Shaft Material"":""Graphite"",""Shaft Flex"":""Regular"",""Shaft Model"":""UST Mamiya Recoil Dart ESX 460 F3""}","215","0","215","per_club"
"PRO S4 STS","Mizuno Pro S-4 Iron Set","C4605187","{""Dexterity"":""Left Handed"",""Shaft Material"":""Graphite"",""Shaft Flex"":""Regular"",""Shaft Model"":""UST Recoil 780 ES SMACWRAP""}","215","0","215","per_club"
"PRO S4 STS","Mizuno Pro S-4 Iron Set","C4605188","{""Dexterity"":""Left Handed"",""Shaft Material"":""Graphite"",""Shaft Flex"":""Stiff"",""Shaft Model"":""UST Recoil 780 ES SMACWRAP""}","215","0","215","per_club"
"PRO S4 STS","Mizuno Pro S-4 Iron Set","C4605189","{""Dexterity"":""Right Handed"",""Shaft Material"":""Graphite"",""Shaft Flex"":""Regular"",""Shaft Model"":""UST Recoil 780 ES SMACWRAP""}","215","0","215","per_club"
"PRO S4 STS","Mizuno Pro S-4 Iron Set","C4605190","{""Dexterity"":""Right Handed"",""Shaft Material"":""Graphite"",""Shaft Flex"":""Stiff"",""Shaft Model"":""UST Recoil 780 ES SMACWRAP""}","215","0","215","per_club"
"ZXI RKT HYG","Srixon ZXi RKT Hybrid","C4622543","{""Dexterity"":""Right Handed"",""Subcategory"":""3 Hybrid"",""Club Loft"":""19°"",""Shaft Flex"":""Ladies"",""Shaft Model"":""Aldila Ascent PL 40""}","329.99","0","329.99","per_item"
"ZXI RKT HYG","Srixon ZXi RKT Hybrid","C4622541","{""Dexterity"":""Right Handed"",""Subcategory"":""2 Hybrid"",""Club Loft"":""17°"",""Shaft Flex"":""Ladies"",""Shaft Model"":""Aldila Ascent PL 40""}","329.99","0","329.99","per_item"
"ZXI RKT HYG","Srixon ZXi RKT Hybrid","C4622542","{""Dexterity"":""Left Handed"",""Subcategory"":""3 Hybrid"",""Club Loft"":""19°"",""Shaft Flex"":""Ladies"",""Shaft Model"":""Aldila Ascent PL 40""}","329.99","0","329.99","per_item"
"ZXI RKT HYG","Srixon ZXi RKT Hybrid","C4622544","{""Dexterity"":""Left Handed"",""Subcategory"":""4 Hybrid"",""Club Loft"":""22°"",""Shaft Flex"":""Ladies"",""Shaft Model"":""Aldila Ascent PL 40""}","329.99","0","329.99","per_item"
"ZXI RKT HYG","Srixon ZXi RKT Hybrid","C4622545","{""Dexterity"":""Right Handed"",""Subcategory"":""4 Hybrid"",""Club Loft"":""22°"",""Shaft Flex"":""Ladies"",""Shaft Model"":""Aldila Ascent PL 40""}","329.99","0","329.99","per_item"
"ZXI RKT HYG","Srixon ZXi RKT Hybrid","C4622546","{""Dexterity"":""Right Handed"",""Subcategory"":""5 Hybrid"",""Club Loft"":""25°"",""Shaft Flex"":""Ladies"",""Shaft Model"":""Aldila Ascent PL 40""}","329.99","0","329.99","per_item"
"ZXI RKT HYG","Srixon ZXi RKT Hybrid","C4622547","{""Dexterity"":""Right Handed"",""Subcategory"":""6 Hybrid"",""Club Loft"":""28°"",""Shaft Flex"":""Ladies"",""Shaft Model"":""Aldila Ascent PL 40""}","329.99","0","329.99","per_item"
"ZXI RKT HYG","Srixon ZXi RKT Hybrid","C4622548","{""Dexterity"":""Right Handed"",""Subcategory"":""2 Hybrid"",""Club Loft"":""17°"",""Shaft Flex"":""Senior"",""Shaft Model"":""Aldila Ascent PL 50""}","329.99","0","329.99","per_item"
"ZXI RKT HYG","Srixon ZXi RKT Hybrid","C4622549","{""Dexterity"":""Left Handed"",""Subcategory"":""3 Hybrid"",""Club Loft"":""19°"",""Shaft Flex"":""Senior"",""Shaft Model"":""Aldila Ascent PL 50""}","329.99","0","329.99","per_item"
"ZXI RKT HYG","Srixon ZXi RKT Hybrid","C4622550","{""Dexterity"":""Right Handed"",""Subcategory"":""3 Hybrid"",""Club Loft"":""19°"",""Shaft Flex"":""Senior"",""Shaft Model"":""Aldila Ascent PL 50""}","329.99","0","329.99","per_item"
"ZXI RKT HYG","Srixon ZXi RKT Hybrid","C4622551","{""Dexterity"":""Left Handed"",""Subcategory"":""4 Hybrid"",""Club Loft"":""22°"",""Shaft Flex"":""Senior"",""Shaft Model"":""Aldila Ascent PL 50""}","329.99","0","329.99","per_item"
"ZXI RKT HYG","Srixon ZXi RKT Hybrid","C4622552","{""Dexterity"":""Right Handed"",""Subcategory"":""4 Hybrid"",""Club Loft"":""22°"",""Shaft Flex"":""Senior"",""Shaft Model"":""Aldila Ascent PL 50""}","329.99","0","329.99","per_item"
"ZXI RKT HYG","Srixon ZXi RKT Hybrid","C4622553","{""Dexterity"":""Right Handed"",""Subcategory"":""5 Hybrid"",""Club Loft"":""25°"",""Shaft Flex"":""Senior"",""Shaft Model"":""Aldila Ascent PL 50""}","329.99","0","329.99","per_item"
"ZXI RKT HYG","Srixon ZXi RKT Hybrid","C4622554","{""Dexterity"":""Right Handed"",""Subcategory"":""6 Hybrid"",""Club Loft"":""28°"",""Shaft Flex"":""Senior"",""Shaft Model"":""Aldila Ascent PL 50""}","329.99","0","329.99","per_item"
"ZXI RKT HYG","Srixon ZXi RKT Hybrid","C4622555","{""Dexterity"":""Right Handed"",""Subcategory"":""2 Hybrid"",""Club Loft"":""17°"",""Shaft Flex"":""Stiff"",""Shaft Model"":""Fujikura Ventus TR Blue 8""}","329.99","0","329.99","per_item"
"ZXI RKT HYG","Srixon ZXi RKT Hybrid","C4622556","{""Dexterity"":""Right Handed"",""Subcategory"":""2 Hybrid"",""Club Loft"":""17°"",""Shaft Flex"":""X-Stiff"",""Shaft Model"":""Fujikura Ventus TR Blue 8""}","329.99","0","329.99","per_item"
"ZXI RKT HYG","Srixon ZXi RKT Hybrid","C4622557","{""Dexterity"":""Left Handed"",""Subcategory"":""3 Hybrid"",""Club Loft"":""19°"",""Shaft Flex"":""Stiff"",""Shaft Model"":""Fujikura Ventus TR Blue 8""}","329.99","0","329.99","per_item"
"ZXI RKT HYG","Srixon ZXi RKT Hybrid","C4622558","{""Dexterity"":""Left Handed"",""Subcategory"":""3 Hybrid"",""Club Loft"":""19°"",""Shaft Flex"":""X-Stiff"",""Shaft Model"":""Fujikura Ventus TR Blue 8""}","329.99","0","329.99","per_item"
"ZXI RKT HYG","Srixon ZXi RKT Hybrid","C4622559","{""Dexterity"":""Right Handed"",""Subcategory"":""3 Hybrid"",""Club Loft"":""19°"",""Shaft Flex"":""Stiff"",""Shaft Model"":""Fujikura Ventus TR Blue 8""}","329.99","0","329.99","per_item"
"ZXI RKT HYG","Srixon ZXi RKT Hybrid","C4622561","{""Dexterity"":""Left Handed"",""Subcategory"":""4 Hybrid"",""Club Loft"":""22°"",""Shaft Flex"":""Stiff"",""Shaft Model"":""Fujikura Ventus TR Blue 8""}","329.99","0","329.99","per_item"
"ZXI RKT HYG","Srixon ZXi RKT Hybrid","C4622560","{""Dexterity"":""Right Handed"",""Subcategory"":""3 Hybrid"",""Club Loft"":""19°"",""Shaft Flex"":""X-Stiff"",""Shaft Model"":""Fujikura Ventus TR Blue 8""}","329.99","0","329.99","per_item"
"ZXI RKT HYG","Srixon ZXi RKT Hybrid","C4622562","{""Dexterity"":""Left Handed"",""Subcategory"":""4 Hybrid"",""Club Loft"":""22°"",""Shaft Flex"":""X-Stiff"",""Shaft Model"":""Fujikura Ventus TR Blue 8""}","329.99","0","329.99","per_item"
"ZXI RKT HYG","Srixon ZXi RKT Hybrid","C4622564","{""Dexterity"":""Right Handed"",""Subcategory"":""4 Hybrid"",""Club Loft"":""22°"",""Shaft Flex"":""X-Stiff"",""Shaft Model"":""Fujikura Ventus TR Blue 8""}","329.99","0","329.99","per_item"
"ZXI RKT HYG","Srixon ZXi RKT Hybrid","C4622563","{""Dexterity"":""Right Handed"",""Subcategory"":""4 Hybrid"",""Club Loft"":""22°"",""Shaft Flex"":""Stiff"",""Shaft Model"":""Fujikura Ventus TR Blue 8""}","329.99","0","329.99","per_item"
"ZXI RKT HYG","Srixon ZXi RKT Hybrid","C4622565","{""Dexterity"":""Right Handed"",""Subcategory"":""5 Hybrid"",""Club Loft"":""25°"",""Shaft Flex"":""Stiff"",""Shaft Model"":""Fujikura Ventus TR Blue 8""}","329.99","0","329.99","per_item"
"ZXI RKT HYG","Srixon ZXi RKT Hybrid","C4622566","{""Dexterity"":""Right Handed"",""Subcategory"":""5 Hybrid"",""Club Loft"":""25°"",""Shaft Flex"":""X-Stiff"",""Shaft Model"":""Fujikura Ventus TR Blue 8""}","329.99","0","329.99","per_item"
"ZXI RKT HYG","Srixon ZXi RKT Hybrid","C4622567","{""Dexterity"":""Right Handed"",""Subcategory"":""6 Hybrid"",""Club Loft"":""28°"",""Shaft Flex"":""Stiff"",""Shaft Model"":""Fujikura Ventus TR Blue 8""}","329.99","0","329.99","per_item"
"ZXI RKT HYG","Srixon ZXi RKT Hybrid","C4622568","{""Dexterity"":""Right Handed"",""Subcategory"":""6 Hybrid"",""Club Loft"":""28°"",""Shaft Flex"":""X-Stiff"",""Shaft Model"":""Fujikura Ventus TR Blue 8""}","329.99","0","329.99","per_item"
"ZXI RKT HYG","Srixon ZXi RKT Hybrid","C4622569","{""Dexterity"":""Right Handed"",""Subcategory"":""2 Hybrid"",""Club Loft"":""17°"",""Shaft Flex"":""Senior"",""Shaft Model"":""Fujikura Ventus TR Blue HB 7""}","329.99","0","329.99","per_item"
"ZXI RKT HYG","Srixon ZXi RKT Hybrid","C4622570","{""Dexterity"":""Left Handed"",""Subcategory"":""3 Hybrid"",""Club Loft"":""19°"",""Shaft Flex"":""Senior"",""Shaft Model"":""Fujikura Ventus TR Blue HB 7""}","329.99","0","329.99","per_item"
"ZXI RKT HYG","Srixon ZXi RKT Hybrid","C4622571","{""Dexterity"":""Right Handed"",""Subcategory"":""3 Hybrid"",""Club Loft"":""19°"",""Shaft Flex"":""Senior"",""Shaft Model"":""Fujikura Ventus TR Blue HB 7""}","329.99","0","329.99","per_item"
"ZXI RKT HYG","Srixon ZXi RKT Hybrid","C4622572","{""Dexterity"":""Left Handed"",""Subcategory"":""4 Hybrid"",""Club Loft"":""22°"",""Shaft Flex"":""Senior"",""Shaft Model"":""Fujikura Ventus TR Blue HB 7""}","329.99","0","329.99","per_item"
"ZXI RKT HYG","Srixon ZXi RKT Hybrid","C4622573","{""Dexterity"":""Right Handed"",""Subcategory"":""4 Hybrid"",""Club Loft"":""22°"",""Shaft Flex"":""Senior"",""Shaft Model"":""Fujikura Ventus TR Blue HB 7""}","329.99","0","329.99","per_item"
"ZXI RKT HYG","Srixon ZXi RKT Hybrid","C4622574","{""Dexterity"":""Right Handed"",""Subcategory"":""5 Hybrid"",""Club Loft"":""25°"",""Shaft Flex"":""Senior"",""Shaft Model"":""Fujikura Ventus TR Blue HB 7""}","329.99","0","329.99","per_item"
"ZXI RKT HYG","Srixon ZXi RKT Hybrid","C4622575","{""Dexterity"":""Right Handed"",""Subcategory"":""6 Hybrid"",""Club Loft"":""28°"",""Shaft Flex"":""Senior"",""Shaft Model"":""Fujikura Ventus TR Blue HB 7""}","329.99","0","329.99","per_item"
"ZXI RKT HYG","Srixon ZXi RKT Hybrid","C4622576","{""Dexterity"":""Right Handed"",""Subcategory"":""2 Hybrid"",""Club Loft"":""17°"",""Shaft Flex"":""Regular"",""Shaft Model"":""Fujikura Ventus TR Blue HB 7""}","329.99","0","329.99","per_item"
"ZXI RKT HYG","Srixon ZXi RKT Hybrid","C4622577","{""Dexterity"":""Left Handed"",""Subcategory"":""3 Hybrid"",""Club Loft"":""19°"",""Shaft Flex"":""Regular"",""Shaft Model"":""Fujikura Ventus TR Blue HB 7""}","329.99","0","329.99","per_item"
"ZXI RKT HYG","Srixon ZXi RKT Hybrid","C4622578","{""Dexterity"":""Right Handed"",""Subcategory"":""3 Hybrid"",""Club Loft"":""19°"",""Shaft Flex"":""Regular"",""Shaft Model"":""Fujikura Ventus TR Blue HB 7""}","329.99","0","329.99","per_item"
"ZXI RKT HYG","Srixon ZXi RKT Hybrid","C4622579","{""Dexterity"":""Left Handed"",""Subcategory"":""4 Hybrid"",""Club Loft"":""22°"",""Shaft Flex"":""Regular"",""Shaft Model"":""Fujikura Ventus TR Blue HB 7""}","329.99","0","329.99","per_item"
"ZXI RKT HYG","Srixon ZXi RKT Hybrid","C4622580","{""Dexterity"":""Right Handed"",""Subcategory"":""4 Hybrid"",""Club Loft"":""22°"",""Shaft Flex"":""Regular"",""Shaft Model"":""Fujikura Ventus TR Blue HB 7""}","329.99","0","329.99","per_item"
"ZXI RKT HYG","Srixon ZXi RKT Hybrid","C4622581","{""Dexterity"":""Right Handed"",""Subcategory"":""5 Hybrid"",""Club Loft"":""25°"",""Shaft Flex"":""Regular"",""Shaft Model"":""Fujikura Ventus TR Blue HB 7""}","329.99","0","329.99","per_item"
"ZXI RKT HYG","Srixon ZXi RKT Hybrid","C4622582","{""Dexterity"":""Right Handed"",""Subcategory"":""6 Hybrid"",""Club Loft"":""28°"",""Shaft Flex"":""Regular"",""Shaft Model"":""Fujikura Ventus TR Blue HB 7""}","329.99","0","329.99","per_item"
"ZXI RKT HYG","Srixon ZXi RKT Hybrid","C4622583","{""Dexterity"":""Left Handed"",""Subcategory"":""4 Hybrid"",""Club Loft"":""22°"",""Shaft Flex"":""Stiff"",""Shaft Model"":""Graphite Design Tour AD DI-75 Hybrid""}","329.99","140","469.99","per_item"
"ZXI RKT HYG","Srixon ZXi RKT Hybrid","C4622584","{""Dexterity"":""Right Handed"",""Subcategory"":""2 Hybrid"",""Club Loft"":""17°"",""Shaft Flex"":""Regular"",""Shaft Model"":""Graphite Design Tour AD DI-75 Hybrid""}","329.99","140","469.99","per_item"
"ZXI RKT HYG","Srixon ZXi RKT Hybrid","C4622585","{""Dexterity"":""Right Handed"",""Subcategory"":""6 Hybrid"",""Club Loft"":""28°"",""Shaft Flex"":""Regular"",""Shaft Model"":""Graphite Design Tour AD DI-75 Hybrid""}","329.99","140","469.99","per_item"
"ZXI RKT HYG","Srixon ZXi RKT Hybrid","C4622586","{""Dexterity"":""Right Handed"",""Subcategory"":""6 Hybrid"",""Club Loft"":""28°"",""Shaft Flex"":""Stiff"",""Shaft Model"":""Graphite Design Tour AD DI-75 Hybrid""}","329.99","140","469.99","per_item"
"ZXI RKT HYG","Srixon ZXi RKT Hybrid","C4622587","{""Dexterity"":""Left Handed"",""Subcategory"":""3 Hybrid"",""Club Loft"":""19°"",""Shaft Flex"":""Regular"",""Shaft Model"":""Graphite Design Tour AD DI-75 Hybrid""}","329.99","140","469.99","per_item"
"ZXI RKT HYG","Srixon ZXi RKT Hybrid","C4622588","{""Dexterity"":""Left Handed"",""Subcategory"":""3 Hybrid"",""Club Loft"":""19°"",""Shaft Flex"":""Stiff"",""Shaft Model"":""Graphite Design Tour AD DI-75 Hybrid""}","329.99","140","469.99","per_item"
"ZXI RKT HYG","Srixon ZXi RKT Hybrid","C4622589","{""Dexterity"":""Left Handed"",""Subcategory"":""4 Hybrid"",""Club Loft"":""22°"",""Shaft Flex"":""Regular"",""Shaft Model"":""Graphite Design Tour AD DI-75 Hybrid""}","329.99","140","469.99","per_item"
"ZXI RKT HYG","Srixon ZXi RKT Hybrid","C4622590","{""Dexterity"":""Right Handed"",""Subcategory"":""3 Hybrid"",""Club Loft"":""19°"",""Shaft Flex"":""Stiff"",""Shaft Model"":""Graphite Design Tour AD DI-75 Hybrid""}","329.99","140","469.99","per_item"
"ZXI RKT HYG","Srixon ZXi RKT Hybrid","C4622591","{""Dexterity"":""Right Handed"",""Subcategory"":""4 Hybrid"",""Club Loft"":""22°"",""Shaft Flex"":""Regular"",""Shaft Model"":""Graphite Design Tour AD DI-75 Hybrid""}","329.99","140","469.99","per_item"
"ZXI RKT HYG","Srixon ZXi RKT Hybrid","C4622592","{""Dexterity"":""Right Handed"",""Subcategory"":""4 Hybrid"",""Club Loft"":""22°"",""Shaft Flex"":""Stiff"",""Shaft Model"":""Graphite Design Tour AD DI-75 Hybrid""}","329.99","140","469.99","per_item"
"ZXI RKT HYG","Srixon ZXi RKT Hybrid","C4622593","{""Dexterity"":""Right Handed"",""Subcategory"":""5 Hybrid"",""Club Loft"":""25°"",""Shaft Flex"":""Regular"",""Shaft Model"":""Graphite Design Tour AD DI-75 Hybrid""}","329.99","140","469.99","per_item"
"ZXI RKT HYG","Srixon ZXi RKT Hybrid","C4622594","{""Dexterity"":""Right Handed"",""Subcategory"":""5 Hybrid"",""Club Loft"":""25°"",""Shaft Flex"":""Stiff"",""Shaft Model"":""Graphite Design Tour AD DI-75 Hybrid""}","329.99","140","469.99","per_item"
"ZXI RKT HYG","Srixon ZXi RKT Hybrid","C4622595","{""Dexterity"":""Right Handed"",""Subcategory"":""2 Hybrid"",""Club Loft"":""17°"",""Shaft Flex"":""Stiff"",""Shaft Model"":""Graphite Design Tour AD DI-75 Hybrid""}","329.99","140","469.99","per_item"
"ZXI RKT HYG","Srixon ZXi RKT Hybrid","C4622596","{""Dexterity"":""Right Handed"",""Subcategory"":""3 Hybrid"",""Club Loft"":""19°"",""Shaft Flex"":""Regular"",""Shaft Model"":""Graphite Design Tour AD DI-75 Hybrid""}","329.99","140","469.99","per_item"
"ZXI RKT HYG","Srixon ZXi RKT Hybrid","C4622597","{""Dexterity"":""Right Handed"",""Subcategory"":""6 Hybrid"",""Club Loft"":""28°"",""Shaft Flex"":""Stiff"",""Shaft Model"":""Graphite Design Tour AD DI-95 Hybrid""}","329.99","140","469.99","per_item"
"ZXI RKT HYG","Srixon ZXi RKT Hybrid","C4622598","{""Dexterity"":""Left Handed"",""Subcategory"":""4 Hybrid"",""Club Loft"":""22°"",""Shaft Flex"":""Stiff"",""Shaft Model"":""Graphite Design Tour AD DI-95 Hybrid""}","329.99","140","469.99","per_item"
"ZXI RKT HYG","Srixon ZXi RKT Hybrid","C4622599","{""Dexterity"":""Left Handed"",""Subcategory"":""4 Hybrid"",""Club Loft"":""22°"",""Shaft Flex"":""X-Stiff"",""Shaft Model"":""Graphite Design Tour AD DI-95 Hybrid""}","329.99","140","469.99","per_item"
"ZXI RKT HYG","Srixon ZXi RKT Hybrid","C4622600","{""Dexterity"":""Right Handed"",""Subcategory"":""5 Hybrid"",""Club Loft"":""25°"",""Shaft Flex"":""X-Stiff"",""Shaft Model"":""Graphite Design Tour AD DI-95 Hybrid""}","329.99","140","469.99","per_item"
"ZXI RKT HYG","Srixon ZXi RKT Hybrid","C4622601","{""Dexterity"":""Right Handed"",""Subcategory"":""6 Hybrid"",""Club Loft"":""28°"",""Shaft Flex"":""X-Stiff"",""Shaft Model"":""Graphite Design Tour AD DI-95 Hybrid""}","329.99","140","469.99","per_item"
"ZXI RKT HYG","Srixon ZXi RKT Hybrid","C4622602","{""Dexterity"":""Left Handed"",""Subcategory"":""3 Hybrid"",""Club Loft"":""19°"",""Shaft Flex"":""Stiff"",""Shaft Model"":""Graphite Design Tour AD DI-95 Hybrid""}","329.99","140","469.99","per_item"
"ZXI RKT HYG","Srixon ZXi RKT Hybrid","C4622603","{""Dexterity"":""Left Handed"",""Subcategory"":""3 Hybrid"",""Club Loft"":""19°"",""Shaft Flex"":""X-Stiff"",""Shaft Model"":""Graphite Design Tour AD DI-95 Hybrid""}","329.99","140","469.99","per_item"
"ZXI RKT HYG","Srixon ZXi RKT Hybrid","C4622604","{""Dexterity"":""Right Handed"",""Subcategory"":""3 Hybrid"",""Club Loft"":""19°"",""Shaft Flex"":""Stiff"",""Shaft Model"":""Graphite Design Tour AD DI-95 Hybrid""}","329.99","140","469.99","per_item"
"ZXI RKT HYG","Srixon ZXi RKT Hybrid","C4622606","{""Dexterity"":""Right Handed"",""Subcategory"":""4 Hybrid"",""Club Loft"":""22°"",""Shaft Flex"":""Stiff"",""Shaft Model"":""Graphite Design Tour AD DI-95 Hybrid""}","329.99","140","469.99","per_item"
"ZXI RKT HYG","Srixon ZXi RKT Hybrid","C4622605","{""Dexterity"":""Right Handed"",""Subcategory"":""3 Hybrid"",""Club Loft"":""19°"",""Shaft Flex"":""X-Stiff"",""Shaft Model"":""Graphite Design Tour AD DI-95 Hybrid""}","329.99","140","469.99","per_item"
"ZXI RKT HYG","Srixon ZXi RKT Hybrid","C4622607","{""Dexterity"":""Right Handed"",""Subcategory"":""4 Hybrid"",""Club Loft"":""22°"",""Shaft Flex"":""X-Stiff"",""Shaft Model"":""Graphite Design Tour AD DI-95 Hybrid""}","329.99","140","469.99","per_item"
"ZXI RKT HYG","Srixon ZXi RKT Hybrid","C4622608","{""Dexterity"":""Right Handed"",""Subcategory"":""5 Hybrid"",""Club Loft"":""25°"",""Shaft Flex"":""Stiff"",""Shaft Model"":""Graphite Design Tour AD DI-95 Hybrid""}","329.99","140","469.99","per_item"
"ZXI RKT HYG","Srixon ZXi RKT Hybrid","C4622609","{""Dexterity"":""Right Handed"",""Subcategory"":""2 Hybrid"",""Club Loft"":""17°"",""Shaft Flex"":""Stiff"",""Shaft Model"":""Graphite Design Tour AD DI-95 Hybrid""}","329.99","140","469.99","per_item"
"ZXI RKT HYG","Srixon ZXi RKT Hybrid","C4622610","{""Dexterity"":""Right Handed"",""Subcategory"":""2 Hybrid"",""Club Loft"":""17°"",""Shaft Flex"":""X-Stiff"",""Shaft Model"":""Graphite Design Tour AD DI-95 Hybrid""}","329.99","140","469.99","per_item"
"ZXI RKT HYG","Srixon ZXi RKT Hybrid","C4622611","{""Dexterity"":""Right Handed"",""Subcategory"":""6 Hybrid"",""Club Loft"":""28°"",""Shaft Flex"":""Regular"",""Shaft Model"":""Graphite Design Tour AD IZ-75""}","329.99","140","469.99","per_item"
"ZXI RKT HYG","Srixon ZXi RKT Hybrid","C4622612","{""Dexterity"":""Right Handed"",""Subcategory"":""2 Hybrid"",""Club Loft"":""17°"",""Shaft Flex"":""Regular"",""Shaft Model"":""Graphite Design Tour AD IZ-75""}","329.99","140","469.99","per_item"
"ZXI RKT HYG","Srixon ZXi RKT Hybrid","C4622613","{""Dexterity"":""Left Handed"",""Subcategory"":""3 Hybrid"",""Club Loft"":""19°"",""Shaft Flex"":""Regular"",""Shaft Model"":""Graphite Design Tour AD IZ-75""}","329.99","140","469.99","per_item"
"ZXI RKT HYG","Srixon ZXi RKT Hybrid","C4622614","{""Dexterity"":""Left Handed"",""Subcategory"":""4 Hybrid"",""Club Loft"":""22°"",""Shaft Flex"":""Regular"",""Shaft Model"":""Graphite Design Tour AD IZ-75""}","329.99","140","469.99","per_item"
"ZXI RKT HYG","Srixon ZXi RKT Hybrid","C4622615","{""Dexterity"":""Right Handed"",""Subcategory"":""4 Hybrid"",""Club Loft"":""22°"",""Shaft Flex"":""Regular"",""Shaft Model"":""Graphite Design Tour AD IZ-75""}","329.99","140","469.99","per_item"
"ZXI RKT HYG","Srixon ZXi RKT Hybrid","C4622616","{""Dexterity"":""Right Handed"",""Subcategory"":""5 Hybrid"",""Club Loft"":""25°"",""Shaft Flex"":""Regular"",""Shaft Model"":""Graphite Design Tour AD IZ-75""}","329.99","140","469.99","per_item"
"ZXI RKT HYG","Srixon ZXi RKT Hybrid","C4622617","{""Dexterity"":""Right Handed"",""Subcategory"":""3 Hybrid"",""Club Loft"":""19°"",""Shaft Flex"":""Regular"",""Shaft Model"":""Graphite Design Tour AD IZ-75""}","329.99","140","469.99","per_item"
"ZXI RKT HYG","Srixon ZXi RKT Hybrid","C4622618","{""Dexterity"":""Right Handed"",""Subcategory"":""2 Hybrid"",""Club Loft"":""17°"",""Shaft Flex"":""Stiff"",""Shaft Model"":""Graphite Design Tour AD IZ-85""}","329.99","140","469.99","per_item"
"ZXI RKT HYG","Srixon ZXi RKT Hybrid","C4622619","{""Dexterity"":""Right Handed"",""Subcategory"":""6 Hybrid"",""Club Loft"":""28°"",""Shaft Flex"":""Stiff"",""Shaft Model"":""Graphite Design Tour AD IZ-85""}","329.99","140","469.99","per_item"
"ZXI RKT HYG","Srixon ZXi RKT Hybrid","C4622620","{""Dexterity"":""Left Handed"",""Subcategory"":""3 Hybrid"",""Club Loft"":""19°"",""Shaft Flex"":""Stiff"",""Shaft Model"":""Graphite Design Tour AD IZ-85""}","329.99","140","469.99","per_item"
"ZXI RKT HYG","Srixon ZXi RKT Hybrid","C4622621","{""Dexterity"":""Left Handed"",""Subcategory"":""4 Hybrid"",""Club Loft"":""22°"",""Shaft Flex"":""Stiff"",""Shaft Model"":""Graphite Design Tour AD IZ-85""}","329.99","140","469.99","per_item"
"ZXI RKT HYG","Srixon ZXi RKT Hybrid","C4622622","{""Dexterity"":""Right Handed"",""Subcategory"":""4 Hybrid"",""Club Loft"":""22°"",""Shaft Flex"":""Stiff"",""Shaft Model"":""Graphite Design Tour AD IZ-85""}","329.99","140","469.99","per_item"
"ZXI RKT HYG","Srixon ZXi RKT Hybrid","C4622623","{""Dexterity"":""Right Handed"",""Subcategory"":""5 Hybrid"",""Club Loft"":""25°"",""Shaft Flex"":""Stiff"",""Shaft Model"":""Graphite Design Tour AD IZ-85""}","329.99","140","469.99","per_item"
"ZXI RKT HYG","Srixon ZXi RKT Hybrid","C4622624","{""Dexterity"":""Right Handed"",""Subcategory"":""3 Hybrid"",""Club Loft"":""19°"",""Shaft Flex"":""Stiff"",""Shaft Model"":""Graphite Design Tour AD IZ-85""}","329.99","140","469.99","per_item"
"ZXI RKT HYG","Srixon ZXi RKT Hybrid","C4622625","{""Dexterity"":""Right Handed"",""Subcategory"":""6 Hybrid"",""Club Loft"":""28°"",""Shaft Flex"":""Stiff"",""Shaft Model"":""Graphite Design Tour AD IZ-95""}","329.99","140","469.99","per_item"
"ZXI RKT HYG","Srixon ZXi RKT Hybrid","C4622626","{""Dexterity"":""Left Handed"",""Subcategory"":""3 Hybrid"",""Club Loft"":""19°"",""Shaft Flex"":""Stiff"",""Shaft Model"":""Graphite Design Tour AD IZ-95""}","329.99","140","469.99","per_item"
"ZXI RKT HYG","Srixon ZXi RKT Hybrid","C4622627","{""Dexterity"":""Left Handed"",""Subcategory"":""4 Hybrid"",""Club Loft"":""22°"",""Shaft Flex"":""Stiff"",""Shaft Model"":""Graphite Design Tour AD IZ-95""}","329.99","140","469.99","per_item"
"ZXI RKT HYG","Srixon ZXi RKT Hybrid","C4622628","{""Dexterity"":""Right Handed"",""Subcategory"":""4 Hybrid"",""Club Loft"":""22°"",""Shaft Flex"":""Stiff"",""Shaft Model"":""Graphite Design Tour AD IZ-95""}","329.99","140","469.99","per_item"
"ZXI RKT HYG","Srixon ZXi RKT Hybrid","C4622630","{""Dexterity"":""Right Handed"",""Subcategory"":""2 Hybrid"",""Club Loft"":""17°"",""Shaft Flex"":""Stiff"",""Shaft Model"":""Graphite Design Tour AD IZ-95""}","329.99","140","469.99","per_item"
"ZXI RKT HYG","Srixon ZXi RKT Hybrid","C4622629","{""Dexterity"":""Right Handed"",""Subcategory"":""5 Hybrid"",""Club Loft"":""25°"",""Shaft Flex"":""Stiff"",""Shaft Model"":""Graphite Design Tour AD IZ-95""}","329.99","140","469.99","per_item"
"ZXI RKT HYG","Srixon ZXi RKT Hybrid","C4622631","{""Dexterity"":""Right Handed"",""Subcategory"":""3 Hybrid"",""Club Loft"":""19°"",""Shaft Flex"":""Stiff"",""Shaft Model"":""Graphite Design Tour AD IZ-95""}","329.99","140","469.99","per_item"
"ZXI RKT HYG","Srixon ZXi RKT Hybrid","C4622632","{""Dexterity"":""Right Handed"",""Subcategory"":""2 Hybrid"",""Club Loft"":""17°"",""Shaft Flex"":""Stiff"",""Shaft Model"":""Graphite Design Tour AD VF 85HY""}","329.99","200","529.99","per_item"
"ZXI RKT HYG","Srixon ZXi RKT Hybrid","C4622633","{""Dexterity"":""Right Handed"",""Subcategory"":""2 Hybrid"",""Club Loft"":""17°"",""Shaft Flex"":""X-Stiff"",""Shaft Model"":""Graphite Design Tour AD VF 85HY""}","329.99","200","529.99","per_item"
"ZXI RKT HYG","Srixon ZXi RKT Hybrid","C4622634","{""Dexterity"":""Left Handed"",""Subcategory"":""3 Hybrid"",""Club Loft"":""19°"",""Shaft Flex"":""Stiff"",""Shaft Model"":""Graphite Design Tour AD VF 85HY""}","329.99","200","529.99","per_item"
"ZXI RKT HYG","Srixon ZXi RKT Hybrid","C4622635","{""Dexterity"":""Left Handed"",""Subcategory"":""3 Hybrid"",""Club Loft"":""19°"",""Shaft Flex"":""X-Stiff"",""Shaft Model"":""Graphite Design Tour AD VF 85HY""}","329.99","200","529.99","per_item"
"ZXI RKT HYG","Srixon ZXi RKT Hybrid","C4622637","{""Dexterity"":""Right Handed"",""Subcategory"":""3 Hybrid"",""Club Loft"":""19°"",""Shaft Flex"":""X-Stiff"",""Shaft Model"":""Graphite Design Tour AD VF 85HY""}","329.99","200","529.99","per_item"
"ZXI RKT HYG","Srixon ZXi RKT Hybrid","C4622636","{""Dexterity"":""Right Handed"",""Subcategory"":""3 Hybrid"",""Club Loft"":""19°"",""Shaft Flex"":""Stiff"",""Shaft Model"":""Graphite Design Tour AD VF 85HY""}","329.99","200","529.99","per_item"
"ZXI RKT HYG","Srixon ZXi RKT Hybrid","C4622638","{""Dexterity"":""Left Handed"",""Subcategory"":""4 Hybrid"",""Club Loft"":""22°"",""Shaft Flex"":""Stiff"",""Shaft Model"":""Graphite Design Tour AD VF 85HY""}","329.99","200","529.99","per_item"
"ZXI RKT HYG","Srixon ZXi RKT Hybrid","C4622639","{""Dexterity"":""Left Handed"",""Subcategory"":""4 Hybrid"",""Club Loft"":""22°"",""Shaft Flex"":""X-Stiff"",""Shaft Model"":""Graphite Design Tour AD VF 85HY""}","329.99","200","529.99","per_item"
"ZXI RKT HYG","Srixon ZXi RKT Hybrid","C4622640","{""Dexterity"":""Right Handed"",""Subcategory"":""4 Hybrid"",""Club Loft"":""22°"",""Shaft Flex"":""Stiff"",""Shaft Model"":""Graphite Design Tour AD VF 85HY""}","329.99","200","529.99","per_item"
"ZXI RKT HYG","Srixon ZXi RKT Hybrid","C4622641","{""Dexterity"":""Right Handed"",""Subcategory"":""4 Hybrid"",""Club Loft"":""22°"",""Shaft Flex"":""X-Stiff"",""Shaft Model"":""Graphite Design Tour AD VF 85HY""}","329.99","200","529.99","per_item"
"ZXI RKT HYG","Srixon ZXi RKT Hybrid","C4622642","{""Dexterity"":""Right Handed"",""Subcategory"":""5 Hybrid"",""Club Loft"":""25°"",""Shaft Flex"":""Stiff"",""Shaft Model"":""Graphite Design Tour AD VF 85HY""}","329.99","200","529.99","per_item"
"ZXI RKT HYG","Srixon ZXi RKT Hybrid","C4622643","{""Dexterity"":""Right Handed"",""Subcategory"":""5 Hybrid"",""Club Loft"":""25°"",""Shaft Flex"":""X-Stiff"",""Shaft Model"":""Graphite Design Tour AD VF 85HY""}","329.99","200","529.99","per_item"
"ZXI RKT HYG","Srixon ZXi RKT Hybrid","C4622644","{""Dexterity"":""Right Handed"",""Subcategory"":""6 Hybrid"",""Club Loft"":""28°"",""Shaft Flex"":""Stiff"",""Shaft Model"":""Graphite Design Tour AD VF 85HY""}","329.99","200","529.99","per_item"
"ZXI RKT HYG","Srixon ZXi RKT Hybrid","C4622645","{""Dexterity"":""Right Handed"",""Subcategory"":""6 Hybrid"",""Club Loft"":""28°"",""Shaft Flex"":""X-Stiff"",""Shaft Model"":""Graphite Design Tour AD VF 85HY""}","329.99","200","529.99","per_item"
"ZXI RKT HYG","Srixon ZXi RKT Hybrid","C4622646","{""Dexterity"":""Right Handed"",""Subcategory"":""2 Hybrid"",""Club Loft"":""17°"",""Shaft Flex"":""Stiff"",""Shaft Model"":""Graphite Design Tour AD VF 95HY""}","329.99","200","529.99","per_item"
"ZXI RKT HYG","Srixon ZXi RKT Hybrid","C4622647","{""Dexterity"":""Right Handed"",""Subcategory"":""2 Hybrid"",""Club Loft"":""17°"",""Shaft Flex"":""X-Stiff"",""Shaft Model"":""Graphite Design Tour AD VF 95HY""}","329.99","200","529.99","per_item"
"ZXI RKT HYG","Srixon ZXi RKT Hybrid","C4622649","{""Dexterity"":""Left Handed"",""Subcategory"":""3 Hybrid"",""Club Loft"":""19°"",""Shaft Flex"":""X-Stiff"",""Shaft Model"":""Graphite Design Tour AD VF 95HY""}","329.99","200","529.99","per_item"
"ZXI RKT HYG","Srixon ZXi RKT Hybrid","C4622648","{""Dexterity"":""Left Handed"",""Subcategory"":""3 Hybrid"",""Club Loft"":""19°"",""Shaft Flex"":""Stiff"",""Shaft Model"":""Graphite Design Tour AD VF 95HY""}","329.99","200","529.99","per_item"
"ZXI RKT HYG","Srixon ZXi RKT Hybrid","C4622650","{""Dexterity"":""Right Handed"",""Subcategory"":""3 Hybrid"",""Club Loft"":""19°"",""Shaft Flex"":""Stiff"",""Shaft Model"":""Graphite Design Tour AD VF 95HY""}","329.99","200","529.99","per_item"
"ZXI RKT HYG","Srixon ZXi RKT Hybrid","C4622651","{""Dexterity"":""Right Handed"",""Subcategory"":""3 Hybrid"",""Club Loft"":""19°"",""Shaft Flex"":""X-Stiff"",""Shaft Model"":""Graphite Design Tour AD VF 95HY""}","329.99","200","529.99","per_item"
"ZXI RKT HYG","Srixon ZXi RKT Hybrid","C4622652","{""Dexterity"":""Left Handed"",""Subcategory"":""4 Hybrid"",""Club Loft"":""22°"",""Shaft Flex"":""Stiff"",""Shaft Model"":""Graphite Design Tour AD VF 95HY""}","329.99","200","529.99","per_item"
"ZXI RKT HYG","Srixon ZXi RKT Hybrid","C4622653","{""Dexterity"":""Left Handed"",""Subcategory"":""4 Hybrid"",""Club Loft"":""22°"",""Shaft Flex"":""X-Stiff"",""Shaft Model"":""Graphite Design Tour AD VF 95HY""}","329.99","200","529.99","per_item"
"ZXI RKT HYG","Srixon ZXi RKT Hybrid","C4622654","{""Dexterity"":""Right Handed"",""Subcategory"":""4 Hybrid"",""Club Loft"":""22°"",""Shaft Flex"":""Stiff"",""Shaft Model"":""Graphite Design Tour AD VF 95HY""}","329.99","200","529.99","per_item"
"ZXI RKT HYG","Srixon ZXi RKT Hybrid","C4622655","{""Dexterity"":""Right Handed"",""Subcategory"":""4 Hybrid"",""Club Loft"":""22°"",""Shaft Flex"":""X-Stiff"",""Shaft Model"":""Graphite Design Tour AD VF 95HY""}","329.99","200","529.99","per_item"
"ZXI RKT HYG","Srixon ZXi RKT Hybrid","C4622656","{""Dexterity"":""Right Handed"",""Subcategory"":""5 Hybrid"",""Club Loft"":""25°"",""Shaft Flex"":""Stiff"",""Shaft Model"":""Graphite Design Tour AD VF 95HY""}","329.99","200","529.99","per_item"
"ZXI RKT HYG","Srixon ZXi RKT Hybrid","C4622657","{""Dexterity"":""Right Handed"",""Subcategory"":""5 Hybrid"",""Club Loft"":""25°"",""Shaft Flex"":""X-Stiff"",""Shaft Model"":""Graphite Design Tour AD VF 95HY""}","329.99","200","529.99","per_item"
"ZXI RKT HYG","Srixon ZXi RKT Hybrid","C4622658","{""Dexterity"":""Right Handed"",""Subcategory"":""6 Hybrid"",""Club Loft"":""28°"",""Shaft Flex"":""Stiff"",""Shaft Model"":""Graphite Design Tour AD VF 95HY""}","329.99","200","529.99","per_item"
"ZXI RKT HYG","Srixon ZXi RKT Hybrid","C4622659","{""Dexterity"":""Right Handed"",""Subcategory"":""6 Hybrid"",""Club Loft"":""28°"",""Shaft Flex"":""X-Stiff"",""Shaft Model"":""Graphite Design Tour AD VF 95HY""}","329.99","200","529.99","per_item"
"ZXI RKT HYG","Srixon ZXi RKT Hybrid","C4622661","{""Dexterity"":""Right Handed"",""Subcategory"":""2 Hybrid"",""Club Loft"":""17°"",""Shaft Flex"":""Senior"",""Shaft Model"":""KBS Max HL""}","329.99","0","329.99","per_item"
"ZXI RKT HYG","Srixon ZXi RKT Hybrid","C4622662","{""Dexterity"":""Right Handed"",""Subcategory"":""2 Hybrid"",""Club Loft"":""17°"",""Shaft Flex"":""Stiff"",""Shaft Model"":""KBS Max HL""}","329.99","0","329.99","per_item"
"ZXI RKT HYG","Srixon ZXi RKT Hybrid","C4622660","{""Dexterity"":""Right Handed"",""Subcategory"":""2 Hybrid"",""Club Loft"":""17°"",""Shaft Flex"":""Regular"",""Shaft Model"":""KBS Max HL""}","329.99","0","329.99","per_item"
"ZXI RKT HYG","Srixon ZXi RKT Hybrid","C4622663","{""Dexterity"":""Left Handed"",""Subcategory"":""3 Hybrid"",""Club Loft"":""19°"",""Shaft Flex"":""Regular"",""Shaft Model"":""KBS Max HL""}","329.99","0","329.99","per_item"
"ZXI RKT HYG","Srixon ZXi RKT Hybrid","C4622664","{""Dexterity"":""Left Handed"",""Subcategory"":""3 Hybrid"",""Club Loft"":""19°"",""Shaft Flex"":""Senior"",""Shaft Model"":""KBS Max HL""}","329.99","0","329.99","per_item"
"ZXI RKT HYG","Srixon ZXi RKT Hybrid","C4622665","{""Dexterity"":""Left Handed"",""Subcategory"":""3 Hybrid"",""Club Loft"":""19°"",""Shaft Flex"":""Stiff"",""Shaft Model"":""KBS Max HL""}","329.99","0","329.99","per_item"
"ZXI RKT HYG","Srixon ZXi RKT Hybrid","C4622666","{""Dexterity"":""Right Handed"",""Subcategory"":""3 Hybrid"",""Club Loft"":""19°"",""Shaft Flex"":""Regular"",""Shaft Model"":""KBS Max HL""}","329.99","0","329.99","per_item"
"ZXI RKT HYG","Srixon ZXi RKT Hybrid","C4622667","{""Dexterity"":""Right Handed"",""Subcategory"":""3 Hybrid"",""Club Loft"":""19°"",""Shaft Flex"":""Senior"",""Shaft Model"":""KBS Max HL""}","329.99","0","329.99","per_item"
"ZXI RKT HYG","Srixon ZXi RKT Hybrid","C4622668","{""Dexterity"":""Right Handed"",""Subcategory"":""3 Hybrid"",""Club Loft"":""19°"",""Shaft Flex"":""Stiff"",""Shaft Model"":""KBS Max HL""}","329.99","0","329.99","per_item"
"ZXI RKT HYG","Srixon ZXi RKT Hybrid","C4622670","{""Dexterity"":""Left Handed"",""Subcategory"":""4 Hybrid"",""Club Loft"":""22°"",""Shaft Flex"":""Senior"",""Shaft Model"":""KBS Max HL""}","329.99","0","329.99","per_item"
"ZXI RKT HYG","Srixon ZXi RKT Hybrid","C4622669","{""Dexterity"":""Left Handed"",""Subcategory"":""4 Hybrid"",""Club Loft"":""22°"",""Shaft Flex"":""Regular"",""Shaft Model"":""KBS Max HL""}","329.99","0","329.99","per_item"
"ZXI RKT HYG","Srixon ZXi RKT Hybrid","C4622671","{""Dexterity"":""Left Handed"",""Subcategory"":""4 Hybrid"",""Club Loft"":""22°"",""Shaft Flex"":""Stiff"",""Shaft Model"":""KBS Max HL""}","329.99","0","329.99","per_item"
"ZXI RKT HYG","Srixon ZXi RKT Hybrid","C4622672","{""Dexterity"":""Right Handed"",""Subcategory"":""4 Hybrid"",""Club Loft"":""22°"",""Shaft Flex"":""Regular"",""Shaft Model"":""KBS Max HL""}","329.99","0","329.99","per_item"
"ZXI RKT HYG","Srixon ZXi RKT Hybrid","C4622673","{""Dexterity"":""Right Handed"",""Subcategory"":""4 Hybrid"",""Club Loft"":""22°"",""Shaft Flex"":""Senior"",""Shaft Model"":""KBS Max HL""}","329.99","0","329.99","per_item"
"ZXI RKT HYG","Srixon ZXi RKT Hybrid","C4622674","{""Dexterity"":""Right Handed"",""Subcategory"":""4 Hybrid"",""Club Loft"":""22°"",""Shaft Flex"":""Stiff"",""Shaft Model"":""KBS Max HL""}","329.99","0","329.99","per_item"
"ZXI RKT HYG","Srixon ZXi RKT Hybrid","C4622675","{""Dexterity"":""Right Handed"",""Subcategory"":""5 Hybrid"",""Club Loft"":""25°"",""Shaft Flex"":""Regular"",""Shaft Model"":""KBS Max HL""}","329.99","0","329.99","per_item"
"ZXI RKT HYG","Srixon ZXi RKT Hybrid","C4622676","{""Dexterity"":""Right Handed"",""Subcategory"":""5 Hybrid"",""Club Loft"":""25°"",""Shaft Flex"":""Senior"",""Shaft Model"":""KBS Max HL""}","329.99","0","329.99","per_item"
"ZXI RKT HYG","Srixon ZXi RKT Hybrid","C4622677","{""Dexterity"":""Right Handed"",""Subcategory"":""5 Hybrid"",""Club Loft"":""25°"",""Shaft Flex"":""Stiff"",""Shaft Model"":""KBS Max HL""}","329.99","0","329.99","per_item"
"ZXI RKT HYG","Srixon ZXi RKT Hybrid","C4622678","{""Dexterity"":""Right Handed"",""Subcategory"":""6 Hybrid"",""Club Loft"":""28°"",""Shaft Flex"":""Regular"",""Shaft Model"":""KBS Max HL""}","329.99","0","329.99","per_item"
"ZXI RKT HYG","Srixon ZXi RKT Hybrid","C4622679","{""Dexterity"":""Right Handed"",""Subcategory"":""6 Hybrid"",""Club Loft"":""28°"",""Shaft Flex"":""Senior"",""Shaft Model"":""KBS Max HL""}","329.99","0","329.99","per_item"
"ZXI RKT HYG","Srixon ZXi RKT Hybrid","C4622680","{""Dexterity"":""Right Handed"",""Subcategory"":""6 Hybrid"",""Club Loft"":""28°"",""Shaft Flex"":""Stiff"",""Shaft Model"":""KBS Max HL""}","329.99","0","329.99","per_item"
"ZXI RKT HYG","Srixon ZXi RKT Hybrid","C4622681","{""Dexterity"":""Left Handed"",""Subcategory"":""3 Hybrid"",""Club Loft"":""19°"",""Shaft Flex"":""Regular"",""Shaft Model"":""KBS Tour Hybrid Prototype 75""}","329.99","0","329.99","per_item"
"ZXI RKT HYG","Srixon ZXi RKT Hybrid","C4622682","{""Dexterity"":""Left Handed"",""Subcategory"":""4 Hybrid"",""Club Loft"":""22°"",""Shaft Flex"":""Regular"",""Shaft Model"":""KBS Tour Hybrid Prototype 75""}","329.99","0","329.99","per_item"
"ZXI RKT HYG","Srixon ZXi RKT Hybrid","C4622683","{""Dexterity"":""Right Handed"",""Subcategory"":""6 Hybrid"",""Club Loft"":""28°"",""Shaft Flex"":""Regular"",""Shaft Model"":""KBS Tour Hybrid Prototype 75""}","329.99","0","329.99","per_item"
"ZXI RKT HYG","Srixon ZXi RKT Hybrid","C4622684","{""Dexterity"":""Right Handed"",""Subcategory"":""6 Hybrid"",""Club Loft"":""28°"",""Shaft Flex"":""Stiff"",""Shaft Model"":""KBS Tour Hybrid Prototype 75""}","329.99","0","329.99","per_item"
"ZXI RKT HYG","Srixon ZXi RKT Hybrid","C4622685","{""Dexterity"":""Right Handed"",""Subcategory"":""2 Hybrid"",""Club Loft"":""17°"",""Shaft Flex"":""Stiff"",""Shaft Model"":""KBS Tour Hybrid Prototype 75""}","329.99","0","329.99","per_item"
"ZXI RKT HYG","Srixon ZXi RKT Hybrid","C4622686","{""Dexterity"":""Right Handed"",""Subcategory"":""2 Hybrid"",""Club Loft"":""17°"",""Shaft Flex"":""Regular"",""Shaft Model"":""KBS Tour Hybrid Prototype 75""}","329.99","0","329.99","per_item"
"ZXI RKT HYG","Srixon ZXi RKT Hybrid","C4622687","{""Dexterity"":""Left Handed"",""Subcategory"":""3 Hybrid"",""Club Loft"":""19°"",""Shaft Flex"":""Stiff"",""Shaft Model"":""KBS Tour Hybrid Prototype 75""}","329.99","0","329.99","per_item"
"ZXI RKT HYG","Srixon ZXi RKT Hybrid","C4622688","{""Dexterity"":""Left Handed"",""Subcategory"":""4 Hybrid"",""Club Loft"":""22°"",""Shaft Flex"":""Stiff"",""Shaft Model"":""KBS Tour Hybrid Prototype 75""}","329.99","0","329.99","per_item"
"ZXI RKT HYG","Srixon ZXi RKT Hybrid","C4622689","{""Dexterity"":""Right Handed"",""Subcategory"":""3 Hybrid"",""Club Loft"":""19°"",""Shaft Flex"":""Regular"",""Shaft Model"":""KBS Tour Hybrid Prototype 75""}","329.99","0","329.99","per_item"
"ZXI RKT HYG","Srixon ZXi RKT Hybrid","C4622690","{""Dexterity"":""Right Handed"",""Subcategory"":""4 Hybrid"",""Club Loft"":""22°"",""Shaft Flex"":""Regular"",""Shaft Model"":""KBS Tour Hybrid Prototype 75""}","329.99","0","329.99","per_item"
"ZXI RKT HYG","Srixon ZXi RKT Hybrid","C4622691","{""Dexterity"":""Right Handed"",""Subcategory"":""4 Hybrid"",""Club Loft"":""22°"",""Shaft Flex"":""Stiff"",""Shaft Model"":""KBS Tour Hybrid Prototype 75""}","329.99","0","329.99","per_item"
"ZXI RKT HYG","Srixon ZXi RKT Hybrid","C4622692","{""Dexterity"":""Right Handed"",""Subcategory"":""5 Hybrid"",""Club Loft"":""25°"",""Shaft Flex"":""Regular"",""Shaft Model"":""KBS Tour Hybrid Prototype 75""}","329.99","0","329.99","per_item"
"ZXI RKT HYG","Srixon ZXi RKT Hybrid","C4622693","{""Dexterity"":""Right Handed"",""Subcategory"":""5 Hybrid"",""Club Loft"":""25°"",""Shaft Flex"":""Stiff"",""Shaft Model"":""KBS Tour Hybrid Prototype 75""}","329.99","0","329.99","per_item"
"ZXI RKT HYG","Srixon ZXi RKT Hybrid","C4622694","{""Dexterity"":""Right Handed"",""Subcategory"":""3 Hybrid"",""Club Loft"":""19°"",""Shaft Flex"":""Stiff"",""Shaft Model"":""KBS Tour Hybrid Prototype 75""}","329.99","0","329.99","per_item"
"ZXI RKT HYG","Srixon ZXi RKT Hybrid","C4622695","{""Dexterity"":""Left Handed"",""Subcategory"":""3 Hybrid"",""Club Loft"":""19°"",""Shaft Flex"":""Stiff"",""Shaft Model"":""KBS Tour Hybrid Prototype 85""}","329.99","0","329.99","per_item"
"ZXI RKT HYG","Srixon ZXi RKT Hybrid","C4622696","{""Dexterity"":""Left Handed"",""Subcategory"":""3 Hybrid"",""Club Loft"":""19°"",""Shaft Flex"":""X-Stiff"",""Shaft Model"":""KBS Tour Hybrid Prototype 85""}","329.99","0","329.99","per_item"
"ZXI RKT HYG","Srixon ZXi RKT Hybrid","C4622697","{""Dexterity"":""Left Handed"",""Subcategory"":""4 Hybrid"",""Club Loft"":""22°"",""Shaft Flex"":""Stiff"",""Shaft Model"":""KBS Tour Hybrid Prototype 85""}","329.99","0","329.99","per_item"
"ZXI RKT HYG","Srixon ZXi RKT Hybrid","C4622698","{""Dexterity"":""Right Handed"",""Subcategory"":""5 Hybrid"",""Club Loft"":""25°"",""Shaft Flex"":""X-Stiff"",""Shaft Model"":""KBS Tour Hybrid Prototype 85""}","329.99","0","329.99","per_item"
"ZXI RKT HYG","Srixon ZXi RKT Hybrid","C4622699","{""Dexterity"":""Right Handed"",""Subcategory"":""6 Hybrid"",""Club Loft"":""28°"",""Shaft Flex"":""Stiff"",""Shaft Model"":""KBS Tour Hybrid Prototype 85""}","329.99","0","329.99","per_item"
"ZXI RKT HYG","Srixon ZXi RKT Hybrid","C4622700","{""Dexterity"":""Right Handed"",""Subcategory"":""6 Hybrid"",""Club Loft"":""28°"",""Shaft Flex"":""X-Stiff"",""Shaft Model"":""KBS Tour Hybrid Prototype 85""}","329.99","0","329.99","per_item"
"ZXI RKT HYG","Srixon ZXi RKT Hybrid","C4622701","{""Dexterity"":""Right Handed"",""Subcategory"":""2 Hybrid"",""Club Loft"":""17°"",""Shaft Flex"":""Regular"",""Shaft Model"":""KBS Tour Hybrid Prototype 85""}","329.99","0","329.99","per_item"
"ZXI RKT HYG","Srixon ZXi RKT Hybrid","C4622702","{""Dexterity"":""Right Handed"",""Subcategory"":""6 Hybrid"",""Club Loft"":""28°"",""Shaft Flex"":""Regular"",""Shaft Model"":""KBS Tour Hybrid Prototype 85""}","329.99","0","329.99","per_item"
"ZXI RKT HYG","Srixon ZXi RKT Hybrid","C4622703","{""Dexterity"":""Left Handed"",""Subcategory"":""4 Hybrid"",""Club Loft"":""22°"",""Shaft Flex"":""X-Stiff"",""Shaft Model"":""KBS Tour Hybrid Prototype 85""}","329.99","0","329.99","per_item"
"ZXI RKT HYG","Srixon ZXi RKT Hybrid","C4622704","{""Dexterity"":""Right Handed"",""Subcategory"":""2 Hybrid"",""Club Loft"":""17°"",""Shaft Flex"":""Stiff"",""Shaft Model"":""KBS Tour Hybrid Prototype 85""}","329.99","0","329.99","per_item"
"ZXI RKT HYG","Srixon ZXi RKT Hybrid","C4622705","{""Dexterity"":""Left Handed"",""Subcategory"":""3 Hybrid"",""Club Loft"":""19°"",""Shaft Flex"":""Regular"",""Shaft Model"":""KBS Tour Hybrid Prototype 85""}","329.99","0","329.99","per_item"
"ZXI RKT HYG","Srixon ZXi RKT Hybrid","C4622706","{""Dexterity"":""Left Handed"",""Subcategory"":""4 Hybrid"",""Club Loft"":""22°"",""Shaft Flex"":""Regular"",""Shaft Model"":""KBS Tour Hybrid Prototype 85""}","329.99","0","329.99","per_item"
"ZXI RKT HYG","Srixon ZXi RKT Hybrid","C4622707","{""Dexterity"":""Right Handed"",""Subcategory"":""2 Hybrid"",""Club Loft"":""17°"",""Shaft Flex"":""X-Stiff"",""Shaft Model"":""KBS Tour Hybrid Prototype 85""}","329.99","0","329.99","per_item"
"ZXI RKT HYG","Srixon ZXi RKT Hybrid","C4622708","{""Dexterity"":""Right Handed"",""Subcategory"":""3 Hybrid"",""Club Loft"":""19°"",""Shaft Flex"":""Stiff"",""Shaft Model"":""KBS Tour Hybrid Prototype 85""}","329.99","0","329.99","per_item"
"ZXI RKT HYG","Srixon ZXi RKT Hybrid","C4622709","{""Dexterity"":""Right Handed"",""Subcategory"":""3 Hybrid"",""Club Loft"":""19°"",""Shaft Flex"":""X-Stiff"",""Shaft Model"":""KBS Tour Hybrid Prototype 85""}","329.99","0","329.99","per_item"
"ZXI RKT HYG","Srixon ZXi RKT Hybrid","C4622710","{""Dexterity"":""Right Handed"",""Subcategory"":""4 Hybrid"",""Club Loft"":""22°"",""Shaft Flex"":""Regular"",""Shaft Model"":""KBS Tour Hybrid Prototype 85""}","329.99","0","329.99","per_item"
"ZXI RKT HYG","Srixon ZXi RKT Hybrid","C4622711","{""Dexterity"":""Right Handed"",""Subcategory"":""4 Hybrid"",""Club Loft"":""22°"",""Shaft Flex"":""Stiff"",""Shaft Model"":""KBS Tour Hybrid Prototype 85""}","329.99","0","329.99","per_item"
"ZXI RKT HYG","Srixon ZXi RKT Hybrid","C4622712","{""Dexterity"":""Right Handed"",""Subcategory"":""4 Hybrid"",""Club Loft"":""22°"",""Shaft Flex"":""X-Stiff"",""Shaft Model"":""KBS Tour Hybrid Prototype 85""}","329.99","0","329.99","per_item"
"ZXI RKT HYG","Srixon ZXi RKT Hybrid","C4622713","{""Dexterity"":""Right Handed"",""Subcategory"":""5 Hybrid"",""Club Loft"":""25°"",""Shaft Flex"":""Regular"",""Shaft Model"":""KBS Tour Hybrid Prototype 85""}","329.99","0","329.99","per_item"
"ZXI RKT HYG","Srixon ZXi RKT Hybrid","C4622714","{""Dexterity"":""Right Handed"",""Subcategory"":""5 Hybrid"",""Club Loft"":""25°"",""Shaft Flex"":""Stiff"",""Shaft Model"":""KBS Tour Hybrid Prototype 85""}","329.99","0","329.99","per_item"
"ZXI RKT HYG","Srixon ZXi RKT Hybrid","C4622715","{""Dexterity"":""Right Handed"",""Subcategory"":""3 Hybrid"",""Club Loft"":""19°"",""Shaft Flex"":""Regular"",""Shaft Model"":""KBS Tour Hybrid Prototype 85""}","329.99","0","329.99","per_item"
"ZXI RKT HYG","Srixon ZXi RKT Hybrid","C4622716","{""Dexterity"":""Left Handed"",""Subcategory"":""4 Hybrid"",""Club Loft"":""22°"",""Shaft Flex"":""X-Stiff"",""Shaft Model"":""KBS Tour Hybrid Prototype 95""}","329.99","0","329.99","per_item"
"ZXI RKT HYG","Srixon ZXi RKT Hybrid","C4622717","{""Dexterity"":""Right Handed"",""Subcategory"":""2 Hybrid"",""Club Loft"":""17°"",""Shaft Flex"":""Stiff"",""Shaft Model"":""KBS Tour Hybrid Prototype 95""}","329.99","0","329.99","per_item"
"ZXI RKT HYG","Srixon ZXi RKT Hybrid","C4622718","{""Dexterity"":""Right Handed"",""Subcategory"":""5 Hybrid"",""Club Loft"":""25°"",""Shaft Flex"":""X-Stiff"",""Shaft Model"":""KBS Tour Hybrid Prototype 95""}","329.99","0","329.99","per_item"
"ZXI RKT HYG","Srixon ZXi RKT Hybrid","C4622719","{""Dexterity"":""Right Handed"",""Subcategory"":""6 Hybrid"",""Club Loft"":""28°"",""Shaft Flex"":""Stiff"",""Shaft Model"":""KBS Tour Hybrid Prototype 95""}","329.99","0","329.99","per_item"
"ZXI RKT HYG","Srixon ZXi RKT Hybrid","C4622720","{""Dexterity"":""Right Handed"",""Subcategory"":""6 Hybrid"",""Club Loft"":""28°"",""Shaft Flex"":""X-Stiff"",""Shaft Model"":""KBS Tour Hybrid Prototype 95""}","329.99","0","329.99","per_item"
"ZXI RKT HYG","Srixon ZXi RKT Hybrid","C4622721","{""Dexterity"":""Left Handed"",""Subcategory"":""3 Hybrid"",""Club Loft"":""19°"",""Shaft Flex"":""Stiff"",""Shaft Model"":""KBS Tour Hybrid Prototype 95""}","329.99","0","329.99","per_item"
"ZXI RKT HYG","Srixon ZXi RKT Hybrid","C4622722","{""Dexterity"":""Left Handed"",""Subcategory"":""3 Hybrid"",""Club Loft"":""19°"",""Shaft Flex"":""X-Stiff"",""Shaft Model"":""KBS Tour Hybrid Prototype 95""}","329.99","0","329.99","per_item"
"ZXI RKT HYG","Srixon ZXi RKT Hybrid","C4622723","{""Dexterity"":""Left Handed"",""Subcategory"":""4 Hybrid"",""Club Loft"":""22°"",""Shaft Flex"":""Stiff"",""Shaft Model"":""KBS Tour Hybrid Prototype 95""}","329.99","0","329.99","per_item"
"ZXI RKT HYG","Srixon ZXi RKT Hybrid","C4622724","{""Dexterity"":""Right Handed"",""Subcategory"":""3 Hybrid"",""Club Loft"":""19°"",""Shaft Flex"":""X-Stiff"",""Shaft Model"":""KBS Tour Hybrid Prototype 95""}","329.99","0","329.99","per_item"
"ZXI RKT HYG","Srixon ZXi RKT Hybrid","C4622725","{""Dexterity"":""Right Handed"",""Subcategory"":""4 Hybrid"",""Club Loft"":""22°"",""Shaft Flex"":""Stiff"",""Shaft Model"":""KBS Tour Hybrid Prototype 95""}","329.99","0","329.99","per_item"
"ZXI RKT HYG","Srixon ZXi RKT Hybrid","C4622726","{""Dexterity"":""Right Handed"",""Subcategory"":""4 Hybrid"",""Club Loft"":""22°"",""Shaft Flex"":""X-Stiff"",""Shaft Model"":""KBS Tour Hybrid Prototype 95""}","329.99","0","329.99","per_item"
"ZXI RKT HYG","Srixon ZXi RKT Hybrid","C4622727","{""Dexterity"":""Right Handed"",""Subcategory"":""5 Hybrid"",""Club Loft"":""25°"",""Shaft Flex"":""Stiff"",""Shaft Model"":""KBS Tour Hybrid Prototype 95""}","329.99","0","329.99","per_item"
"ZXI RKT HYG","Srixon ZXi RKT Hybrid","C4622728","{""Dexterity"":""Right Handed"",""Subcategory"":""2 Hybrid"",""Club Loft"":""17°"",""Shaft Flex"":""X-Stiff"",""Shaft Model"":""KBS Tour Hybrid Prototype 95""}","329.99","0","329.99","per_item"
"ZXI RKT HYG","Srixon ZXi RKT Hybrid","C4622729","{""Dexterity"":""Right Handed"",""Subcategory"":""3 Hybrid"",""Club Loft"":""19°"",""Shaft Flex"":""Stiff"",""Shaft Model"":""KBS Tour Hybrid Prototype 95""}","329.99","0","329.99","per_item"
"ZXI RKT HYG","Srixon ZXi RKT Hybrid","C4622730","{""Dexterity"":""Right Handed"",""Subcategory"":""2 Hybrid"",""Club Loft"":""17°"",""Shaft Flex"":""Regular"",""Shaft Model"":""Mitsubishi MMT 70""}","329.99","0","329.99","per_item"
"ZXI RKT HYG","Srixon ZXi RKT Hybrid","C4622731","{""Dexterity"":""Left Handed"",""Subcategory"":""3 Hybrid"",""Club Loft"":""19°"",""Shaft Flex"":""Regular"",""Shaft Model"":""Mitsubishi MMT 70""}","329.99","0","329.99","per_item"
"ZXI RKT HYG","Srixon ZXi RKT Hybrid","C4622732","{""Dexterity"":""Right Handed"",""Subcategory"":""3 Hybrid"",""Club Loft"":""19°"",""Shaft Flex"":""Regular"",""Shaft Model"":""Mitsubishi MMT 70""}","329.99","0","329.99","per_item"
"ZXI RKT HYG","Srixon ZXi RKT Hybrid","C4622733","{""Dexterity"":""Left Handed"",""Subcategory"":""4 Hybrid"",""Club Loft"":""22°"",""Shaft Flex"":""Regular"",""Shaft Model"":""Mitsubishi MMT 70""}","329.99","0","329.99","per_item"
"ZXI RKT HYG","Srixon ZXi RKT Hybrid","C4622734","{""Dexterity"":""Right Handed"",""Subcategory"":""4 Hybrid"",""Club Loft"":""22°"",""Shaft Flex"":""Regular"",""Shaft Model"":""Mitsubishi MMT 70""}","329.99","0","329.99","per_item"
"ZXI RKT HYG","Srixon ZXi RKT Hybrid","C4622735","{""Dexterity"":""Right Handed"",""Subcategory"":""5 Hybrid"",""Club Loft"":""25°"",""Shaft Flex"":""Regular"",""Shaft Model"":""Mitsubishi MMT 70""}","329.99","0","329.99","per_item"
"ZXI RKT HYG","Srixon ZXi RKT Hybrid","C4622736","{""Dexterity"":""Right Handed"",""Subcategory"":""6 Hybrid"",""Club Loft"":""28°"",""Shaft Flex"":""Regular"",""Shaft Model"":""Mitsubishi MMT 70""}","329.99","0","329.99","per_item"
"ZXI RKT HYG","Srixon ZXi RKT Hybrid","C4622737","{""Dexterity"":""Right Handed"",""Subcategory"":""2 Hybrid"",""Club Loft"":""17°"",""Shaft Flex"":""Stiff"",""Shaft Model"":""Mitsubishi MMT 80""}","329.99","0","329.99","per_item"
"ZXI RKT HYG","Srixon ZXi RKT Hybrid","C4622738","{""Dexterity"":""Right Handed"",""Subcategory"":""2 Hybrid"",""Club Loft"":""17°"",""Shaft Flex"":""X-Stiff"",""Shaft Model"":""Mitsubishi MMT 80""}","329.99","0","329.99","per_item"
"ZXI RKT HYG","Srixon ZXi RKT Hybrid","C4622739","{""Dexterity"":""Left Handed"",""Subcategory"":""3 Hybrid"",""Club Loft"":""19°"",""Shaft Flex"":""Stiff"",""Shaft Model"":""Mitsubishi MMT 80""}","329.99","0","329.99","per_item"
"ZXI RKT HYG","Srixon ZXi RKT Hybrid","C4622740","{""Dexterity"":""Left Handed"",""Subcategory"":""3 Hybrid"",""Club Loft"":""19°"",""Shaft Flex"":""X-Stiff"",""Shaft Model"":""Mitsubishi MMT 80""}","329.99","0","329.99","per_item"
"ZXI RKT HYG","Srixon ZXi RKT Hybrid","C4622741","{""Dexterity"":""Right Handed"",""Subcategory"":""3 Hybrid"",""Club Loft"":""19°"",""Shaft Flex"":""Stiff"",""Shaft Model"":""Mitsubishi MMT 80""}","329.99","0","329.99","per_item"
"ZXI RKT HYG","Srixon ZXi RKT Hybrid","C4622742","{""Dexterity"":""Right Handed"",""Subcategory"":""3 Hybrid"",""Club Loft"":""19°"",""Shaft Flex"":""X-Stiff"",""Shaft Model"":""Mitsubishi MMT 80""}","329.99","0","329.99","per_item"
"ZXI RKT HYG","Srixon ZXi RKT Hybrid","C4622743","{""Dexterity"":""Left Handed"",""Subcategory"":""4 Hybrid"",""Club Loft"":""22°"",""Shaft Flex"":""Stiff"",""Shaft Model"":""Mitsubishi MMT 80""}","329.99","0","329.99","per_item"
"ZXI RKT HYG","Srixon ZXi RKT Hybrid","C4622744","{""Dexterity"":""Left Handed"",""Subcategory"":""4 Hybrid"",""Club Loft"":""22°"",""Shaft Flex"":""X-Stiff"",""Shaft Model"":""Mitsubishi MMT 80""}","329.99","0","329.99","per_item"
"ZXI RKT HYG","Srixon ZXi RKT Hybrid","C4622745","{""Dexterity"":""Right Handed"",""Subcategory"":""4 Hybrid"",""Club Loft"":""22°"",""Shaft Flex"":""Stiff"",""Shaft Model"":""Mitsubishi MMT 80""}","329.99","0","329.99","per_item"
"ZXI RKT HYG","Srixon ZXi RKT Hybrid","C4622746","{""Dexterity"":""Right Handed"",""Subcategory"":""4 Hybrid"",""Club Loft"":""22°"",""Shaft Flex"":""X-Stiff"",""Shaft Model"":""Mitsubishi MMT 80""}","329.99","0","329.99","per_item"
"ZXI RKT HYG","Srixon ZXi RKT Hybrid","C4622747","{""Dexterity"":""Right Handed"",""Subcategory"":""5 Hybrid"",""Club Loft"":""25°"",""Shaft Flex"":""Stiff"",""Shaft Model"":""Mitsubishi MMT 80""}","329.99","0","329.99","per_item"
"ZXI RKT HYG","Srixon ZXi RKT Hybrid","C4622749","{""Dexterity"":""Right Handed"",""Subcategory"":""6 Hybrid"",""Club Loft"":""28°"",""Shaft Flex"":""Stiff"",""Shaft Model"":""Mitsubishi MMT 80""}","329.99","0","329.99","per_item"
"ZXI RKT HYG","Srixon ZXi RKT Hybrid","C4622748","{""Dexterity"":""Right Handed"",""Subcategory"":""5 Hybrid"",""Club Loft"":""25°"",""Shaft Flex"":""X-Stiff"",""Shaft Model"":""Mitsubishi MMT 80""}","329.99","0","329.99","per_item"
"ZXI RKT HYG","Srixon ZXi RKT Hybrid","C4622750","{""Dexterity"":""Right Handed"",""Subcategory"":""6 Hybrid"",""Club Loft"":""28°"",""Shaft Flex"":""X-Stiff"",""Shaft Model"":""Mitsubishi MMT 80""}","329.99","0","329.99","per_item"
"ZXI RKT HYG","Srixon ZXi RKT Hybrid","C4622751","{""Dexterity"":""Right Handed"",""Subcategory"":""2 Hybrid"",""Club Loft"":""17°"",""Shaft Flex"":""Stiff"",""Shaft Model"":""Nippon NS Pro Modus 3 GOST""}","329.99","70","399.99","per_item"
"ZXI RKT HYG","Srixon ZXi RKT Hybrid","C4622752","{""Dexterity"":""Right Handed"",""Subcategory"":""2 Hybrid"",""Club Loft"":""17°"",""Shaft Flex"":""X-Stiff"",""Shaft Model"":""Nippon NS Pro Modus 3 GOST""}","329.99","70","399.99","per_item"
"ZXI RKT HYG","Srixon ZXi RKT Hybrid","C4622753","{""Dexterity"":""Left Handed"",""Subcategory"":""3 Hybrid"",""Club Loft"":""19°"",""Shaft Flex"":""Stiff"",""Shaft Model"":""Nippon NS Pro Modus 3 GOST""}","329.99","70","399.99","per_item"
"ZXI RKT HYG","Srixon ZXi RKT Hybrid","C4622754","{""Dexterity"":""Left Handed"",""Subcategory"":""3 Hybrid"",""Club Loft"":""19°"",""Shaft Flex"":""X-Stiff"",""Shaft Model"":""Nippon NS Pro Modus 3 GOST""}","329.99","70","399.99","per_item"
"ZXI RKT HYG","Srixon ZXi RKT Hybrid","C4622755","{""Dexterity"":""Right Handed"",""Subcategory"":""3 Hybrid"",""Club Loft"":""19°"",""Shaft Flex"":""Stiff"",""Shaft Model"":""Nippon NS Pro Modus 3 GOST""}","329.99","70","399.99","per_item"
"ZXI RKT HYG","Srixon ZXi RKT Hybrid","C4622756","{""Dexterity"":""Right Handed"",""Subcategory"":""3 Hybrid"",""Club Loft"":""19°"",""Shaft Flex"":""X-Stiff"",""Shaft Model"":""Nippon NS Pro Modus 3 GOST""}","329.99","70","399.99","per_item"
"ZXI RKT HYG","Srixon ZXi RKT Hybrid","C4622757","{""Dexterity"":""Left Handed"",""Subcategory"":""4 Hybrid"",""Club Loft"":""22°"",""Shaft Flex"":""Stiff"",""Shaft Model"":""Nippon NS Pro Modus 3 GOST""}","329.99","70","399.99","per_item"
"ZXI RKT HYG","Srixon ZXi RKT Hybrid","C4622758","{""Dexterity"":""Left Handed"",""Subcategory"":""4 Hybrid"",""Club Loft"":""22°"",""Shaft Flex"":""X-Stiff"",""Shaft Model"":""Nippon NS Pro Modus 3 GOST""}","329.99","70","399.99","per_item"
"ZXI RKT HYG","Srixon ZXi RKT Hybrid","C4622759","{""Dexterity"":""Right Handed"",""Subcategory"":""4 Hybrid"",""Club Loft"":""22°"",""Shaft Flex"":""Stiff"",""Shaft Model"":""Nippon NS Pro Modus 3 GOST""}","329.99","70","399.99","per_item"
"ZXI RKT HYG","Srixon ZXi RKT Hybrid","C4622760","{""Dexterity"":""Right Handed"",""Subcategory"":""4 Hybrid"",""Club Loft"":""22°"",""Shaft Flex"":""X-Stiff"",""Shaft Model"":""Nippon NS Pro Modus 3 GOST""}","329.99","70","399.99","per_item"
"ZXI RKT HYG","Srixon ZXi RKT Hybrid","C4622762","{""Dexterity"":""Right Handed"",""Subcategory"":""5 Hybrid"",""Club Loft"":""25°"",""Shaft Flex"":""X-Stiff"",""Shaft Model"":""Nippon NS Pro Modus 3 GOST""}","329.99","70","399.99","per_item"
"ZXI RKT HYG","Srixon ZXi RKT Hybrid","C4622761","{""Dexterity"":""Right Handed"",""Subcategory"":""5 Hybrid"",""Club Loft"":""25°"",""Shaft Flex"":""Stiff"",""Shaft Model"":""Nippon NS Pro Modus 3 GOST""}","329.99","70","399.99","per_item"
"ZXI RKT HYG","Srixon ZXi RKT Hybrid","C4622763","{""Dexterity"":""Right Handed"",""Subcategory"":""6 Hybrid"",""Club Loft"":""28°"",""Shaft Flex"":""Stiff"",""Shaft Model"":""Nippon NS Pro Modus 3 GOST""}","329.99","70","399.99","per_item"
"ZXI RKT HYG","Srixon ZXi RKT Hybrid","C4622764","{""Dexterity"":""Right Handed"",""Subcategory"":""6 Hybrid"",""Club Loft"":""28°"",""Shaft Flex"":""X-Stiff"",""Shaft Model"":""Nippon NS Pro Modus 3 GOST""}","329.99","70","399.99","per_item"
"ZXI RKT HYG","Srixon ZXi RKT Hybrid","C4622765","{""Dexterity"":""Right Handed"",""Subcategory"":""2 Hybrid"",""Club Loft"":""17°"",""Shaft Flex"":""Regular"",""Shaft Model"":""Project X Denali Red 60""}","329.99","0","329.99","per_item"
"ZXI RKT HYG","Srixon ZXi RKT Hybrid","C4622767","{""Dexterity"":""Left Handed"",""Subcategory"":""3 Hybrid"",""Club Loft"":""19°"",""Shaft Flex"":""Regular"",""Shaft Model"":""Project X Denali Red 60""}","329.99","0","329.99","per_item"
"ZXI RKT HYG","Srixon ZXi RKT Hybrid","C4622766","{""Dexterity"":""Right Handed"",""Subcategory"":""2 Hybrid"",""Club Loft"":""17°"",""Shaft Flex"":""Senior"",""Shaft Model"":""Project X Denali Red 60""}","329.99","0","329.99","per_item"
"ZXI RKT HYG","Srixon ZXi RKT Hybrid","C4622768","{""Dexterity"":""Left Handed"",""Subcategory"":""3 Hybrid"",""Club Loft"":""19°"",""Shaft Flex"":""Senior"",""Shaft Model"":""Project X Denali Red 60""}","329.99","0","329.99","per_item"
"ZXI RKT HYG","Srixon ZXi RKT Hybrid","C4622769","{""Dexterity"":""Right Handed"",""Subcategory"":""3 Hybrid"",""Club Loft"":""19°"",""Shaft Flex"":""Regular"",""Shaft Model"":""Project X Denali Red 60""}","329.99","0","329.99","per_item"
"ZXI RKT HYG","Srixon ZXi RKT Hybrid","C4622770","{""Dexterity"":""Right Handed"",""Subcategory"":""3 Hybrid"",""Club Loft"":""19°"",""Shaft Flex"":""Senior"",""Shaft Model"":""Project X Denali Red 60""}","329.99","0","329.99","per_item"
"ZXI RKT HYG","Srixon ZXi RKT Hybrid","C4622771","{""Dexterity"":""Left Handed"",""Subcategory"":""4 Hybrid"",""Club Loft"":""22°"",""Shaft Flex"":""Regular"",""Shaft Model"":""Project X Denali Red 60""}","329.99","0","329.99","per_item"
"ZXI RKT HYG","Srixon ZXi RKT Hybrid","C4622772","{""Dexterity"":""Left Handed"",""Subcategory"":""4 Hybrid"",""Club Loft"":""22°"",""Shaft Flex"":""Senior"",""Shaft Model"":""Project X Denali Red 60""}","329.99","0","329.99","per_item"
"ZXI RKT HYG","Srixon ZXi RKT Hybrid","C4622773","{""Dexterity"":""Right Handed"",""Subcategory"":""4 Hybrid"",""Club Loft"":""22°"",""Shaft Flex"":""Regular"",""Shaft Model"":""Project X Denali Red 60""}","329.99","0","329.99","per_item"
"ZXI RKT HYG","Srixon ZXi RKT Hybrid","C4622774","{""Dexterity"":""Right Handed"",""Subcategory"":""4 Hybrid"",""Club Loft"":""22°"",""Shaft Flex"":""Senior"",""Shaft Model"":""Project X Denali Red 60""}","329.99","0","329.99","per_item"
"ZXI RKT HYG","Srixon ZXi RKT Hybrid","C4622775","{""Dexterity"":""Right Handed"",""Subcategory"":""5 Hybrid"",""Club Loft"":""25°"",""Shaft Flex"":""Regular"",""Shaft Model"":""Project X Denali Red 60""}","329.99","0","329.99","per_item"
"ZXI RKT HYG","Srixon ZXi RKT Hybrid","C4622776","{""Dexterity"":""Right Handed"",""Subcategory"":""5 Hybrid"",""Club Loft"":""25°"",""Shaft Flex"":""Senior"",""Shaft Model"":""Project X Denali Red 60""}","329.99","0","329.99","per_item"
"ZXI RKT HYG","Srixon ZXi RKT Hybrid","C4622777","{""Dexterity"":""Right Handed"",""Subcategory"":""6 Hybrid"",""Club Loft"":""28°"",""Shaft Flex"":""Regular"",""Shaft Model"":""Project X Denali Red 60""}","329.99","0","329.99","per_item"
"ZXI RKT HYG","Srixon ZXi RKT Hybrid","C4622778","{""Dexterity"":""Right Handed"",""Subcategory"":""6 Hybrid"",""Club Loft"":""28°"",""Shaft Flex"":""Senior"",""Shaft Model"":""Project X Denali Red 60""}","329.99","0","329.99","per_item"
"ZXI RKT HYG","Srixon ZXi RKT Hybrid","C4622779","{""Dexterity"":""Right Handed"",""Subcategory"":""2 Hybrid"",""Club Loft"":""17°"",""Shaft Flex"":""Stiff"",""Shaft Model"":""Project X Denali Red 70""}","329.99","0","329.99","per_item"
"ZXI RKT HYG","Srixon ZXi RKT Hybrid","C4622780","{""Dexterity"":""Left Handed"",""Subcategory"":""3 Hybrid"",""Club Loft"":""19°"",""Shaft Flex"":""Stiff"",""Shaft Model"":""Project X Denali Red 70""}","329.99","0","329.99","per_item"
"ZXI RKT HYG","Srixon ZXi RKT Hybrid","C4622781","{""Dexterity"":""Right Handed"",""Subcategory"":""3 Hybrid"",""Club Loft"":""19°"",""Shaft Flex"":""Stiff"",""Shaft Model"":""Project X Denali Red 70""}","329.99","0","329.99","per_item"
"ZXI RKT HYG","Srixon ZXi RKT Hybrid","C4622782","{""Dexterity"":""Left Handed"",""Subcategory"":""4 Hybrid"",""Club Loft"":""22°"",""Shaft Flex"":""Stiff"",""Shaft Model"":""Project X Denali Red 70""}","329.99","0","329.99","per_item"
"ZXI RKT HYG","Srixon ZXi RKT Hybrid","C4622783","{""Dexterity"":""Right Handed"",""Subcategory"":""4 Hybrid"",""Club Loft"":""22°"",""Shaft Flex"":""Stiff"",""Shaft Model"":""Project X Denali Red 70""}","329.99","0","329.99","per_item"
"ZXI RKT HYG","Srixon ZXi RKT Hybrid","C4622784","{""Dexterity"":""Right Handed"",""Subcategory"":""5 Hybrid"",""Club Loft"":""25°"",""Shaft Flex"":""Stiff"",""Shaft Model"":""Project X Denali Red 70""}","329.99","0","329.99","per_item"
"ZXI RKT HYG","Srixon ZXi RKT Hybrid","C4622785","{""Dexterity"":""Right Handed"",""Subcategory"":""6 Hybrid"",""Club Loft"":""28°"",""Shaft Flex"":""Stiff"",""Shaft Model"":""Project X Denali Red 70""}","329.99","0","329.99","per_item"
"ZXI RKT HYG","Srixon ZXi RKT Hybrid","C4622786","{""Dexterity"":""Right Handed"",""Subcategory"":""2 Hybrid"",""Club Loft"":""17°"",""Shaft Flex"":""Regular"",""Shaft Model"":""Project X HZRDUS Black Gen5 80HY""}","329.99","0","329.99","per_item"
"ZXI RKT HYG","Srixon ZXi RKT Hybrid","C4622787","{""Dexterity"":""Right Handed"",""Subcategory"":""2 Hybrid"",""Club Loft"":""17°"",""Shaft Flex"":""Stiff"",""Shaft Model"":""Project X HZRDUS Black Gen5 80HY""}","329.99","0","329.99","per_item"
"ZXI RKT HYG","Srixon ZXi RKT Hybrid","C4622788","{""Dexterity"":""Right Handed"",""Subcategory"":""2 Hybrid"",""Club Loft"":""17°"",""Shaft Flex"":""X-Stiff"",""Shaft Model"":""Project X HZRDUS Black Gen5 80HY""}","329.99","0","329.99","per_item"
"ZXI RKT HYG","Srixon ZXi RKT Hybrid","C4622789","{""Dexterity"":""Left Handed"",""Subcategory"":""3 Hybrid"",""Club Loft"":""19°"",""Shaft Flex"":""Regular"",""Shaft Model"":""Project X HZRDUS Black Gen5 80HY""}","329.99","0","329.99","per_item"
"ZXI RKT HYG","Srixon ZXi RKT Hybrid","C4622790","{""Dexterity"":""Left Handed"",""Subcategory"":""3 Hybrid"",""Club Loft"":""19°"",""Shaft Flex"":""Stiff"",""Shaft Model"":""Project X HZRDUS Black Gen5 80HY""}","329.99","0","329.99","per_item"
"ZXI RKT HYG","Srixon ZXi RKT Hybrid","C4622791","{""Dexterity"":""Left Handed"",""Subcategory"":""3 Hybrid"",""Club Loft"":""19°"",""Shaft Flex"":""X-Stiff"",""Shaft Model"":""Project X HZRDUS Black Gen5 80HY""}","329.99","0","329.99","per_item"
"ZXI RKT HYG","Srixon ZXi RKT Hybrid","C4622792","{""Dexterity"":""Right Handed"",""Subcategory"":""3 Hybrid"",""Club Loft"":""19°"",""Shaft Flex"":""Regular"",""Shaft Model"":""Project X HZRDUS Black Gen5 80HY""}","329.99","0","329.99","per_item"
"ZXI RKT HYG","Srixon ZXi RKT Hybrid","C4622793","{""Dexterity"":""Right Handed"",""Subcategory"":""3 Hybrid"",""Club Loft"":""19°"",""Shaft Flex"":""Stiff"",""Shaft Model"":""Project X HZRDUS Black Gen5 80HY""}","329.99","0","329.99","per_item"
"ZXI RKT HYG","Srixon ZXi RKT Hybrid","C4622794","{""Dexterity"":""Right Handed"",""Subcategory"":""3 Hybrid"",""Club Loft"":""19°"",""Shaft Flex"":""X-Stiff"",""Shaft Model"":""Project X HZRDUS Black Gen5 80HY""}","329.99","0","329.99","per_item"
"ZXI RKT HYG","Srixon ZXi RKT Hybrid","C4622795","{""Dexterity"":""Left Handed"",""Subcategory"":""4 Hybrid"",""Club Loft"":""22°"",""Shaft Flex"":""Regular"",""Shaft Model"":""Project X HZRDUS Black Gen5 80HY""}","329.99","0","329.99","per_item"
"ZXI RKT HYG","Srixon ZXi RKT Hybrid","C4622796","{""Dexterity"":""Left Handed"",""Subcategory"":""4 Hybrid"",""Club Loft"":""22°"",""Shaft Flex"":""Stiff"",""Shaft Model"":""Project X HZRDUS Black Gen5 80HY""}","329.99","0","329.99","per_item"
"ZXI RKT HYG","Srixon ZXi RKT Hybrid","C4622797","{""Dexterity"":""Left Handed"",""Subcategory"":""4 Hybrid"",""Club Loft"":""22°"",""Shaft Flex"":""X-Stiff"",""Shaft Model"":""Project X HZRDUS Black Gen5 80HY""}","329.99","0","329.99","per_item"
"ZXI RKT HYG","Srixon ZXi RKT Hybrid","C4622798","{""Dexterity"":""Right Handed"",""Subcategory"":""4 Hybrid"",""Club Loft"":""22°"",""Shaft Flex"":""Regular"",""Shaft Model"":""Project X HZRDUS Black Gen5 80HY""}","329.99","0","329.99","per_item"
"ZXI RKT HYG","Srixon ZXi RKT Hybrid","C4622799","{""Dexterity"":""Right Handed"",""Subcategory"":""4 Hybrid"",""Club Loft"":""22°"",""Shaft Flex"":""Stiff"",""Shaft Model"":""Project X HZRDUS Black Gen5 80HY""}","329.99","0","329.99","per_item"
"ZXI RKT HYG","Srixon ZXi RKT Hybrid","C4622800","{""Dexterity"":""Right Handed"",""Subcategory"":""4 Hybrid"",""Club Loft"":""22°"",""Shaft Flex"":""X-Stiff"",""Shaft Model"":""Project X HZRDUS Black Gen5 80HY""}","329.99","0","329.99","per_item"
"ZXI RKT HYG","Srixon ZXi RKT Hybrid","C4622801","{""Dexterity"":""Right Handed"",""Subcategory"":""5 Hybrid"",""Club Loft"":""25°"",""Shaft Flex"":""Regular"",""Shaft Model"":""Project X HZRDUS Black Gen5 80HY""}","329.99","0","329.99","per_item"
"ZXI RKT HYG","Srixon ZXi RKT Hybrid","C4622802","{""Dexterity"":""Right Handed"",""Subcategory"":""5 Hybrid"",""Club Loft"":""25°"",""Shaft Flex"":""Stiff"",""Shaft Model"":""Project X HZRDUS Black Gen5 80HY""}","329.99","0","329.99","per_item"
"ZXI RKT HYG","Srixon ZXi RKT Hybrid","C4622803","{""Dexterity"":""Right Handed"",""Subcategory"":""5 Hybrid"",""Club Loft"":""25°"",""Shaft Flex"":""X-Stiff"",""Shaft Model"":""Project X HZRDUS Black Gen5 80HY""}","329.99","0","329.99","per_item"
"ZXI RKT HYG","Srixon ZXi RKT Hybrid","C4622804","{""Dexterity"":""Right Handed"",""Subcategory"":""6 Hybrid"",""Club Loft"":""28°"",""Shaft Flex"":""Regular"",""Shaft Model"":""Project X HZRDUS Black Gen5 80HY""}","329.99","0","329.99","per_item"
"ZXI RKT HYG","Srixon ZXi RKT Hybrid","C4622805","{""Dexterity"":""Right Handed"",""Subcategory"":""6 Hybrid"",""Club Loft"":""28°"",""Shaft Flex"":""Stiff"",""Shaft Model"":""Project X HZRDUS Black Gen5 80HY""}","329.99","0","329.99","per_item"
"ZXI RKT HYG","Srixon ZXi RKT Hybrid","C4622806","{""Dexterity"":""Right Handed"",""Subcategory"":""6 Hybrid"",""Club Loft"":""28°"",""Shaft Flex"":""X-Stiff"",""Shaft Model"":""Project X HZRDUS Black Gen5 80HY""}","329.99","0","329.99","per_item"
"ZXI RKT HYG","Srixon ZXi RKT Hybrid","C4622807","{""Dexterity"":""Right Handed"",""Subcategory"":""2 Hybrid"",""Club Loft"":""17°"",""Shaft Flex"":""Ladies"",""Shaft Model"":""UST Mamiya Recoil Dart 55H F1""}","329.99","0","329.99","per_item"
"ZXI RKT HYG","Srixon ZXi RKT Hybrid","C4622809","{""Dexterity"":""Right Handed"",""Subcategory"":""3 Hybrid"",""Club Loft"":""19°"",""Shaft Flex"":""Ladies"",""Shaft Model"":""UST Mamiya Recoil Dart 55H F1""}","329.99","0","329.99","per_item"
"ZXI RKT HYG","Srixon ZXi RKT Hybrid","C4622808","{""Dexterity"":""Left Handed"",""Subcategory"":""3 Hybrid"",""Club Loft"":""19°"",""Shaft Flex"":""Ladies"",""Shaft Model"":""UST Mamiya Recoil Dart 55H F1""}","329.99","0","329.99","per_item"
"ZXI RKT HYG","Srixon ZXi RKT Hybrid","C4622810","{""Dexterity"":""Left Handed"",""Subcategory"":""4 Hybrid"",""Club Loft"":""22°"",""Shaft Flex"":""Ladies"",""Shaft Model"":""UST Mamiya Recoil Dart 55H F1""}","329.99","0","329.99","per_item"
"ZXI RKT HYG","Srixon ZXi RKT Hybrid","C4622812","{""Dexterity"":""Right Handed"",""Subcategory"":""5 Hybrid"",""Club Loft"":""25°"",""Shaft Flex"":""Ladies"",""Shaft Model"":""UST Mamiya Recoil Dart 55H F1""}","329.99","0","329.99","per_item"
"ZXI RKT HYG","Srixon ZXi RKT Hybrid","C4622813","{""Dexterity"":""Right Handed"",""Subcategory"":""6 Hybrid"",""Club Loft"":""28°"",""Shaft Flex"":""Ladies"",""Shaft Model"":""UST Mamiya Recoil Dart 55H F1""}","329.99","0","329.99","per_item"
"ZXI RKT HYG","Srixon ZXi RKT Hybrid","C4622811","{""Dexterity"":""Right Handed"",""Subcategory"":""4 Hybrid"",""Club Loft"":""22°"",""Shaft Flex"":""Ladies"",""Shaft Model"":""UST Mamiya Recoil Dart 55H F1""}","329.99","0","329.99","per_item"
"ZXI RKT HYG","Srixon ZXi RKT Hybrid","C4622814","{""Dexterity"":""Right Handed"",""Subcategory"":""2 Hybrid"",""Club Loft"":""17°"",""Shaft Flex"":""Senior"",""Shaft Model"":""UST Mamiya Recoil Dart 65H F2""}","329.99","0","329.99","per_item"
"ZXI RKT HYG","Srixon ZXi RKT Hybrid","C4622815","{""Dexterity"":""Left Handed"",""Subcategory"":""3 Hybrid"",""Club Loft"":""19°"",""Shaft Flex"":""Senior"",""Shaft Model"":""UST Mamiya Recoil Dart 65H F2""}","329.99","0","329.99","per_item"
"ZXI RKT HYG","Srixon ZXi RKT Hybrid","C4622816","{""Dexterity"":""Right Handed"",""Subcategory"":""3 Hybrid"",""Club Loft"":""19°"",""Shaft Flex"":""Senior"",""Shaft Model"":""UST Mamiya Recoil Dart 65H F2""}","329.99","0","329.99","per_item"
"ZXI RKT HYG","Srixon ZXi RKT Hybrid","C4622817","{""Dexterity"":""Left Handed"",""Subcategory"":""4 Hybrid"",""Club Loft"":""22°"",""Shaft Flex"":""Senior"",""Shaft Model"":""UST Mamiya Recoil Dart 65H F2""}","329.99","0","329.99","per_item"
"ZXI RKT HYG","Srixon ZXi RKT Hybrid","C4622818","{""Dexterity"":""Right Handed"",""Subcategory"":""4 Hybrid"",""Club Loft"":""22°"",""Shaft Flex"":""Senior"",""Shaft Model"":""UST Mamiya Recoil Dart 65H F2""}","329.99","0","329.99","per_item"
"ZXI RKT HYG","Srixon ZXi RKT Hybrid","C4622819","{""Dexterity"":""Right Handed"",""Subcategory"":""5 Hybrid"",""Club Loft"":""25°"",""Shaft Flex"":""Senior"",""Shaft Model"":""UST Mamiya Recoil Dart 65H F2""}","329.99","0","329.99","per_item"
"ZXI RKT HYG","Srixon ZXi RKT Hybrid","C4622820","{""Dexterity"":""Right Handed"",""Subcategory"":""6 Hybrid"",""Club Loft"":""28°"",""Shaft Flex"":""Senior"",""Shaft Model"":""UST Mamiya Recoil Dart 65H F2""}","329.99","0","329.99","per_item"
"ZXI RKT HYG","Srixon ZXi RKT Hybrid","C4622821","{""Dexterity"":""Right Handed"",""Subcategory"":""2 Hybrid"",""Club Loft"":""17°"",""Shaft Flex"":""Regular"",""Shaft Model"":""UST Mamiya Recoil Dart 75H F3""}","329.99","0","329.99","per_item"
"ZXI RKT HYG","Srixon ZXi RKT Hybrid","C4622822","{""Dexterity"":""Left Handed"",""Subcategory"":""3 Hybrid"",""Club Loft"":""19°"",""Shaft Flex"":""Regular"",""Shaft Model"":""UST Mamiya Recoil Dart 75H F3""}","329.99","0","329.99","per_item"
"ZXI RKT HYG","Srixon ZXi RKT Hybrid","C4622823","{""Dexterity"":""Right Handed"",""Subcategory"":""3 Hybrid"",""Club Loft"":""19°"",""Shaft Flex"":""Regular"",""Shaft Model"":""UST Mamiya Recoil Dart 75H F3""}","329.99","0","329.99","per_item"
"ZXI RKT HYG","Srixon ZXi RKT Hybrid","C4622824","{""Dexterity"":""Left Handed"",""Subcategory"":""4 Hybrid"",""Club Loft"":""22°"",""Shaft Flex"":""Regular"",""Shaft Model"":""UST Mamiya Recoil Dart 75H F3""}","329.99","0","329.99","per_item"
"ZXI RKT HYG","Srixon ZXi RKT Hybrid","C4622825","{""Dexterity"":""Right Handed"",""Subcategory"":""4 Hybrid"",""Club Loft"":""22°"",""Shaft Flex"":""Regular"",""Shaft Model"":""UST Mamiya Recoil Dart 75H F3""}","329.99","0","329.99","per_item"
"ZXI RKT HYG","Srixon ZXi RKT Hybrid","C4622826","{""Dexterity"":""Right Handed"",""Subcategory"":""5 Hybrid"",""Club Loft"":""25°"",""Shaft Flex"":""Regular"",""Shaft Model"":""UST Mamiya Recoil Dart 75H F3""}","329.99","0","329.99","per_item"
"ZXI RKT HYG","Srixon ZXi RKT Hybrid","C4622827","{""Dexterity"":""Right Handed"",""Subcategory"":""6 Hybrid"",""Club Loft"":""28°"",""Shaft Flex"":""Regular"",""Shaft Model"":""UST Mamiya Recoil Dart 75H F3""}","329.99","0","329.99","per_item"
"ZXI RKT HYG","Srixon ZXi RKT Hybrid","C4622828","{""Dexterity"":""Right Handed"",""Subcategory"":""2 Hybrid"",""Club Loft"":""17°"",""Shaft Flex"":""Stiff"",""Shaft Model"":""UST Mamiya Recoil Dart 85H F4""}","329.99","0","329.99","per_item"
"ZXI RKT HYG","Srixon ZXi RKT Hybrid","C4622829","{""Dexterity"":""Left Handed"",""Subcategory"":""3 Hybrid"",""Club Loft"":""19°"",""Shaft Flex"":""Stiff"",""Shaft Model"":""UST Mamiya Recoil Dart 85H F4""}","329.99","0","329.99","per_item"
"ZXI RKT HYG","Srixon ZXi RKT Hybrid","C4622830","{""Dexterity"":""Right Handed"",""Subcategory"":""3 Hybrid"",""Club Loft"":""19°"",""Shaft Flex"":""Stiff"",""Shaft Model"":""UST Mamiya Recoil Dart 85H F4""}","329.99","0","329.99","per_item"
"ZXI RKT HYG","Srixon ZXi RKT Hybrid","C4622831","{""Dexterity"":""Left Handed"",""Subcategory"":""4 Hybrid"",""Club Loft"":""22°"",""Shaft Flex"":""Stiff"",""Shaft Model"":""UST Mamiya Recoil Dart 85H F4""}","329.99","0","329.99","per_item"
"ZXI RKT HYG","Srixon ZXi RKT Hybrid","C4622832","{""Dexterity"":""Right Handed"",""Subcategory"":""4 Hybrid"",""Club Loft"":""22°"",""Shaft Flex"":""Stiff"",""Shaft Model"":""UST Mamiya Recoil Dart 85H F4""}","329.99","0","329.99","per_item"
"ZXI RKT HYG","Srixon ZXi RKT Hybrid","C4622833","{""Dexterity"":""Right Handed"",""Subcategory"":""5 Hybrid"",""Club Loft"":""25°"",""Shaft Flex"":""Stiff"",""Shaft Model"":""UST Mamiya Recoil Dart 85H F4""}","329.99","0","329.99","per_item"
"ZXI RKT HYG","Srixon ZXi RKT Hybrid","C4622834","{""Dexterity"":""Right Handed"",""Subcategory"":""6 Hybrid"",""Club Loft"":""28°"",""Shaft Flex"":""Stiff"",""Shaft Model"":""UST Mamiya Recoil Dart 85H F4""}","329.99","0","329.99","per_item"
"ZXI RKT HYG","Srixon ZXi RKT Hybrid","C4622835","{""Dexterity"":""Right Handed"",""Subcategory"":""2 Hybrid"",""Club Loft"":""17°"",""Shaft Flex"":""X-Stiff"",""Shaft Model"":""UST Mamiya Recoil Dart 95H F5""}","329.99","0","329.99","per_item"
"ZXI RKT HYG","Srixon ZXi RKT Hybrid","C4622836","{""Dexterity"":""Left Handed"",""Subcategory"":""3 Hybrid"",""Club Loft"":""19°"",""Shaft Flex"":""X-Stiff"",""Shaft Model"":""UST Mamiya Recoil Dart 95H F5""}","329.99","0","329.99","per_item"
"ZXI RKT HYG","Srixon ZXi RKT Hybrid","C4622837","{""Dexterity"":""Right Handed"",""Subcategory"":""3 Hybrid"",""Club Loft"":""19°"",""Shaft Flex"":""X-Stiff"",""Shaft Model"":""UST Mamiya Recoil Dart 95H F5""}","329.99","0","329.99","per_item"
"ZXI RKT HYG","Srixon ZXi RKT Hybrid","C4622838","{""Dexterity"":""Left Handed"",""Subcategory"":""4 Hybrid"",""Club Loft"":""22°"",""Shaft Flex"":""X-Stiff"",""Shaft Model"":""UST Mamiya Recoil Dart 95H F5""}","329.99","0","329.99","per_item"
"ZXI RKT HYG","Srixon ZXi RKT Hybrid","C4622839","{""Dexterity"":""Right Handed"",""Subcategory"":""4 Hybrid"",""Club Loft"":""22°"",""Shaft Flex"":""X-Stiff"",""Shaft Model"":""UST Mamiya Recoil Dart 95H F5""}","329.99","0","329.99","per_item"
"ZXI RKT HYG","Srixon ZXi RKT Hybrid","C4622840","{""Dexterity"":""Right Handed"",""Subcategory"":""5 Hybrid"",""Club Loft"":""25°"",""Shaft Flex"":""X-Stiff"",""Shaft Model"":""UST Mamiya Recoil Dart 95H F5""}","329.99","0","329.99","per_item"
"ZXI RKT HYG","Srixon ZXi RKT Hybrid","C4622841","{""Dexterity"":""Right Handed"",""Subcategory"":""6 Hybrid"",""Club Loft"":""28°"",""Shaft Flex"":""X-Stiff"",""Shaft Model"":""UST Mamiya Recoil Dart 95H F5""}","329.99","0","329.99","per_item"
"ZXI RKT HYG","Srixon ZXi RKT Hybrid","C4622844","{""Dexterity"":""Right Handed"",""Subcategory"":""2 Hybrid"",""Club Loft"":""17°"",""Shaft Flex"":""X-Stiff"",""Shaft Model"":""Graphite Design Tour AD DI-85 Hybrid""}","329.99","200","529.99","per_item"
"ZXI RKT HYG","Srixon ZXi RKT Hybrid","C4622843","{""Dexterity"":""Right Handed"",""Subcategory"":""2 Hybrid"",""Club Loft"":""17°"",""Shaft Flex"":""Stiff"",""Shaft Model"":""Graphite Design Tour AD DI-85 Hybrid""}","329.99","200","529.99","per_item"
"ZXI RKT HYG","Srixon ZXi RKT Hybrid","C4622845","{""Dexterity"":""Left Handed"",""Subcategory"":""3 Hybrid"",""Club Loft"":""19°"",""Shaft Flex"":""Stiff"",""Shaft Model"":""Graphite Design Tour AD DI-85 Hybrid""}","329.99","200","529.99","per_item"
"ZXI RKT HYG","Srixon ZXi RKT Hybrid","C4622847","{""Dexterity"":""Right Handed"",""Subcategory"":""3 Hybrid"",""Club Loft"":""19°"",""Shaft Flex"":""Stiff"",""Shaft Model"":""Graphite Design Tour AD DI-85 Hybrid""}","329.99","200","529.99","per_item"
"ZXI RKT HYG","Srixon ZXi RKT Hybrid","C4622848","{""Dexterity"":""Right Handed"",""Subcategory"":""3 Hybrid"",""Club Loft"":""19°"",""Shaft Flex"":""X-Stiff"",""Shaft Model"":""Graphite Design Tour AD DI-85 Hybrid""}","329.99","200","529.99","per_item"
"ZXI RKT HYG","Srixon ZXi RKT Hybrid","C4622846","{""Dexterity"":""Left Handed"",""Subcategory"":""3 Hybrid"",""Club Loft"":""19°"",""Shaft Flex"":""X-Stiff"",""Shaft Model"":""Graphite Design Tour AD DI-85 Hybrid""}","329.99","200","529.99","per_item"
"ZXI RKT HYG","Srixon ZXi RKT Hybrid","C4622849","{""Dexterity"":""Left Handed"",""Subcategory"":""4 Hybrid"",""Club Loft"":""22°"",""Shaft Flex"":""Stiff"",""Shaft Model"":""Graphite Design Tour AD DI-85 Hybrid""}","329.99","200","529.99","per_item"
"ZXI RKT HYG","Srixon ZXi RKT Hybrid","C4622850","{""Dexterity"":""Left Handed"",""Subcategory"":""4 Hybrid"",""Club Loft"":""22°"",""Shaft Flex"":""X-Stiff"",""Shaft Model"":""Graphite Design Tour AD DI-85 Hybrid""}","329.99","200","529.99","per_item"
"ZXI RKT HYG","Srixon ZXi RKT Hybrid","C4622851","{""Dexterity"":""Right Handed"",""Subcategory"":""4 Hybrid"",""Club Loft"":""22°"",""Shaft Flex"":""Stiff"",""Shaft Model"":""Graphite Design Tour AD DI-85 Hybrid""}","329.99","200","529.99","per_item"
"ZXI RKT HYG","Srixon ZXi RKT Hybrid","C4622852","{""Dexterity"":""Right Handed"",""Subcategory"":""4 Hybrid"",""Club Loft"":""22°"",""Shaft Flex"":""X-Stiff"",""Shaft Model"":""Graphite Design Tour AD DI-85 Hybrid""}","329.99","200","529.99","per_item"
"ZXI RKT HYG","Srixon ZXi RKT Hybrid","C4622853","{""Dexterity"":""Right Handed"",""Subcategory"":""5 Hybrid"",""Club Loft"":""25°"",""Shaft Flex"":""Stiff"",""Shaft Model"":""Graphite Design Tour AD DI-85 Hybrid""}","329.99","200","529.99","per_item"
"ZXI RKT HYG","Srixon ZXi RKT Hybrid","C4622854","{""Dexterity"":""Right Handed"",""Subcategory"":""5 Hybrid"",""Club Loft"":""25°"",""Shaft Flex"":""X-Stiff"",""Shaft Model"":""Graphite Design Tour AD DI-85 Hybrid""}","329.99","200","529.99","per_item"
"ZXI RKT HYG","Srixon ZXi RKT Hybrid","C4622855","{""Dexterity"":""Right Handed"",""Subcategory"":""6 Hybrid"",""Club Loft"":""28°"",""Shaft Flex"":""Stiff"",""Shaft Model"":""Graphite Design Tour AD DI-85 Hybrid""}","329.99","200","529.99","per_item"
"ZXI RKT HYG","Srixon ZXi RKT Hybrid","C4622856","{""Dexterity"":""Right Handed"",""Subcategory"":""6 Hybrid"",""Club Loft"":""28°"",""Shaft Flex"":""X-Stiff"",""Shaft Model"":""Graphite Design Tour AD DI-85 Hybrid""}","329.99","200","529.99","per_item"
"ZXI RKT HYG","Srixon ZXi RKT Hybrid","C4622857","{""Dexterity"":""Right Handed"",""Subcategory"":""2 Hybrid"",""Club Loft"":""17°"",""Shaft Flex"":""Ladies"",""Shaft Model"":""Mitsubishi Bassara PL 40""}","329.99","0","329.99","per_item"
"ZXI RKT HYG","Srixon ZXi RKT Hybrid","C4622858","{""Dexterity"":""Left Handed"",""Subcategory"":""3 Hybrid"",""Club Loft"":""19°"",""Shaft Flex"":""Ladies"",""Shaft Model"":""Mitsubishi Bassara PL 40""}","329.99","0","329.99","per_item"
"ZXI RKT HYG","Srixon ZXi RKT Hybrid","C4622859","{""Dexterity"":""Right Handed"",""Subcategory"":""3 Hybrid"",""Club Loft"":""19°"",""Shaft Flex"":""Ladies"",""Shaft Model"":""Mitsubishi Bassara PL 40""}","329.99","0","329.99","per_item"
"ZXI RKT HYG","Srixon ZXi RKT Hybrid","C4622860","{""Dexterity"":""Left Handed"",""Subcategory"":""4 Hybrid"",""Club Loft"":""22°"",""Shaft Flex"":""Ladies"",""Shaft Model"":""Mitsubishi Bassara PL 40""}","329.99","0","329.99","per_item"
"ZXI RKT HYG","Srixon ZXi RKT Hybrid","C4622861","{""Dexterity"":""Right Handed"",""Subcategory"":""4 Hybrid"",""Club Loft"":""22°"",""Shaft Flex"":""Ladies"",""Shaft Model"":""Mitsubishi Bassara PL 40""}","329.99","0","329.99","per_item"
"ZXI RKT HYG","Srixon ZXi RKT Hybrid","C4622862","{""Dexterity"":""Right Handed"",""Subcategory"":""5 Hybrid"",""Club Loft"":""25°"",""Shaft Flex"":""Ladies"",""Shaft Model"":""Mitsubishi Bassara PL 40""}","329.99","0","329.99","per_item"
"ZXI RKT HYG","Srixon ZXi RKT Hybrid","C4622863","{""Dexterity"":""Right Handed"",""Subcategory"":""6 Hybrid"",""Club Loft"":""28°"",""Shaft Flex"":""Ladies"",""Shaft Model"":""Mitsubishi Bassara PL 40""}","329.99","0","329.99","per_item"
"ZXI RKT HYG","Srixon ZXi RKT Hybrid","C4622864","{""Dexterity"":""Right Handed"",""Subcategory"":""2 Hybrid"",""Club Loft"":""17°"",""Shaft Flex"":""Regular"",""Shaft Model"":""Mitsubishi MMT 60""}","329.99","0","329.99","per_item"
"ZXI RKT HYG","Srixon ZXi RKT Hybrid","C4622865","{""Dexterity"":""Right Handed"",""Subcategory"":""2 Hybrid"",""Club Loft"":""17°"",""Shaft Flex"":""Senior"",""Shaft Model"":""Mitsubishi MMT 60""}","329.99","0","329.99","per_item"
"ZXI RKT HYG","Srixon ZXi RKT Hybrid","C4622866","{""Dexterity"":""Left Handed"",""Subcategory"":""3 Hybrid"",""Club Loft"":""19°"",""Shaft Flex"":""Regular"",""Shaft Model"":""Mitsubishi MMT 60""}","329.99","0","329.99","per_item"
"ZXI RKT HYG","Srixon ZXi RKT Hybrid","C4622867","{""Dexterity"":""Left Handed"",""Subcategory"":""3 Hybrid"",""Club Loft"":""19°"",""Shaft Flex"":""Senior"",""Shaft Model"":""Mitsubishi MMT 60""}","329.99","0","329.99","per_item"
"ZXI RKT HYG","Srixon ZXi RKT Hybrid","C4622868","{""Dexterity"":""Right Handed"",""Subcategory"":""3 Hybrid"",""Club Loft"":""19°"",""Shaft Flex"":""Regular"",""Shaft Model"":""Mitsubishi MMT 60""}","329.99","0","329.99","per_item"
"ZXI RKT HYG","Srixon ZXi RKT Hybrid","C4622869","{""Dexterity"":""Right Handed"",""Subcategory"":""3 Hybrid"",""Club Loft"":""19°"",""Shaft Flex"":""Senior"",""Shaft Model"":""Mitsubishi MMT 60""}","329.99","0","329.99","per_item"
"ZXI RKT HYG","Srixon ZXi RKT Hybrid","C4622870","{""Dexterity"":""Left Handed"",""Subcategory"":""4 Hybrid"",""Club Loft"":""22°"",""Shaft Flex"":""Regular"",""Shaft Model"":""Mitsubishi MMT 60""}","329.99","0","329.99","per_item"
"ZXI RKT HYG","Srixon ZXi RKT Hybrid","C4622871","{""Dexterity"":""Left Handed"",""Subcategory"":""4 Hybrid"",""Club Loft"":""22°"",""Shaft Flex"":""Senior"",""Shaft Model"":""Mitsubishi MMT 60""}","329.99","0","329.99","per_item"
"ZXI RKT HYG","Srixon ZXi RKT Hybrid","C4622872","{""Dexterity"":""Right Handed"",""Subcategory"":""4 Hybrid"",""Club Loft"":""22°"",""Shaft Flex"":""Regular"",""Shaft Model"":""Mitsubishi MMT 60""}","329.99","0","329.99","per_item"
"ZXI RKT HYG","Srixon ZXi RKT Hybrid","C4622873","{""Dexterity"":""Right Handed"",""Subcategory"":""4 Hybrid"",""Club Loft"":""22°"",""Shaft Flex"":""Senior"",""Shaft Model"":""Mitsubishi MMT 60""}","329.99","0","329.99","per_item"
"ZXI RKT HYG","Srixon ZXi RKT Hybrid","C4622874","{""Dexterity"":""Right Handed"",""Subcategory"":""5 Hybrid"",""Club Loft"":""25°"",""Shaft Flex"":""Regular"",""Shaft Model"":""Mitsubishi MMT 60""}","329.99","0","329.99","per_item"
"ZXI RKT HYG","Srixon ZXi RKT Hybrid","C4622875","{""Dexterity"":""Right Handed"",""Subcategory"":""5 Hybrid"",""Club Loft"":""25°"",""Shaft Flex"":""Senior"",""Shaft Model"":""Mitsubishi MMT 60""}","329.99","0","329.99","per_item"
"ZXI RKT HYG","Srixon ZXi RKT Hybrid","C4622876","{""Dexterity"":""Right Handed"",""Subcategory"":""6 Hybrid"",""Club Loft"":""28°"",""Shaft Flex"":""Regular"",""Shaft Model"":""Mitsubishi MMT 60""}","329.99","0","329.99","per_item"
"ZXI RKT HYG","Srixon ZXi RKT Hybrid","C4622877","{""Dexterity"":""Right Handed"",""Subcategory"":""6 Hybrid"",""Club Loft"":""28°"",""Shaft Flex"":""Senior"",""Shaft Model"":""Mitsubishi MMT 60""}","329.99","0","329.99","per_item"
"ZXI RKT HYG","Srixon ZXi RKT Hybrid","C4622878","{""Dexterity"":""Right Handed"",""Subcategory"":""2 Hybrid"",""Club Loft"":""17°"",""Shaft Flex"":""Senior"",""Shaft Model"":""Mitsubishi Vanquish 4""}","329.99","0","329.99","per_item"
"ZXI RKT HYG","Srixon ZXi RKT Hybrid","C4622879","{""Dexterity"":""Left Handed"",""Subcategory"":""3 Hybrid"",""Club Loft"":""19°"",""Shaft Flex"":""Senior"",""Shaft Model"":""Mitsubishi Vanquish 4""}","329.99","0","329.99","per_item"
"ZXI RKT HYG","Srixon ZXi RKT Hybrid","C4622880","{""Dexterity"":""Right Handed"",""Subcategory"":""3 Hybrid"",""Club Loft"":""19°"",""Shaft Flex"":""Senior"",""Shaft Model"":""Mitsubishi Vanquish 4""}","329.99","0","329.99","per_item"
"ZXI RKT HYG","Srixon ZXi RKT Hybrid","C4622881","{""Dexterity"":""Left Handed"",""Subcategory"":""4 Hybrid"",""Club Loft"":""22°"",""Shaft Flex"":""Senior"",""Shaft Model"":""Mitsubishi Vanquish 4""}","329.99","0","329.99","per_item"
"ZXI RKT HYG","Srixon ZXi RKT Hybrid","C4622882","{""Dexterity"":""Right Handed"",""Subcategory"":""4 Hybrid"",""Club Loft"":""22°"",""Shaft Flex"":""Senior"",""Shaft Model"":""Mitsubishi Vanquish 4""}","329.99","0","329.99","per_item"
"ZXI RKT HYG","Srixon ZXi RKT Hybrid","C4622883","{""Dexterity"":""Right Handed"",""Subcategory"":""5 Hybrid"",""Club Loft"":""25°"",""Shaft Flex"":""Senior"",""Shaft Model"":""Mitsubishi Vanquish 4""}","329.99","0","329.99","per_item"
"ZXI RKT HYG","Srixon ZXi RKT Hybrid","C4622884","{""Dexterity"":""Right Handed"",""Subcategory"":""6 Hybrid"",""Club Loft"":""28°"",""Shaft Flex"":""Senior"",""Shaft Model"":""Mitsubishi Vanquish 4""}","329.99","0","329.99","per_item"
"ZXI RKT HYG","Srixon ZXi RKT Hybrid","C4622885","{""Dexterity"":""Right Handed"",""Subcategory"":""2 Hybrid"",""Club Loft"":""17°"",""Shaft Flex"":""Senior"",""Shaft Model"":""Nippon Modus3 GOST HL""}","329.99","100","429.99","per_item"
"ZXI RKT HYG","Srixon ZXi RKT Hybrid","C4622886","{""Dexterity"":""Left Handed"",""Subcategory"":""3 Hybrid"",""Club Loft"":""19°"",""Shaft Flex"":""Senior"",""Shaft Model"":""Nippon Modus3 GOST HL""}","329.99","100","429.99","per_item"
"ZXI RKT HYG","Srixon ZXi RKT Hybrid","C4622887","{""Dexterity"":""Right Handed"",""Subcategory"":""3 Hybrid"",""Club Loft"":""19°"",""Shaft Flex"":""Senior"",""Shaft Model"":""Nippon Modus3 GOST HL""}","329.99","100","429.99","per_item"
"ZXI RKT HYG","Srixon ZXi RKT Hybrid","C4622889","{""Dexterity"":""Right Handed"",""Subcategory"":""4 Hybrid"",""Club Loft"":""22°"",""Shaft Flex"":""Senior"",""Shaft Model"":""Nippon Modus3 GOST HL""}","329.99","100","429.99","per_item"
"ZXI RKT HYG","Srixon ZXi RKT Hybrid","C4622888","{""Dexterity"":""Left Handed"",""Subcategory"":""4 Hybrid"",""Club Loft"":""22°"",""Shaft Flex"":""Senior"",""Shaft Model"":""Nippon Modus3 GOST HL""}","329.99","100","429.99","per_item"
"ZXI RKT HYG","Srixon ZXi RKT Hybrid","C4622890","{""Dexterity"":""Right Handed"",""Subcategory"":""5 Hybrid"",""Club Loft"":""25°"",""Shaft Flex"":""Senior"",""Shaft Model"":""Nippon Modus3 GOST HL""}","329.99","100","429.99","per_item"
"ZXI RKT HYG","Srixon ZXi RKT Hybrid","C4622891","{""Dexterity"":""Right Handed"",""Subcategory"":""6 Hybrid"",""Club Loft"":""28°"",""Shaft Flex"":""Senior"",""Shaft Model"":""Nippon Modus3 GOST HL""}","329.99","100","429.99","per_item"
"ZXI RKT HYG","Srixon ZXi RKT Hybrid","C4622892","{""Dexterity"":""Right Handed"",""Subcategory"":""2 Hybrid"",""Club Loft"":""17°"",""Shaft Flex"":""Stiff"",""Shaft Model"":""UST Mamiya Proforce V2 HB""}","329.99","0","329.99","per_item"
"ZXI RKT HYG","Srixon ZXi RKT Hybrid","C4622893","{""Dexterity"":""Right Handed"",""Subcategory"":""2 Hybrid"",""Club Loft"":""17°"",""Shaft Flex"":""X-Stiff"",""Shaft Model"":""UST Mamiya Proforce V2 HB""}","329.99","0","329.99","per_item"
"ZXI RKT HYG","Srixon ZXi RKT Hybrid","C4622894","{""Dexterity"":""Left Handed"",""Subcategory"":""3 Hybrid"",""Club Loft"":""19°"",""Shaft Flex"":""Stiff"",""Shaft Model"":""UST Mamiya Proforce V2 HB""}","329.99","0","329.99","per_item"
"ZXI RKT HYG","Srixon ZXi RKT Hybrid","C4622896","{""Dexterity"":""Right Handed"",""Subcategory"":""3 Hybrid"",""Club Loft"":""19°"",""Shaft Flex"":""Stiff"",""Shaft Model"":""UST Mamiya Proforce V2 HB""}","329.99","0","329.99","per_item"
"ZXI RKT HYG","Srixon ZXi RKT Hybrid","C4622895","{""Dexterity"":""Left Handed"",""Subcategory"":""3 Hybrid"",""Club Loft"":""19°"",""Shaft Flex"":""X-Stiff"",""Shaft Model"":""UST Mamiya Proforce V2 HB""}","329.99","0","329.99","per_item"
"ZXI RKT HYG","Srixon ZXi RKT Hybrid","C4622897","{""Dexterity"":""Right Handed"",""Subcategory"":""3 Hybrid"",""Club Loft"":""19°"",""Shaft Flex"":""X-Stiff"",""Shaft Model"":""UST Mamiya Proforce V2 HB""}","329.99","0","329.99","per_item"
"ZXI RKT HYG","Srixon ZXi RKT Hybrid","C4622899","{""Dexterity"":""Left Handed"",""Subcategory"":""4 Hybrid"",""Club Loft"":""22°"",""Shaft Flex"":""X-Stiff"",""Shaft Model"":""UST Mamiya Proforce V2 HB""}","329.99","0","329.99","per_item"
"ZXI RKT HYG","Srixon ZXi RKT Hybrid","C4622898","{""Dexterity"":""Left Handed"",""Subcategory"":""4 Hybrid"",""Club Loft"":""22°"",""Shaft Flex"":""Stiff"",""Shaft Model"":""UST Mamiya Proforce V2 HB""}","329.99","0","329.99","per_item"
"ZXI RKT HYG","Srixon ZXi RKT Hybrid","C4622900","{""Dexterity"":""Right Handed"",""Subcategory"":""4 Hybrid"",""Club Loft"":""22°"",""Shaft Flex"":""Stiff"",""Shaft Model"":""UST Mamiya Proforce V2 HB""}","329.99","0","329.99","per_item"
"ZXI RKT HYG","Srixon ZXi RKT Hybrid","C4622901","{""Dexterity"":""Right Handed"",""Subcategory"":""4 Hybrid"",""Club Loft"":""22°"",""Shaft Flex"":""X-Stiff"",""Shaft Model"":""UST Mamiya Proforce V2 HB""}","329.99","0","329.99","per_item"
"ZXI RKT HYG","Srixon ZXi RKT Hybrid","C4622902","{""Dexterity"":""Right Handed"",""Subcategory"":""5 Hybrid"",""Club Loft"":""25°"",""Shaft Flex"":""Stiff"",""Shaft Model"":""UST Mamiya Proforce V2 HB""}","329.99","0","329.99","per_item"
"ZXI RKT HYG","Srixon ZXi RKT Hybrid","C4622903","{""Dexterity"":""Right Handed"",""Subcategory"":""5 Hybrid"",""Club Loft"":""25°"",""Shaft Flex"":""X-Stiff"",""Shaft Model"":""UST Mamiya Proforce V2 HB""}","329.99","0","329.99","per_item"
"ZXI RKT HYG","Srixon ZXi RKT Hybrid","C4622904","{""Dexterity"":""Right Handed"",""Subcategory"":""6 Hybrid"",""Club Loft"":""28°"",""Shaft Flex"":""Stiff"",""Shaft Model"":""UST Mamiya Proforce V2 HB""}","329.99","0","329.99","per_item"
"ZXI RKT HYG","Srixon ZXi RKT Hybrid","C4622905","{""Dexterity"":""Right Handed"",""Subcategory"":""6 Hybrid"",""Club Loft"":""28°"",""Shaft Flex"":""X-Stiff"",""Shaft Model"":""UST Mamiya Proforce V2 HB""}","329.99","0","329.99","per_item"
"SHOGUN RED DST","Accra Shogun Red Driver Shaft","C4291195","{""Shaft Flex"":""Stiff"",""Shaft Weight"":""62""}","375","0","375","per_item"
"SHOGUN RED DST","Accra Shogun Red Driver Shaft","C4291196","{""Shaft Flex"":""Stiff"",""Shaft Weight"":""72""}","375","0","375","per_item"
"SHOGUN RED DST","Accra Shogun Red Driver Shaft","C4291197","{""Shaft Flex"":""X-Stiff"",""Shaft Weight"":""62""}","375","0","375","per_item"
"SHOGUN RED DST","Accra Shogun Red Driver Shaft","C4291198","{""Shaft Flex"":""X-Stiff"",""Shaft Weight"":""72""}","375","0","375","per_item"